-- phpMyAdmin SQL Dump
-- version 2.11.9.5
-- http://www.phpmyadmin.net
--
-- ä¸»æ©Ÿ: localhost
-- å»ºç«‹æ—¥æœŸ: Feb 24, 2015, 08:30 AM
-- ä¼ºæœå™¨ç‰ˆæœ¬: 5.6.15
-- PHP ç‰ˆæœ¬: 5.4.24

SET SQL_MODE="NO_AUTO_VALUE_ON_ZERO";


/*!40101 SET @OLD_CHARACTER_SET_CLIENT=@@CHARACTER_SET_CLIENT */;
/*!40101 SET @OLD_CHARACTER_SET_RESULTS=@@CHARACTER_SET_RESULTS */;
/*!40101 SET @OLD_COLLATION_CONNECTION=@@COLLATION_CONNECTION */;
/*!40101 SET NAMES utf8 */;

--
-- è³‡æ–™åº«: `inetar0_hrd`
--

-- --------------------------------------------------------

--
-- è³‡æ–™è¡¨æ ¼å¼ï¼š `ability`
--

CREATE TABLE IF NOT EXISTS `ability` (
  `ability_id` int(11) NOT NULL AUTO_INCREMENT,
  `competency_level_id` int(11) NOT NULL,
  PRIMARY KEY (`ability_id`)
) ENGINE=MyISAM  DEFAULT CHARSET=utf8 AUTO_INCREMENT=10 ;

--
-- åˆ—å‡ºä»¥ä¸‹è³‡æ–™åº«çš„æ•¸æ“šï¼š `ability`
--

INSERT INTO `ability` (`ability_id`, `competency_level_id`) VALUES
(5, 14),
(6, 14),
(7, 20),
(8, 20),
(9, 24);

-- --------------------------------------------------------

--
-- è³‡æ–™è¡¨æ ¼å¼ï¼š `account`
--

CREATE TABLE IF NOT EXISTS `account` (
  `user_name` varchar(20) NOT NULL,
  `email` varchar(20) NOT NULL
) ENGINE=MyISAM DEFAULT CHARSET=utf8;

--
-- åˆ—å‡ºä»¥ä¸‹è³‡æ–™åº«çš„æ•¸æ“šï¼š `account`
--


-- --------------------------------------------------------

--
-- è³‡æ–™è¡¨æ ¼å¼ï¼š `basis_evaluation_appraisee`
--

CREATE TABLE IF NOT EXISTS `basis_evaluation_appraisee` (
  `basis_evaluation_appraisee_id` int(11) NOT NULL AUTO_INCREMENT,
  `appraisee_uid` int(11) NOT NULL,
  `basis_evaluation_table_id` int(11) NOT NULL,
  `basis_evaluation_progress` int(11) NOT NULL,
  PRIMARY KEY (`basis_evaluation_appraisee_id`)
) ENGINE=MyISAM DEFAULT CHARSET=latin1 AUTO_INCREMENT=1 ;

--
-- åˆ—å‡ºä»¥ä¸‹è³‡æ–™åº«çš„æ•¸æ“šï¼š `basis_evaluation_appraisee`
--


-- --------------------------------------------------------

--
-- è³‡æ–™è¡¨æ ¼å¼ï¼š `basis_evaluation_evaluator`
--

CREATE TABLE IF NOT EXISTS `basis_evaluation_evaluator` (
  `basis_evaluation_evaluator_id` int(10) unsigned NOT NULL AUTO_INCREMENT,
  `basis_evaluation_appraisee_id` int(11) NOT NULL,
  `basis_evaluation_evaluator_uid` int(11) NOT NULL,
  `basis_evaluation_evaluator_relation` int(11) NOT NULL,
  PRIMARY KEY (`basis_evaluation_evaluator_id`)
) ENGINE=MyISAM DEFAULT CHARSET=latin1 AUTO_INCREMENT=1 ;

--
-- åˆ—å‡ºä»¥ä¸‹è³‡æ–™åº«çš„æ•¸æ“šï¼š `basis_evaluation_evaluator`
--


-- --------------------------------------------------------

--
-- è³‡æ–™è¡¨æ ¼å¼ï¼š `basis_evaluation_table`
--

CREATE TABLE IF NOT EXISTS `basis_evaluation_table` (
  `basis_evaluation_table_id` int(11) NOT NULL AUTO_INCREMENT,
  `basis_evaluation_table_code` varchar(30) DEFAULT NULL,
  `is_show_competency` varchar(1) NOT NULL,
  `due_date` date NOT NULL,
  `competency_model_id` int(11) NOT NULL,
  `evaluation_scale_id` int(11) NOT NULL,
  `basis_evaluation_table_status` varchar(6) NOT NULL,
  PRIMARY KEY (`basis_evaluation_table_id`)
) ENGINE=MyISAM  DEFAULT CHARSET=utf8 AUTO_INCREMENT=4 ;

--
-- åˆ—å‡ºä»¥ä¸‹è³‡æ–™åº«çš„æ•¸æ“šï¼š `basis_evaluation_table`
--

INSERT INTO `basis_evaluation_table` (`basis_evaluation_table_id`, `basis_evaluation_table_code`, `is_show_competency`, `due_date`, `competency_model_id`, `evaluation_scale_id`, `basis_evaluation_table_status`) VALUES
(3, '', 'F', '2015-01-25', 33, 0, '');

-- --------------------------------------------------------

--
-- è³‡æ–™è¡¨æ ¼å¼ï¼š `behavior`
--

CREATE TABLE IF NOT EXISTS `behavior` (
  `behavior_id` int(11) NOT NULL AUTO_INCREMENT,
  `competency_id` int(11) NOT NULL,
  `weight` decimal(10,1) NOT NULL,
  PRIMARY KEY (`behavior_id`)
) ENGINE=MyISAM  DEFAULT CHARSET=utf8 AUTO_INCREMENT=31 ;

--
-- åˆ—å‡ºä»¥ä¸‹è³‡æ–™åº«çš„æ•¸æ“šï¼š `behavior`
--

INSERT INTO `behavior` (`behavior_id`, `competency_id`, `weight`) VALUES
(17, 53, 1.0),
(15, 53, 1.0),
(16, 53, 1.0),
(19, 53, 1.0),
(20, 53, 1.0),
(21, 54, 1.0),
(22, 54, 1.0),
(23, 54, 1.0),
(24, 54, 1.0),
(25, 54, 1.0),
(26, 55, 1.0),
(27, 55, 1.0),
(28, 55, 1.0),
(29, 55, 1.0),
(30, 55, 1.0);

-- --------------------------------------------------------

--
-- è³‡æ–™è¡¨æ ¼å¼ï¼š `class_evaluation_appraisee`
--

CREATE TABLE IF NOT EXISTS `class_evaluation_appraisee` (
  `class_evaluation_appraisee_id` int(11) NOT NULL AUTO_INCREMENT,
  `appraisee_uid` int(11) NOT NULL,
  `core_competency_model_id` int(10) unsigned NOT NULL,
  `manage_competency_model_id` int(10) unsigned NOT NULL,
  `general_competency_model_id` int(10) unsigned NOT NULL,
  `professional_competency_model_id` int(10) unsigned NOT NULL,
  `class_evaluation_appraisee_stauts` varchar(3) NOT NULL DEFAULT 'EDT',
  PRIMARY KEY (`class_evaluation_appraisee_id`)
) ENGINE=MyISAM  DEFAULT CHARSET=utf8 AUTO_INCREMENT=3 ;

--
-- åˆ—å‡ºä»¥ä¸‹è³‡æ–™åº«çš„æ•¸æ“šï¼š `class_evaluation_appraisee`
--

INSERT INTO `class_evaluation_appraisee` (`class_evaluation_appraisee_id`, `appraisee_uid`, `core_competency_model_id`, `manage_competency_model_id`, `general_competency_model_id`, `professional_competency_model_id`, `class_evaluation_appraisee_stauts`) VALUES
(1, 3, 0, 0, 0, 0, 'PUB'),
(2, 8, 0, 0, 0, 0, 'EDT');

-- --------------------------------------------------------

--
-- è³‡æ–™è¡¨æ ¼å¼ï¼š `class_evaluation_competency`
--

CREATE TABLE IF NOT EXISTS `class_evaluation_competency` (
  `class_evaluation_competency_id` int(10) unsigned NOT NULL AUTO_INCREMENT,
  `class_evaluation_appraisee_id` int(11) NOT NULL,
  `competency_id` int(11) NOT NULL,
  `competency_level` int(11) NOT NULL,
  `class_evaluation_competency_status` varchar(3) NOT NULL DEFAULT 'EDT',
  `due_date` date NOT NULL,
  PRIMARY KEY (`class_evaluation_competency_id`)
) ENGINE=MyISAM  DEFAULT CHARSET=latin1 AUTO_INCREMENT=6 ;

--
-- åˆ—å‡ºä»¥ä¸‹è³‡æ–™åº«çš„æ•¸æ“šï¼š `class_evaluation_competency`
--

INSERT INTO `class_evaluation_competency` (`class_evaluation_competency_id`, `class_evaluation_appraisee_id`, `competency_id`, `competency_level`, `class_evaluation_competency_status`, `due_date`) VALUES
(4, 2, 56, 5, 'REV', '0000-00-00'),
(5, 1, 63, 3, 'REV', '0000-00-00');

-- --------------------------------------------------------

--
-- è³‡æ–™è¡¨æ ¼å¼ï¼š `class_evaluation_evaluator`
--

CREATE TABLE IF NOT EXISTS `class_evaluation_evaluator` (
  `class_evaluation_evaluator_id` int(10) unsigned NOT NULL AUTO_INCREMENT,
  `class_evaluation_competency_id` int(11) NOT NULL,
  `user_id` int(11) NOT NULL,
  `weight` int(10) NOT NULL DEFAULT '0',
  `class_evaluation_evaluator_status` varchar(3) CHARACTER SET utf8 NOT NULL DEFAULT 'EDT' COMMENT 'EDT/REW/PAS',
  PRIMARY KEY (`class_evaluation_evaluator_id`)
) ENGINE=MyISAM  DEFAULT CHARSET=latin1 AUTO_INCREMENT=12 ;

--
-- åˆ—å‡ºä»¥ä¸‹è³‡æ–™åº«çš„æ•¸æ“šï¼š `class_evaluation_evaluator`
--

INSERT INTO `class_evaluation_evaluator` (`class_evaluation_evaluator_id`, `class_evaluation_competency_id`, `user_id`, `weight`, `class_evaluation_evaluator_status`) VALUES
(4, 4, 10, 20, 'EDT'),
(2, 4, 11, 70, 'PAS'),
(6, 4, 7, 10, 'EDT'),
(7, 5, 10, 100, 'EDT');

-- --------------------------------------------------------

--
-- è³‡æ–™è¡¨æ ¼å¼ï¼š `competency`
--

CREATE TABLE IF NOT EXISTS `competency` (
  `competency_id` int(10) unsigned NOT NULL AUTO_INCREMENT,
  `competency_type` varchar(10) NOT NULL,
  `competency_method` varchar(30) NOT NULL,
  `competency_model_id` int(10) NOT NULL,
  `competency_weight` decimal(10,1) NOT NULL DEFAULT '1.0',
  PRIMARY KEY (`competency_id`)
) ENGINE=MyISAM  DEFAULT CHARSET=utf8 AUTO_INCREMENT=65 ;

--
-- åˆ—å‡ºä»¥ä¸‹è³‡æ–™åº«çš„æ•¸æ“šï¼š `competency`
--

INSERT INTO `competency` (`competency_id`, `competency_type`, `competency_method`, `competency_model_id`, `competency_weight`) VALUES
(53, 'M', 'B', 33, 1.0),
(54, 'M', 'B', 33, 1.0),
(55, 'M', 'B', 33, 1.0),
(56, 'P', 'C', 34, 0.0),
(57, 'P', 'C', 34, 0.0),
(58, 'P', 'C', 34, 0.0),
(59, 'P', 'C', 34, 0.0),
(60, 'P', 'C', 34, 0.0),
(61, 'P', 'C', 34, 0.0),
(62, 'P', 'C', 34, 0.0),
(63, 'M', 'C', 35, 0.0),
(64, 'M', 'C', 35, 0.0);

-- --------------------------------------------------------

--
-- è³‡æ–™è¡¨æ ¼å¼ï¼š `competency_evaluation`
--

CREATE TABLE IF NOT EXISTS `competency_evaluation` (
  `competency_evaluation_id` int(11) NOT NULL AUTO_INCREMENT,
  `competency_level_id` int(11) NOT NULL,
  PRIMARY KEY (`competency_evaluation_id`)
) ENGINE=MyISAM  DEFAULT CHARSET=utf8 AUTO_INCREMENT=12 ;

--
-- åˆ—å‡ºä»¥ä¸‹è³‡æ–™åº«çš„æ•¸æ“šï¼š `competency_evaluation`
--

INSERT INTO `competency_evaluation` (`competency_evaluation_id`, `competency_level_id`) VALUES
(7, 14),
(8, 20),
(9, 21),
(10, 22),
(11, 24);

-- --------------------------------------------------------

--
-- è³‡æ–™è¡¨æ ¼å¼ï¼š `competency_level`
--

CREATE TABLE IF NOT EXISTS `competency_level` (
  `competency_level_id` int(11) NOT NULL AUTO_INCREMENT,
  `competency_id` int(11) NOT NULL,
  `competency_level` int(11) NOT NULL,
  PRIMARY KEY (`competency_level_id`)
) ENGINE=MyISAM  DEFAULT CHARSET=utf8 AUTO_INCREMENT=30 ;

--
-- åˆ—å‡ºä»¥ä¸‹è³‡æ–™åº«çš„æ•¸æ“šï¼š `competency_level`
--

INSERT INTO `competency_level` (`competency_level_id`, `competency_id`, `competency_level`) VALUES
(14, 0, 1),
(18, 0, 3),
(17, 0, 2),
(19, 0, 4),
(20, 56, 1),
(21, 56, 2),
(22, 56, 3),
(23, 56, 4),
(24, 56, 5),
(25, 63, 1),
(26, 63, 2),
(27, 63, 3),
(28, 63, 4),
(29, 63, 5);

-- --------------------------------------------------------

--
-- è³‡æ–™è¡¨æ ¼å¼ï¼š `competency_model`
--

CREATE TABLE IF NOT EXISTS `competency_model` (
  `competency_model_id` int(11) NOT NULL AUTO_INCREMENT,
  `competency_model_count` int(11) NOT NULL,
  `competency_model_type` varchar(10) NOT NULL,
  `competency_model_method` varchar(10) NOT NULL COMMENT '¤À¯Å¨î©Î°ò·Ç¨î',
  PRIMARY KEY (`competency_model_id`)
) ENGINE=MyISAM  DEFAULT CHARSET=utf8 AUTO_INCREMENT=36 ;

--
-- åˆ—å‡ºä»¥ä¸‹è³‡æ–™åº«çš„æ•¸æ“šï¼š `competency_model`
--

INSERT INTO `competency_model` (`competency_model_id`, `competency_model_count`, `competency_model_type`, `competency_model_method`) VALUES
(33, 3, 'M', 'B'),
(34, 7, 'P', 'C'),
(35, 2, 'M', 'C');

-- --------------------------------------------------------

--
-- è³‡æ–™è¡¨æ ¼å¼ï¼š `competency_model_standard`
--

CREATE TABLE IF NOT EXISTS `competency_model_standard` (
  `competency_model_id` int(11) NOT NULL,
  `update_date` datetime NOT NULL,
  `maintainer_uid` int(11) NOT NULL,
  PRIMARY KEY (`competency_model_id`),
  UNIQUE KEY `competency_model_id` (`competency_model_id`)
) ENGINE=MyISAM DEFAULT CHARSET=latin1;

--
-- åˆ—å‡ºä»¥ä¸‹è³‡æ–™åº«çš„æ•¸æ“šï¼š `competency_model_standard`
--

INSERT INTO `competency_model_standard` (`competency_model_id`, `update_date`, `maintainer_uid`) VALUES
(34, '0000-00-00 00:00:00', 0),
(35, '0000-00-00 00:00:00', 0);

-- --------------------------------------------------------

--
-- è³‡æ–™è¡¨æ ¼å¼ï¼š `course_property`
--

CREATE TABLE IF NOT EXISTS `course_property` (
  `course_id` int(11) unsigned NOT NULL AUTO_INCREMENT,
  `course_code` varchar(20) NOT NULL,
  `catalog_id` int(11) NOT NULL,
  `competency_level_id` int(11) NOT NULL,
  PRIMARY KEY (`course_id`)
) ENGINE=MyISAM  DEFAULT CHARSET=utf8 AUTO_INCREMENT=54 ;

--
-- åˆ—å‡ºä»¥ä¸‹è³‡æ–™åº«çš„æ•¸æ“šï¼š `course_property`
--

INSERT INTO `course_property` (`course_id`, `course_code`, `catalog_id`, `competency_level_id`) VALUES
(52, '', 0, 14),
(53, '', 0, 14);

-- --------------------------------------------------------

--
-- è³‡æ–™è¡¨æ ¼å¼ï¼š `evaluation_relation`
--

CREATE TABLE IF NOT EXISTS `evaluation_relation` (
  `evaluation_relation_id` int(11) NOT NULL AUTO_INCREMENT,
  `evaluation_relation_code` varchar(10) NOT NULL,
  PRIMARY KEY (`evaluation_relation_id`)
) ENGINE=MyISAM DEFAULT CHARSET=utf8 AUTO_INCREMENT=1 ;

--
-- åˆ—å‡ºä»¥ä¸‹è³‡æ–™åº«çš„æ•¸æ“šï¼š `evaluation_relation`
--


-- --------------------------------------------------------

--
-- è³‡æ–™è¡¨æ ¼å¼ï¼š `evaluation_scale`
--

CREATE TABLE IF NOT EXISTS `evaluation_scale` (
  `evaluation_scale_id` int(11) NOT NULL AUTO_INCREMENT,
  `evaluation_scale_item_count` int(11) NOT NULL,
  `evaluation_scale_basis` decimal(10,2) NOT NULL,
  `evaluation_scale_status` varchar(10) DEFAULT NULL,
  PRIMARY KEY (`evaluation_scale_id`)
) ENGINE=MyISAM DEFAULT CHARSET=latin1 AUTO_INCREMENT=1 ;

--
-- åˆ—å‡ºä»¥ä¸‹è³‡æ–™åº«çš„æ•¸æ“šï¼š `evaluation_scale`
--


-- --------------------------------------------------------

--
-- è³‡æ–™è¡¨æ ¼å¼ï¼š `evaluation_scale_item`
--

CREATE TABLE IF NOT EXISTS `evaluation_scale_item` (
  `evaluation_scale_item_id` int(11) NOT NULL AUTO_INCREMENT,
  `evaluation_scale_id` int(11) NOT NULL,
  `evaluation_scale_item_sort` int(11) NOT NULL,
  `evaluation_scale_item_grade` int(11) NOT NULL,
  `evaluation_scale_item_self` varchar(1) CHARACTER SET latin1 NOT NULL DEFAULT 'T',
  PRIMARY KEY (`evaluation_scale_item_id`)
) ENGINE=MyISAM DEFAULT CHARSET=utf8 AUTO_INCREMENT=1 ;

--
-- åˆ—å‡ºä»¥ä¸‹è³‡æ–™åº«çš„æ•¸æ“šï¼š `evaluation_scale_item`
--


-- --------------------------------------------------------

--
-- è³‡æ–™è¡¨æ ¼å¼ï¼š `groups`
--

CREATE TABLE IF NOT EXISTS `groups` (
  `groups_id` int(10) unsigned NOT NULL AUTO_INCREMENT,
  `groups_code` varchar(20) CHARACTER SET utf8 NOT NULL,
  PRIMARY KEY (`groups_id`)
) ENGINE=MyISAM DEFAULT CHARSET=latin1 AUTO_INCREMENT=1 ;

--
-- åˆ—å‡ºä»¥ä¸‹è³‡æ–™åº«çš„æ•¸æ“šï¼š `groups`
--


-- --------------------------------------------------------

--
-- è³‡æ–™è¡¨æ ¼å¼ï¼š `group_member`
--

CREATE TABLE IF NOT EXISTS `group_member` (
  `group_member_id` int(10) unsigned NOT NULL AUTO_INCREMENT,
  `group_id` int(10) unsigned NOT NULL,
  `user_id` int(10) unsigned NOT NULL,
  `role` varchar(3) NOT NULL,
  PRIMARY KEY (`group_member_id`)
) ENGINE=MyISAM DEFAULT CHARSET=utf8 AUTO_INCREMENT=1 ;

--
-- åˆ—å‡ºä»¥ä¸‹è³‡æ–™åº«çš„æ•¸æ“šï¼š `group_member`
--


-- --------------------------------------------------------

--
-- è³‡æ–™è¡¨æ ¼å¼ï¼š `group_property`
--

CREATE TABLE IF NOT EXISTS `group_property` (
  `group_id` int(10) unsigned NOT NULL AUTO_INCREMENT,
  `group_type` varchar(3) NOT NULL COMMENT 'S:ç³»çµ± D:éƒ¨é–€ N:ä¸€èˆ¬',
  `group_title` varchar(30) NOT NULL,
  `group_parent_id` int(10) unsigned NOT NULL,
  `group_code` varchar(30) NOT NULL,
  `group_level` int(11) NOT NULL,
  `company_id` int(11) NOT NULL,
  PRIMARY KEY (`group_id`)
) ENGINE=MyISAM  DEFAULT CHARSET=utf8 AUTO_INCREMENT=3 ;

--
-- åˆ—å‡ºä»¥ä¸‹è³‡æ–™åº«çš„æ•¸æ“šï¼š `group_property`
--

INSERT INTO `group_property` (`group_id`, `group_type`, `group_title`, `group_parent_id`, `group_code`, `group_level`, `company_id`) VALUES
(1, 'dep', '', 0, '', 0, 1),
(2, 'dep', '', 1, '', 0, 1);

-- --------------------------------------------------------

--
-- è³‡æ–™è¡¨æ ¼å¼ï¼š `job`
--

CREATE TABLE IF NOT EXISTS `job` (
  `job_id` int(10) unsigned NOT NULL AUTO_INCREMENT,
  `job_family_id` int(10) unsigned DEFAULT NULL COMMENT 'è·ç³»',
  `job_level` int(10) unsigned DEFAULT NULL COMMENT 'è·ç­‰',
  `job_type_id` int(10) unsigned DEFAULT NULL COMMENT 'å·¥ä½œé¡åˆ¥',
  `core_competency_model_id` int(10) unsigned DEFAULT NULL,
  `manage_competency_model_id` int(11) unsigned DEFAULT NULL,
  `general_competency_model_id` int(11) unsigned DEFAULT NULL,
  `professional_competency_model_id` int(11) unsigned DEFAULT NULL,
  PRIMARY KEY (`job_id`)
) ENGINE=MyISAM  DEFAULT CHARSET=utf8 AUTO_INCREMENT=39 ;

--
-- åˆ—å‡ºä»¥ä¸‹è³‡æ–™åº«çš„æ•¸æ“šï¼š `job`
--

INSERT INTO `job` (`job_id`, `job_family_id`, `job_level`, `job_type_id`, `core_competency_model_id`, `manage_competency_model_id`, `general_competency_model_id`, `professional_competency_model_id`) VALUES
(13, 6, 3, 5, NULL, 35, NULL, 0),
(14, 6, 3, 5, NULL, 33, NULL, 0),
(15, 6, 4, 0, NULL, NULL, NULL, 0),
(16, 6, 5, 0, NULL, NULL, NULL, 0),
(17, 6, 6, 0, NULL, NULL, NULL, 0),
(18, 6, 7, 0, NULL, NULL, NULL, 0),
(19, 7, 3, 0, NULL, NULL, NULL, 0),
(20, 7, 3, 0, NULL, NULL, NULL, 0),
(25, 7, 6, 0, NULL, NULL, NULL, 0),
(26, 8, 2, 0, NULL, NULL, NULL, 0),
(27, 8, 3, 0, NULL, NULL, NULL, 0),
(28, 8, 3, 0, NULL, NULL, NULL, 0),
(29, 8, 4, 0, NULL, NULL, NULL, 0),
(30, 8, 4, 0, NULL, NULL, NULL, 0),
(31, 8, 5, 0, NULL, NULL, NULL, 0),
(32, 8, 5, 0, NULL, NULL, NULL, 0),
(33, 8, 6, 0, NULL, NULL, NULL, 0),
(34, 0, 0, 0, NULL, NULL, NULL, 0),
(35, 7, 4, 0, NULL, NULL, NULL, 34),
(36, 7, 4, 0, NULL, NULL, NULL, 34),
(37, 7, 5, 0, NULL, NULL, NULL, 34),
(38, 7, 5, 7, NULL, NULL, NULL, 34);

-- --------------------------------------------------------

--
-- è³‡æ–™è¡¨æ ¼å¼ï¼š `job_competency`
--

CREATE TABLE IF NOT EXISTS `job_competency` (
  `job_competency_id` int(11) NOT NULL AUTO_INCREMENT,
  `job_id` int(11) NOT NULL,
  `competency_id` int(11) NOT NULL,
  `level` int(11) NOT NULL,
  PRIMARY KEY (`job_competency_id`)
) ENGINE=MyISAM  DEFAULT CHARSET=latin1 AUTO_INCREMENT=40 ;

--
-- åˆ—å‡ºä»¥ä¸‹è³‡æ–™åº«çš„æ•¸æ“šï¼š `job_competency`
--

INSERT INTO `job_competency` (`job_competency_id`, `job_id`, `competency_id`, `level`) VALUES
(10, 35, 56, 3),
(11, 35, 57, 2),
(12, 35, 58, 3),
(13, 35, 59, 3),
(14, 35, 60, 2),
(15, 35, 61, 2),
(16, 35, 62, 3),
(17, 36, 56, 3),
(18, 36, 57, 4),
(19, 36, 58, 3),
(20, 36, 59, 3),
(21, 36, 60, 2),
(22, 36, 61, 3),
(23, 36, 62, 3),
(24, 37, 56, 1),
(25, 37, 57, 1),
(26, 37, 58, 1),
(27, 37, 59, 1),
(28, 37, 60, 1),
(29, 37, 61, 2),
(30, 37, 62, 2),
(31, 38, 56, 5),
(32, 38, 57, 5),
(33, 38, 58, 1),
(34, 38, 59, 2),
(35, 38, 60, 3),
(36, 38, 61, 5),
(37, 38, 62, 5),
(38, 13, 63, 3),
(39, 13, 64, 2);

-- --------------------------------------------------------

--
-- è³‡æ–™è¡¨æ ¼å¼ï¼š `job_family`
--

CREATE TABLE IF NOT EXISTS `job_family` (
  `job_family_id` int(11) NOT NULL AUTO_INCREMENT,
  `company_id` int(11) NOT NULL,
  PRIMARY KEY (`job_family_id`)
) ENGINE=MyISAM  DEFAULT CHARSET=utf8 AUTO_INCREMENT=14 ;

--
-- åˆ—å‡ºä»¥ä¸‹è³‡æ–™åº«çš„æ•¸æ“šï¼š `job_family`
--

INSERT INTO `job_family` (`job_family_id`, `company_id`) VALUES
(6, 1),
(7, 1),
(8, 1),
(9, 1),
(10, 1),
(11, 1),
(12, 1),
(13, 1);

-- --------------------------------------------------------

--
-- è³‡æ–™è¡¨æ ¼å¼ï¼š `job_type`
--

CREATE TABLE IF NOT EXISTS `job_type` (
  `job_type_id` int(11) NOT NULL AUTO_INCREMENT,
  `job_type_code` varchar(10) NOT NULL,
  PRIMARY KEY (`job_type_id`)
) ENGINE=MyISAM  DEFAULT CHARSET=latin1 AUTO_INCREMENT=8 ;

--
-- åˆ—å‡ºä»¥ä¸‹è³‡æ–™åº«çš„æ•¸æ“šï¼š `job_type`
--

INSERT INTO `job_type` (`job_type_id`, `job_type_code`) VALUES
(5, ''),
(6, ''),
(7, '');

-- --------------------------------------------------------

--
-- è³‡æ–™è¡¨æ ¼å¼ï¼š `majoy_company`
--

CREATE TABLE IF NOT EXISTS `majoy_company` (
  `majoy_company_id` int(11) NOT NULL AUTO_INCREMENT,
  `company_id` int(11) NOT NULL,
  `user_id` int(11) NOT NULL,
  `is_update` int(1) DEFAULT NULL,
  PRIMARY KEY (`majoy_company_id`)
) ENGINE=MyISAM DEFAULT CHARSET=latin1 AUTO_INCREMENT=1 ;

--
-- åˆ—å‡ºä»¥ä¸‹è³‡æ–™åº«çš„æ•¸æ“šï¼š `majoy_company`
--


-- --------------------------------------------------------

--
-- è³‡æ–™è¡¨æ ¼å¼ï¼š `org_company`
--

CREATE TABLE IF NOT EXISTS `org_company` (
  `company_id` int(11) NOT NULL AUTO_INCREMENT,
  `groups_id` int(11) NOT NULL,
  `company_code` varchar(20) CHARACTER SET utf8 NOT NULL,
  PRIMARY KEY (`company_id`)
) ENGINE=MyISAM DEFAULT CHARSET=latin1 AUTO_INCREMENT=1 ;

--
-- åˆ—å‡ºä»¥ä¸‹è³‡æ–™åº«çš„æ•¸æ“šï¼š `org_company`
--


-- --------------------------------------------------------

--
-- è³‡æ–™è¡¨æ ¼å¼ï¼š `term`
--

CREATE TABLE IF NOT EXISTS `term` (
  `term_id` int(10) unsigned NOT NULL AUTO_INCREMENT,
  `term_title` varchar(50) NOT NULL,
  `depend_on_id` int(10) NOT NULL,
  `term_language` varchar(10) NOT NULL,
  `term_content` varchar(100) NOT NULL,
  PRIMARY KEY (`term_id`)
) ENGINE=MyISAM  DEFAULT CHARSET=utf8 AUTO_INCREMENT=763 ;

--
-- åˆ—å‡ºä»¥ä¸‹è³‡æ–™åº«çš„æ•¸æ“šï¼š `term`
--

INSERT INTO `term` (`term_id`, `term_title`, `depend_on_id`, `term_language`, `term_content`) VALUES
(496, 'competency_model_title', 33, 'tw', 'ä¸­å±¤ç®¡ç†è·èƒ½æ¨¡å‹'),
(497, 'competency_model_title', 33, 'cn', 'ä¸­å±¤ç®¡ç†è·èƒ½æ¨¡å‹'),
(498, 'competency_model_title', 33, 'en', ''),
(499, 'competency_title', 53, 'tw', 'ç›®æ¨™è¨­å®š'),
(500, 'competency_title', 53, 'cn', 'ç›®æ ‡è®¾å®š'),
(501, 'competency_title', 53, 'en', ''),
(502, 'competency_title', 54, 'tw', 'è¨ˆç•«çµ„ç¹”'),
(503, 'competency_title', 54, 'cn', 'è®¡åˆ’ç»„ç»‡'),
(504, 'competency_title', 54, 'en', ''),
(505, 'competency_title', 55, 'tw', 'åœ˜éšŠå»ºç«‹'),
(506, 'competency_title', 55, 'cn', 'å›¢é˜Ÿå»ºç«‹'),
(507, 'competency_title', 55, 'en', ''),
(508, 'training_teacher', 19, 'tw', 'æ—é›™æ¡‚'),
(509, 'training_teacher', 19, 'cn', ''),
(510, 'training_teacher', 19, 'en', ''),
(511, 'course_title', 52, 'tw', 'åœ˜éšŠç›®æ¨™è¨­å®šæŠ€å·§'),
(512, 'course_title', 52, 'cn', ''),
(513, 'course_title', 52, 'en', ''),
(514, 'course_title', 53, 'tw', 'ç›®æ¨™è¨­å®šå¯¦å‹™ç ”ç¿’'),
(515, 'course_title', 53, 'cn', ''),
(516, 'course_title', 53, 'en', ''),
(517, 'competency_model_title', 0, 'tw', 'è³‡è¨Šå°ˆæ¥­è·èƒ½æ¨¡å‹'),
(518, 'competency_model_title', 0, 'cn', ''),
(519, 'competency_model_title', 0, 'en', ''),
(520, 'competency_model_title', 34, 'tw', 'è³‡è¨Šå°ˆæ¥­è·èƒ½æ¨¡å‹'),
(521, 'competency_model_title', 34, 'cn', ''),
(522, 'competency_model_title', 34, 'en', ''),
(523, 'competency_model_title', 0, 'tw', 'æ¸¬è©¦å°ˆæ¥­è·èƒ½æ¨¡å‹'),
(524, 'competency_model_title', 0, 'cn', ''),
(525, 'competency_model_title', 0, 'en', ''),
(526, 'competency_title', 56, 'tw', 'ç³»çµ±æ•´åˆèˆ‡å°å…¥'),
(527, 'competency_title', 56, 'cn', ''),
(528, 'competency_title', 56, 'en', ''),
(529, 'competency_title', 57, 'tw', 'ç³»çµ±åˆ†æ'),
(530, 'competency_title', 57, 'cn', ''),
(531, 'competency_title', 57, 'en', ''),
(532, 'competency_title', 58, 'tw', 'ç¨‹å¼è¨­è¨ˆèƒ½åŠ›-ç¨‹åºå°å‘'),
(533, 'competency_title', 58, 'cn', ''),
(534, 'competency_title', 58, 'en', ''),
(535, 'competency_title', 59, 'tw', 'ç¨‹å¼è¨­è¨ˆèƒ½åŠ›-ç‰©ä»¶å°å‘'),
(536, 'competency_title', 59, 'cn', ''),
(537, 'competency_title', 59, 'en', ''),
(538, 'competency_title', 60, 'tw', 'ä½œæ¥­ç³»çµ±ç®¡ç†'),
(539, 'competency_title', 60, 'cn', ''),
(540, 'competency_title', 60, 'en', ''),
(541, 'competency_title', 61, 'tw', 'ç¶²è·¯å»ºç½®ç¶­è­·'),
(542, 'competency_title', 61, 'cn', ''),
(543, 'competency_title', 61, 'en', ''),
(544, 'competency_title', 62, 'tw', 'è³‡è¨Šå®‰å…¨ç®¡ç†'),
(545, 'competency_title', 62, 'cn', ''),
(546, 'competency_title', 62, 'en', ''),
(547, 'competency_level_title', 14, 'tw', 'åŸºç¤'),
(548, 'competency_level_title', 14, 'cn', ''),
(549, 'competency_level_title', 14, 'en', ''),
(550, 'competency_level_title', 17, 'tw', 'ç²¾é€š'),
(551, 'competency_level_title', 17, 'cn', ''),
(552, 'competency_level_title', 17, 'en', ''),
(553, 'competency_level_title', 18, 'tw', 'ç²¾é€²'),
(554, 'competency_level_title', 18, 'cn', ''),
(555, 'competency_level_title', 18, 'en', ''),
(556, 'competency_level_title', 19, 'tw', 'å°ˆå®¶'),
(557, 'competency_level_title', 19, 'cn', ''),
(558, 'competency_level_title', 19, 'en', ''),
(559, 'ability_title', 5, 'tw', 'åŸºç¤'),
(560, 'ability_title', 5, 'cn', ''),
(561, 'ability_title', 5, 'en', ''),
(562, 'ability_title', 6, 'tw', 'åŸºç¤'),
(563, 'ability_title', 6, 'cn', ''),
(564, 'ability_title', 6, 'en', ''),
(565, 'job_family_title', 6, 'tw', 'æ¥­å‹™'),
(566, 'job_family_title', 6, 'cn', ''),
(567, 'job_family_title', 6, 'en', ''),
(568, 'job_type_title', 5, 'tw', 'ç”ŸæŠ€'),
(569, 'job_type_title', 5, 'cn', ''),
(570, 'job_type_title', 5, 'en', ''),
(571, 'job_type_title', 6, 'tw', 'å·¥ç¨‹'),
(572, 'job_type_title', 6, 'cn', ''),
(573, 'job_type_title', 6, 'en', ''),
(574, 'job_type_title', 7, 'tw', 'é–‹ç™¼'),
(575, 'job_type_title', 7, 'cn', ''),
(576, 'job_type_title', 7, 'en', ''),
(577, 'job_family_title', 7, 'tw', 'å·¥ç¨‹å¸«'),
(578, 'job_family_title', 7, 'cn', ''),
(579, 'job_family_title', 7, 'en', ''),
(580, 'job_family_title', 8, 'tw', 'è¡Œæ”¿'),
(581, 'job_family_title', 8, 'cn', ''),
(582, 'job_family_title', 8, 'en', ''),
(583, 'job_family_title', 9, 'tw', 'æ¸¬è©¦å“¡'),
(584, 'job_family_title', 9, 'cn', ''),
(585, 'job_family_title', 9, 'en', ''),
(586, 'job_family_title', 10, 'tw', 'å¤–å‹™å“¡'),
(587, 'job_family_title', 10, 'cn', ''),
(588, 'job_family_title', 10, 'en', ''),
(589, 'job_family_title', 11, 'tw', 'æª¢é©—å“¡'),
(590, 'job_family_title', 11, 'cn', ''),
(591, 'job_family_title', 11, 'en', ''),
(592, 'job_title', 13, 'tw', 'åŠ©ç†æ¥­å‹™å“¡'),
(593, 'job_title', 13, 'cn', ''),
(594, 'job_title', 13, 'en', ''),
(595, 'job_title', 14, 'tw', 'æ¥­å‹™å“¡'),
(596, 'job_title', 14, 'cn', ''),
(597, 'job_title', 14, 'en', ''),
(598, 'job_title', 15, 'tw', 'ä¸€ç´šæ¥­å‹™å“¡'),
(599, 'job_title', 15, 'cn', ''),
(600, 'job_title', 15, 'en', ''),
(601, 'job_title', 16, 'tw', 'é«˜ç´šæ¥­å‹™å“¡'),
(602, 'job_title', 16, 'cn', ''),
(603, 'job_title', 16, 'en', ''),
(604, 'job_title', 17, 'tw', 'å¸«ç´šæ¥­å‹™å“¡'),
(605, 'job_title', 17, 'cn', ''),
(606, 'job_title', 17, 'en', ''),
(607, 'job_title', 18, 'tw', 'è³‡æ·±æ¥­å‹™å“¡'),
(608, 'job_title', 18, 'cn', ''),
(609, 'job_title', 18, 'en', ''),
(610, 'job_title', 19, 'tw', 'åˆç´šå·¥ç¨‹å¸«'),
(611, 'job_title', 19, 'cn', ''),
(612, 'job_title', 19, 'en', ''),
(613, 'job_title', 20, 'tw', 'åŠ©ç†å·¥ç¨‹å¸«'),
(614, 'job_title', 20, 'cn', ''),
(615, 'job_title', 20, 'en', ''),
(616, 'job_title', 21, 'tw', 'å·¥ç¨‹å¸«'),
(617, 'job_title', 21, 'cn', ''),
(618, 'job_title', 21, 'en', ''),
(619, 'job_title', 22, 'tw', 'äºŒç´šå·¥ç¨‹å¸«'),
(620, 'job_title', 22, 'cn', ''),
(621, 'job_title', 22, 'en', ''),
(622, 'job_title', 23, 'tw', 'ä¸€ç´šå·¥ç¨‹å¸«'),
(623, 'job_title', 23, 'cn', ''),
(624, 'job_title', 23, 'en', ''),
(625, 'job_title', 24, 'tw', 'é«˜ç´šå·¥ç¨‹å¸«'),
(626, 'job_title', 24, 'cn', ''),
(627, 'job_title', 24, 'en', ''),
(628, 'job_title', 25, 'tw', 'è³‡æ·±å·¥ç¨‹å¸«'),
(629, 'job_title', 25, 'cn', ''),
(630, 'job_title', 25, 'en', ''),
(631, 'job_title', 26, 'tw', 'è¡Œæ”¿åŠ©ç†'),
(632, 'job_title', 26, 'cn', ''),
(633, 'job_title', 26, 'en', ''),
(634, 'job_title', 27, 'tw', 'åˆç´šç®¡ç†å¸«'),
(635, 'job_title', 27, 'cn', ''),
(636, 'job_title', 27, 'en', ''),
(637, 'job_title', 28, 'tw', 'åŠ©ç†ç®¡ç†å¸«'),
(638, 'job_title', 28, 'cn', ''),
(639, 'job_title', 28, 'en', ''),
(640, 'job_title', 29, 'tw', 'ç®¡ç†å¸«'),
(641, 'job_title', 29, 'cn', ''),
(642, 'job_title', 29, 'en', ''),
(643, 'job_title', 30, 'tw', 'äºŒç´šç®¡ç†å¸«'),
(644, 'job_title', 30, 'cn', ''),
(645, 'job_title', 30, 'en', ''),
(646, 'job_title', 31, 'tw', 'ä¸€ç´šç®¡ç†å¸«'),
(647, 'job_title', 31, 'cn', ''),
(648, 'job_title', 31, 'en', ''),
(649, 'job_title', 32, 'tw', 'é«˜ç´šç®¡ç†å¸«'),
(650, 'job_title', 32, 'cn', ''),
(651, 'job_title', 32, 'en', ''),
(652, 'job_title', 33, 'tw', 'è³‡æ·±ç®¡ç†å¸«'),
(653, 'job_title', 33, 'cn', ''),
(654, 'job_title', 33, 'en', ''),
(655, 'job_title', 34, 'tw', ''),
(656, 'job_title', 34, 'cn', ''),
(657, 'job_title', 34, 'en', ''),
(658, 'job_title', 35, 'tw', 'å·¥ç¨‹å¸«'),
(659, 'job_title', 35, 'cn', ''),
(660, 'job_title', 35, 'en', ''),
(661, 'job_title', 36, 'tw', 'äºŒç´šå·¥ç¨‹å¸«'),
(662, 'job_title', 36, 'cn', ''),
(663, 'job_title', 36, 'en', ''),
(664, 'job_title', 37, 'tw', 'ä¸€ç´šå·¥ç¨‹å¸«'),
(665, 'job_title', 37, 'cn', ''),
(666, 'job_title', 37, 'en', ''),
(667, 'job_title', 38, 'tw', 'é«˜ç´šå·¥ç¨‹å¸«'),
(668, 'job_title', 38, 'cn', ''),
(669, 'job_title', 38, 'en', ''),
(670, 'b_evalu_table_title', 3, 'tw', 'ä¸­å±¤ç®¡ç†è·èƒ½è©•é‘‘è¡¨'),
(671, 'b_evalu_table_title', 3, 'cn', ''),
(672, 'b_evalu_table_title', 3, 'en', ''),
(673, 'group_title', 0, 'tw', 'æ¥­å‹™éƒ¨'),
(674, 'group_title', 0, 'cn', ''),
(675, 'group_title', 0, 'en', ''),
(676, 'group_title', 0, 'tw', 'ç ”ç™¼éƒ¨é–€'),
(677, 'group_title', 0, 'cn', ''),
(678, 'group_title', 0, 'en', ''),
(679, 'group_title', 0, 'tw', 'è¨€'),
(680, 'group_title', 0, 'cn', ''),
(681, 'group_title', 0, 'en', ''),
(682, 'group_title', 0, 'tw', '1'),
(683, 'group_title', 0, 'cn', ''),
(684, 'group_title', 0, 'en', ''),
(685, 'group_title', 1, 'tw', 'è‘£äº‹æœƒ'),
(686, 'group_title', 1, 'cn', ''),
(687, 'group_title', 1, 'en', ''),
(688, 'group_title', 2, 'tw', 'ç ”ç™¼éƒ¨'),
(689, 'group_title', 2, 'cn', ''),
(690, 'group_title', 2, 'en', ''),
(691, 'job_family_title', 12, 'tw', 'ç´„è˜äººå“¡'),
(692, 'job_family_title', 12, 'cn', ''),
(693, 'job_family_title', 12, 'en', ''),
(694, 'job_family_title', 13, 'tw', 'è‡¨æ™‚å·¥'),
(695, 'job_family_title', 13, 'cn', ''),
(696, 'job_family_title', 13, 'en', ''),
(697, 'competency_level_title', 20, 'tw', '1.ç†Ÿæ‚‰ä¼æ¥­çµ„ç¹”åŠæ¥­å‹™æµç¨‹ 2.æª¢å®šæˆ–ç¶“é©—å…·ä¸‹åˆ—è‡³å°‘ä¸€é …    a.åƒèˆ‡æ¨¡çµ„å°å…¥ç¶“é©—    b.é¡§å•èªè­‰åˆæ ¼    c.å…§è¨“é€šéæª¢å®š'),
(698, 'competency_level_title', 20, 'cn', ''),
(699, 'competency_level_title', 20, 'en', ''),
(700, 'competency_level_title', 21, 'tw', '1.ç¶­è­·èƒ½åŠ›å…·ä¸‹åˆ—è‡³å°‘ä¸€é …   a.æ¨¡çµ„ç¶­è­·æ»¿12å€‹æœˆä»¥ä¸Šç¶“é©—   b.é¡§å•èªè­‰åˆæ ¼ä¸”æ¨¡çµ„ç¶­è­·æ»¿      6å€‹æœˆä»¥ä¸Š'),
(701, 'competency_level_title', 21, 'cn', ''),
(702, 'competency_level_title', 21, 'en', ''),
(703, 'competency_level_title', 22, 'tw', 'éœ€æ±‚è¦åŠƒèƒ½åŠ›    (ERPæˆ–BPM/BI/BPC)'),
(704, 'competency_level_title', 22, 'cn', ''),
(705, 'competency_level_title', 22, 'en', ''),
(706, 'competency_level_title', 23, 'tw', 'ç¬¬å››ç´š'),
(707, 'competency_level_title', 23, 'cn', ''),
(708, 'competency_level_title', 23, 'en', ''),
(709, 'competency_level_title', 24, 'tw', 'ç¬¬äº”ç´š'),
(710, 'competency_level_title', 24, 'cn', ''),
(711, 'competency_level_title', 24, 'en', ''),
(712, 'ability_title', 7, 'tw', ''),
(713, 'ability_title', 7, 'cn', ''),
(714, 'ability_title', 7, 'en', ''),
(715, 'ability_title', 8, 'tw', ''),
(716, 'ability_title', 8, 'cn', ''),
(717, 'ability_title', 8, 'en', ''),
(718, 'training_teacher', 20, 'tw', 'å…·æœ‰ç¬¬2ç´šèƒ½åŠ›è€…'),
(719, 'training_teacher', 20, 'cn', ''),
(720, 'training_teacher', 20, 'en', ''),
(721, 'training_teacher', 21, 'tw', 'å» å•†'),
(722, 'training_teacher', 21, 'cn', ''),
(723, 'training_teacher', 21, 'en', ''),
(724, 'training_teacher', 22, 'tw', '1.å…·æœ‰ç¬¬2ç´šèƒ½åŠ›è€… 2.å» å•†'),
(725, 'training_teacher', 22, 'cn', ''),
(726, 'training_teacher', 22, 'en', ''),
(727, 'training_teacher', 23, 'tw', '1.å» å•† 2.å°ˆæ¡ˆç¶“ç†'),
(728, 'training_teacher', 23, 'cn', ''),
(729, 'training_teacher', 23, 'en', ''),
(730, 'ability_title', 9, 'tw', 'ERPç®¡ç†å¸«ï¼šå…·å‚™å…©å€‹ä»¥ä¸Š    æ¨¡çµ„ç¬¬ä¸‰ç´šèƒ½åŠ›'),
(731, 'ability_title', 9, 'cn', ''),
(732, 'ability_title', 9, 'en', ''),
(733, 'training_teacher', 24, 'tw', 'å» å•†'),
(734, 'training_teacher', 24, 'cn', ''),
(735, 'training_teacher', 24, 'en', ''),
(736, 'training_teacher', 25, 'tw', 'é¡§å•'),
(737, 'training_teacher', 25, 'cn', ''),
(738, 'training_teacher', 25, 'en', ''),
(739, 'competency_model_title', 35, 'tw', 'æ¥­å‹™è·èƒ½æ¨¡å‹'),
(740, 'competency_model_title', 35, 'cn', ''),
(741, 'competency_model_title', 35, 'en', ''),
(742, 'competency_title', 63, 'tw', 'æ¥­å‹™è·èƒ½A'),
(743, 'competency_title', 63, 'cn', ''),
(744, 'competency_title', 63, 'en', ''),
(745, 'competency_title', 64, 'tw', 'æ¥­å‹™è·èƒ½B'),
(746, 'competency_title', 64, 'cn', ''),
(747, 'competency_title', 64, 'en', ''),
(748, 'competency_level_title', 25, 'tw', 'æ¥­å‹™è·èƒ½A-1'),
(749, 'competency_level_title', 25, 'cn', ''),
(750, 'competency_level_title', 25, 'en', ''),
(751, 'competency_level_title', 26, 'tw', 'æ¥­å‹™è·èƒ½A-2'),
(752, 'competency_level_title', 26, 'cn', ''),
(753, 'competency_level_title', 26, 'en', ''),
(754, 'competency_level_title', 27, 'tw', 'æ¥­å‹™è·èƒ½A-3'),
(755, 'competency_level_title', 27, 'cn', ''),
(756, 'competency_level_title', 27, 'en', ''),
(757, 'competency_level_title', 28, 'tw', 'æ¥­å‹™è·èƒ½A-4'),
(758, 'competency_level_title', 28, 'cn', ''),
(759, 'competency_level_title', 28, 'en', ''),
(760, 'competency_level_title', 29, 'tw', 'æ¥­å‹™è·èƒ½A-5'),
(761, 'competency_level_title', 29, 'cn', ''),
(762, 'competency_level_title', 29, 'en', '');

-- --------------------------------------------------------

--
-- è³‡æ–™è¡¨æ ¼å¼ï¼š `text`
--

CREATE TABLE IF NOT EXISTS `text` (
  `term_id` int(10) unsigned NOT NULL AUTO_INCREMENT,
  `term_title` varchar(30) NOT NULL,
  `depend_on_id` int(10) NOT NULL,
  `term_language` varchar(10) NOT NULL,
  `text_content` text NOT NULL,
  PRIMARY KEY (`term_id`)
) ENGINE=MyISAM  DEFAULT CHARSET=utf8 AUTO_INCREMENT=922 ;

--
-- åˆ—å‡ºä»¥ä¸‹è³‡æ–™åº«çš„æ•¸æ“šï¼š `text`
--

INSERT INTO `text` (`term_id`, `term_title`, `depend_on_id`, `term_language`, `text_content`) VALUES
(628, 'competency_model_definition', 33, 'tw', 'ä¸­å±¤ç®¡ç†è·èƒ½æ¨¡å‹ for demo'),
(629, 'competency_model_definition', 33, 'cn', 'ä¸­å±‚ç®¡ç†èŒèƒ½æ¨¡å‹ for demo'),
(630, 'competency_model_definition', 33, 'en', ''),
(631, 'competency_definition', 53, 'tw', 'ä¾æ“šå…¬å¸ç­–ç•¥ç™¼å±•éœ€æ±‚ï¼Œè¨‚å®šéƒ¨é–€/å–®ä½çš„çŸ­ä¸­é•·æœŸç›®æ¨™ï¼Œåšç‚ºéƒ¨é–€/å–®ä½åŠªåŠ›çš„æ–¹å‘ã€‚'),
(632, 'competency_definition', 53, 'cn', 'ä¾æ®å…¬å¸ç­–ç•¥å‘å±•éœ€æ±‚ï¼Œè®¢å®šéƒ¨é—¨/å•ä½çš„çŸ­ä¸­é•¿æœŸç›®æ ‡ï¼Œåšä¸ºéƒ¨é—¨/å•ä½åŠªåŠ›çš„æ–¹å‘ã€‚'),
(633, 'competency_definition', 53, 'en', ''),
(634, 'competency_definition', 54, 'tw', 'èƒ½è¾¨è­˜ä»»å‹™çš„å„ªå…ˆç­‰ç´šï¼Œæ“¬è¨‚ç¸å¯†çš„è¡Œå‹•è¨ˆç•«ï¼Œæœ‰æ•ˆå®‰æ’æ‰€éœ€çš„äººåŠ›èˆ‡è³‡æºï¼Œå»ºç«‹ç³»çµ±çš„å·¥ä½œæ–¹æ³•èˆ‡æ­¥é©Ÿï¼Œä»¥ç¢ºä¿æœ‰æ•ˆé”æˆæ—¢å®šç›®æ¨™ã€‚'),
(635, 'competency_definition', 54, 'cn', 'èƒ½è¾¨è¯†ä»»åŠ¡çš„ä¼˜å…ˆç­‰çº§ï¼Œæ‹Ÿè®¢ç¼œå¯†çš„è¡ŒåŠ¨è®¡åˆ’ï¼Œæœ‰æ•ˆå®‰æ’æ‰€éœ€çš„äººåŠ›ä¸èµ„æºï¼Œå»ºç«‹ç³»ç»Ÿçš„å·¥ä½œæ–¹æ³•ä¸æ­¥éª¤ï¼Œä»¥ç¡®ä¿æœ‰æ•ˆè¾¾æˆæ—¢å®šç›®æ ‡ã€‚'),
(636, 'competency_definition', 54, 'en', ''),
(637, 'competency_definition', 55, 'tw', 'èƒ½å¡‘é€ æ˜ç¢ºçš„åœ˜éšŠæ–‡åŒ–åŠç­è§£å€‹åˆ¥æˆå“¡çš„èƒ½åŠ›å’Œç‰¹æ€§ï¼Œé‹ç”¨é©ç•¶ã€å…·å½ˆæ€§çš„äº’å‹•æ¨¡å¼ï¼Œæ¿€å‹µåŠæŒ‡å¼•åœ˜éšŠæˆåŠŸçš„å®Œæˆä»»å‹™ã€‚'),
(638, 'competency_definition', 55, 'cn', 'èƒ½å¡‘é€ æ˜ç¡®çš„å›¢é˜Ÿæ–‡åŒ–åŠäº†è§£ä¸ªåˆ«æˆå‘˜çš„èƒ½åŠ›å’Œç‰¹æ€§ï¼Œè¿ç”¨é€‚å½“ã€å…·å¼¹æ€§çš„äº’åŠ¨æ¨¡å¼ï¼Œæ¿€åŠ±åŠæŒ‡å¼•å›¢é˜ŸæˆåŠŸçš„å®Œæˆä»»åŠ¡ã€‚'),
(639, 'competency_definition', 55, 'en', ''),
(640, 'behavior_definition', 14, 'tw', 'èƒ½ä¾æ“šçµ„ç¹”çš„ç›®æ¨™é€²è¡Œéƒ¨é–€/å–®ä½çš„ç›®æ¨™åˆ†è§£ï¼Œä»¥æ˜ç¢ºå„è·å‹™æ‡‰æ‰¿æ¥çš„å€‹äººç›®æ¨™ã€‚'),
(641, 'behavior_definition', 14, 'cn', ''),
(642, 'behavior_definition', 14, 'en', ''),
(643, 'behavior_definition', 15, 'tw', 'èƒ½ä¾æ“šçµ„ç¹”çš„ç›®æ¨™é€²è¡Œéƒ¨é–€/å–®ä½çš„ç›®æ¨™åˆ†è§£ï¼Œä»¥æ˜ç¢ºå„è·å‹™æ‡‰æ‰¿æ¥çš„å€‹äººç›®æ¨™ã€‚'),
(644, 'behavior_definition', 15, 'cn', ''),
(645, 'behavior_definition', 15, 'en', ''),
(646, 'behavior_definition', 16, 'tw', 'é™¤çµ„ç¹”çš„æ—¢å®šç›®æ¨™å¤–ï¼Œèƒ½é‡å°çµ„ç¹”çš„ç™¼å±•éœ€æ±‚ï¼Œè¨‚å®šæœ¬éƒ¨é–€æ›´é«˜æˆ–æ›´å…·æŒ‘æˆ°æ€§çš„ç›®æ¨™ã€‚'),
(647, 'behavior_definition', 16, 'cn', ''),
(648, 'behavior_definition', 16, 'en', ''),
(649, 'behavior_definition', 17, 'tw', 'èƒ½è¨­å®šéƒ¨é–€éšæ®µæ€§ç›®æ¨™ï¼Œä»¥é…åˆçµ„ç¹”çŸ­ã€ä¸­ã€é•·æœŸçš„ç™¼å±•ç›®æ¨™éœ€æ±‚ã€‚'),
(650, 'behavior_definition', 17, 'cn', ''),
(651, 'behavior_definition', 17, 'en', ''),
(652, 'behavior_definition', 18, 'tw', 'èƒ½è¨­å®šéƒ¨é–€éšæ®µæ€§ç›®æ¨™ï¼Œä»¥é…åˆçµ„ç¹”çŸ­ã€ä¸­ã€é•·æœŸçš„ç™¼å±•ç›®æ¨™éœ€æ±‚ã€‚'),
(653, 'behavior_definition', 18, 'cn', ''),
(654, 'behavior_definition', 18, 'en', ''),
(655, 'behavior_definition', 19, 'tw', 'èƒ½ä¾æ“šçµ„ç¹”ç›®å‰èˆ‡æœªä¾†ç›®æ¨™éœ€æ±‚ï¼Œè¨­å®šå…·é«”çš„ã€ä¸”å½¼æ­¤é—œè¯èˆ‡äº’è£œçš„éƒ¨é–€/å–®ä½ç¸¾æ•ˆæŒ‡æ¨™ã€‚'),
(656, 'behavior_definition', 19, 'cn', ''),
(657, 'behavior_definition', 19, 'en', ''),
(658, 'behavior_definition', 20, 'tw', 'æ ¹æ“šçµ„ç¹”ç›®æ¨™éœ€æ±‚ï¼Œè¦åŠƒã€è¨­å®šèˆ‡å…¶ä»–éƒ¨é–€/å–®ä½çš„æ•´é«”æ€§å”ä½œç›®æ¨™ï¼Œåšç‚ºè·¨éƒ¨é–€åˆä½œçš„æ–¹å‘ã€‚'),
(659, 'behavior_definition', 20, 'cn', ''),
(660, 'behavior_definition', 20, 'en', ''),
(661, 'training_method', 10, 'tw', 'å…§éƒ¨åŸ¹è¨“'),
(662, 'training_method', 10, 'cn', ''),
(663, 'training_method', 10, 'en', ''),
(664, 'training_method', 11, 'tw', 'æ´¾å¤–è¨“ç·´'),
(665, 'training_method', 11, 'cn', ''),
(666, 'training_method', 11, 'en', ''),
(667, 'training_method', 12, 'tw', 'å°å¸«åˆ¶ (å·¥ä½œæ•™å°)'),
(668, 'training_method', 12, 'cn', ''),
(669, 'training_method', 12, 'en', ''),
(670, 'course_desc', 52, 'tw', 'ã€èª²ç¨‹å¤§ç¶±ã€‘\r\n1.è¨­å®šç›®æ¨™çš„æŒ‡å°åŸå‰‡\r\n2.ç­è§£ç›®æ¨™è¨­å®šçš„è¦ç´ \r\n3.è®“åœ˜éšŠçš„æˆå“¡åƒèˆ‡è¨­å®šç›®æ¨™\r\n4.ç›®æ¨™è¨­å®šçš„ç¸¾æ•ˆæª¢æ ¸æŒ‡æ¨™\r\n5.å·¥ä½œç›®æ¨™åˆ†è§£çš„ç­–ç•¥èˆ‡è¦åŠƒ'),
(671, 'course_desc', 52, 'cn', ''),
(672, 'course_desc', 52, 'en', ''),
(673, 'course_desc', 53, 'tw', 'ã€èª²ç¨‹å¤§ç¶±ã€‘\r\n1.KPIæ—¥å¸¸ç®¡ç†è¦é ˜\r\n2.MBOç›®æ¨™ç®¡ç†å¯¦å‹™\r\n3.å·¥ä½œè¨ˆåŠƒæ“¬å®šèˆ‡å±•é–‹æŠ€å·§\r\n4.æ–¹é‡ç®¡ç†èˆ‡è¡¡é‡æŒ‡æ¨™å»ºç½®\r\n5.é ç®—ç·¨åˆ¶èˆ‡ç®¡ç†æ§åˆ¶'),
(674, 'course_desc', 53, 'cn', ''),
(675, 'course_desc', 53, 'en', ''),
(676, 'training_material', 12, 'tw', 'åœ˜éšŠç›®æ¨™è¨­å®šæŠ€å·§å­¸å“¡æ‰‹å†Š'),
(677, 'training_material', 12, 'cn', ''),
(678, 'training_material', 12, 'en', ''),
(679, 'training_material', 13, 'tw', 'ç›®æ¨™è¨­å®šå¯¦å‹™ç ”ç¿’æŒ‡å°æ‰‹å†Š'),
(680, 'training_material', 13, 'cn', ''),
(681, 'training_material', 13, 'en', ''),
(682, 'behavior_definition', 21, 'tw', 'ç­è§£éƒ¨é–€å·¥ä½œçš„é‡è¦æ€§å’Œæ€¥è¿«æ€§ï¼ŒçŸ¥é“è©²ä¾ä½•ç¨®æ¯”ä¾‹ï¼Œå°‡æ‰‹é‚Šæ¡æœ‰çš„è³‡æºåˆ†é…åœ¨å„é …å·¥ä½œä¸Šã€‚'),
(683, 'behavior_definition', 21, 'cn', ''),
(684, 'behavior_definition', 21, 'en', ''),
(685, 'behavior_definition', 22, 'tw', 'èƒ½å±•é–‹åŠåˆ†è§£è¨ˆç•«ï¼Œä¸¦ç²¾ç¢ºä¼°ç®—åŸ·è¡Œè¨ˆç•«æ‰€éœ€çš„äººåŠ›ã€ç‰©åŠ›å’Œæ™‚é–“ï¼Œå……åˆ†èª¿é…éƒ¨é–€/å–®ä½å…§å¯ç”¨çš„è³‡æºï¼Œä½¿è¨ˆç•«èƒ½äº•ç„¶æœ‰åºä¸¦æœ‰æ•ˆçš„å®Œæˆã€‚'),
(686, 'behavior_definition', 22, 'cn', ''),
(687, 'behavior_definition', 22, 'en', ''),
(688, 'behavior_definition', 23, 'tw', 'åœ¨è¨ˆç•«åŸ·è¡Œéç¨‹ä¸­ï¼Œèƒ½æŒ‰æ™‚ç¨‹è¡¨æª¢è¦–èˆ‡è¨ˆç•«ç›¸é—œçš„å„é¡æœ€æ–°è³‡è¨Šï¼Œä¸¦è¿…é€Ÿæœ‰æ•ˆçš„é€²è¡Œè³‡æºèˆ‡æ™‚é–“çš„èª¿åº¦ã€‚'),
(689, 'behavior_definition', 23, 'cn', ''),
(690, 'behavior_definition', 23, 'en', ''),
(691, 'behavior_definition', 24, 'tw', 'èƒ½åŒæ­¥é€²è¡Œå¤šæ¨£ä¸”è¤‡é›œçš„è¨ˆç•«ï¼Œä¸¦ä¾æ“šäº‹å…ˆåšå¥½çš„è©³ç´°è¦åŠƒï¼Œè®“å„è¨ˆç•«çš„åŸ·è¡Œéƒ½ç¶­æŒåœ¨æ­£å¸¸çš„é€²åº¦ä¸Šã€‚'),
(692, 'behavior_definition', 24, 'cn', ''),
(693, 'behavior_definition', 24, 'en', ''),
(694, 'behavior_definition', 25, 'tw', 'èƒ½åœ¨è€ƒé‡å…¬å¸æœªä¾†ç­–ç•¥æ–¹é‡ã€å…§å¤–ç’°å¢ƒç‹€æ³èˆ‡çµ„ç¹”å…§éƒ¨è³‡æºä¸‹ï¼Œæ“¬è¨‚éƒ¨é–€/å–®ä½æœªä¾†ç™¼å±•çš„è¦åŠƒè—åœ–ã€‚'),
(695, 'behavior_definition', 25, 'cn', ''),
(696, 'behavior_definition', 25, 'en', ''),
(697, 'behavior_definition', 26, 'tw', 'ç­è§£å„é¡å‹æˆå“¡çš„è¡Œäº‹é¢¨æ ¼åŠå°ˆé•·å·®ç•°ï¼Œèƒ½å°‡åœ˜éšŠæˆå“¡ä¾å±¬æ€§ã€å°ˆé•·åŠ ä»¥åˆ†é¡ä¸¦æŒ‰æ­¤åˆ†é…ä»»å‹™ã€‚'),
(698, 'behavior_definition', 26, 'cn', ''),
(699, 'behavior_definition', 26, 'en', ''),
(700, 'behavior_definition', 27, 'tw', 'èƒ½è¨­è¨ˆåœ˜éšŠæˆå“¡çš„äº¤æµæ´»å‹•ï¼Œå¢é€²åœ˜éšŠæˆå“¡é–“çš„ç­è§£å’Œäº’å‹•ï¼Œä»¥å»ºç«‹åœ˜éšŠæ„è­˜ã€‚'),
(701, 'behavior_definition', 27, 'cn', ''),
(702, 'behavior_definition', 27, 'en', ''),
(703, 'behavior_definition', 28, 'tw', 'èƒ½è®“åœ˜éšŠæˆå“¡æ¸…æ¥šç­è§£åœ˜éšŠç›®æ¨™ï¼Œä¸¦ä»¥å¯¦éš›è¡Œå‹•ä¾†å±•ç¾å’Œå¼·åŒ–åœ˜éšŠé”æˆç›®æ¨™çš„æ‰¿è«¾ã€‚'),
(704, 'behavior_definition', 28, 'cn', ''),
(705, 'behavior_definition', 28, 'en', ''),
(706, 'behavior_definition', 29, 'tw', 'æœƒè¨­è¨ˆçå‹µæªæ–½ä¾†ç‡Ÿé€ åœ˜éšŠåˆä½œç²¾ç¥ï¼Œé¼“å‹µæˆå“¡çš„å‚‘å‡ºè¡¨ç¾ã€‚'),
(707, 'behavior_definition', 29, 'cn', ''),
(708, 'behavior_definition', 29, 'en', ''),
(709, 'behavior_definition', 30, 'tw', 'å°åœ˜éšŠæˆå“¡å……åˆ†æˆæ¬Šï¼Œä»¥å»ºç«‹åœ˜éšŠçš„è‡ªæ²»ç²¾ç¥ï¼Œåœ¨å¿…è¦æ™‚æä¾›ç›¸æ‡‰çš„å”åŠ©èˆ‡æ”¯æŒã€‚'),
(710, 'behavior_definition', 30, 'cn', ''),
(711, 'behavior_definition', 30, 'en', ''),
(712, 'competency_model_definition', 0, 'tw', 'è³‡è¨Šå°ˆæ¥­è·èƒ½æ¨¡å‹ for demo'),
(713, 'competency_model_definition', 0, 'cn', ''),
(714, 'competency_model_definition', 0, 'en', ''),
(715, 'competency_model_definition', 34, 'tw', 'è³‡è¨Šå°ˆæ¥­è·èƒ½æ¨¡å‹ for demo'),
(716, 'competency_model_definition', 34, 'cn', ''),
(717, 'competency_model_definition', 34, 'en', ''),
(718, 'competency_model_definition', 0, 'tw', 'æ¸¬è©¦å°ˆæ¥­è·èƒ½æ¨¡å‹'),
(719, 'competency_model_definition', 0, 'cn', ''),
(720, 'competency_model_definition', 0, 'en', ''),
(721, 'competency_definition', 56, 'tw', 'æ•´åˆä¼æ¥­ç‡Ÿé‹è³‡æºï¼Œå°‡å…¬å¸æ¥­å‹™æµç¨‹ä½œæœ€ä½³eåŒ–ã€‚'),
(722, 'competency_definition', 56, 'cn', ''),
(723, 'competency_definition', 56, 'en', ''),
(724, 'competency_definition', 57, 'tw', 'é‹ç”¨ç§‘å­¸çš„åˆ†æå·¥å…·å’Œæ–¹æ³•ï¹å–å¾—ç³»çµ±çš„ç¢ºåˆ‡éœ€æ±‚ï¼Œä½œç‚ºç³»çµ±è¨­è¨ˆï¹‘ç³»çµ±æ±ºç­–ï¹‘ç³»çµ±å¯¦æ–½ä¾æ“šã€‚'),
(725, 'competency_definition', 57, 'cn', ''),
(726, 'competency_definition', 57, 'en', ''),
(727, 'competency_definition', 58, 'tw', 'å°‡ç‰¹å®šéœ€æ±‚è½‰åŒ–ç‚ºé›»è…¦å¯åŸ·è¡ŒæŒ‡ä»¤ä¸¦ç”¢å‡ºé æœŸçµæœï¼Œé€šå¸¸é€éæŸç¨®è¨­è¨ˆèªè¨€ç‚ºå·¥å…·ï¼Œéç¨‹åŒ…æ‹¬è¨­è¨ˆã€ç·¨ç¢¼ã€ç·¨è­¯ã€æ¸¬è©¦ã€é™¤éŒ¯ç­‰éšæ®µã€‚'),
(728, 'competency_definition', 58, 'cn', ''),
(729, 'competency_definition', 58, 'en', ''),
(730, 'competency_definition', 59, 'tw', 'æ”¯æ´ç™¼å±•ä¼æ¥­å…¥å£ç¶²ç«™ã€æµç¨‹å¹³å°ã€æ•´åˆå¤–éƒ¨å•†å‹™æµç¨‹ã€‚'),
(731, 'competency_definition', 59, 'cn', ''),
(732, 'competency_definition', 59, 'en', ''),
(733, 'competency_definition', 60, 'tw', 'ç†Ÿæ‚‰ä½œæ¥­ç³»çµ±ä¹‹æ“ä½œã€é‹ä½œã€è¨­å®šèˆ‡ç¶­è­·ï¼Œæä¾›ç©©å®šå¿«é€Ÿçš„è³‡è¨Šæœå‹™ã€‚'),
(734, 'competency_definition', 60, 'cn', ''),
(735, 'competency_definition', 60, 'en', ''),
(736, 'competency_definition', 61, 'tw', 'å»ºæ§‹å®‰å…¨ã€ç©©å®šçš„é›»è…¦ä½¿ç”¨ç’°å¢ƒã€‚'),
(737, 'competency_definition', 61, 'cn', ''),
(738, 'competency_definition', 61, 'en', ''),
(739, 'competency_definition', 62, 'tw', 'ç¶­è­·å…¬å¸è³‡è¨Šå®‰å…¨ï¼Œé”æˆé«˜å¯ç”¨æ€§ã€å®Œæ•´æ€§ã€æ©Ÿå¯†æ€§ã€å³æ™‚æ€§çš„ç›®æ¨™ã€‚'),
(740, 'competency_definition', 62, 'cn', ''),
(741, 'competency_definition', 62, 'en', ''),
(742, 'ability_def', 5, 'tw', 'ç†Ÿæ‚‰ä¼æ¥­çµ„ç¹”åŠæ¥­å‹™æµç¨‹\r\n'),
(743, 'ability_def', 5, 'cn', ''),
(744, 'ability_def', 5, 'en', ''),
(745, 'ability_def', 6, 'tw', 'æª¢å®šæˆ–ç¶“é©—å…·ä¸‹åˆ—è‡³å°‘ä¸€é …ï¼ša.åƒèˆ‡æ¨¡çµ„å°å…¥ç¶“é©—ã€b.é¡§å•èªè­‰åˆæ ¼ã€c.å…§è¨“é€šéæª¢å®š\r\n'),
(746, 'ability_def', 6, 'cn', ''),
(747, 'ability_def', 6, 'en', ''),
(748, 'competency_evalation_content', 7, 'tw', '1.ç°¡å ±å¯©æŸ¥\r\n2.a.åƒèˆ‡å°ˆæ¡ˆè­‰æ˜\r\n    b.å¤–éƒ¨è­‰ç…§\r\n    c.æ¡ˆä¾‹å¯¦ä½œ'),
(749, 'competency_evalation_content', 7, 'cn', ''),
(750, 'competency_evalation_content', 7, 'en', ''),
(751, 'competency_evalation_method', 7, 'tw', '1.è™•ä¸»ç®¡\r\n2.å…·æœ‰ç¬¬2ç´šèƒ½åŠ›è€…\r\n3.å» å•†'),
(752, 'competency_evalation_method', 7, 'cn', ''),
(753, 'competency_evalation_method', 7, 'en', ''),
(754, 'training_method', 13, 'tw', 'å…§è¨“'),
(755, 'training_method', 13, 'cn', ''),
(756, 'training_method', 13, 'en', ''),
(757, 'training_method', 14, 'tw', 'åƒèˆ‡å°ˆæ¡ˆ'),
(758, 'training_method', 14, 'cn', ''),
(759, 'training_method', 14, 'en', ''),
(760, 'training_method', 15, 'tw', 'å¤–è¨“'),
(761, 'training_method', 15, 'cn', ''),
(762, 'training_method', 15, 'en', ''),
(763, 'training_material', 14, 'tw', 'ttt'),
(764, 'training_material', 14, 'cn', ''),
(765, 'training_material', 14, 'en', ''),
(766, 'job_family_dsec', 6, 'tw', ''),
(767, 'job_family_dsec', 6, 'cn', ''),
(768, 'job_family_dsec', 6, 'en', ''),
(769, 'job_family_dsec', 7, 'tw', ''),
(770, 'job_family_dsec', 7, 'cn', ''),
(771, 'job_family_dsec', 7, 'en', ''),
(772, 'job_family_dsec', 8, 'tw', ''),
(773, 'job_family_dsec', 8, 'cn', ''),
(774, 'job_family_dsec', 8, 'en', ''),
(775, 'job_family_dsec', 9, 'tw', ''),
(776, 'job_family_dsec', 9, 'cn', ''),
(777, 'job_family_dsec', 9, 'en', ''),
(778, 'job_family_dsec', 10, 'tw', ''),
(779, 'job_family_dsec', 10, 'cn', ''),
(780, 'job_family_dsec', 10, 'en', ''),
(781, 'job_family_dsec', 11, 'tw', ''),
(782, 'job_family_dsec', 11, 'cn', ''),
(783, 'job_family_dsec', 11, 'en', ''),
(784, 'b_evalu_table_desc', 3, 'tw', ''),
(785, 'b_evalu_table_desc', 3, 'cn', ''),
(786, 'b_evalu_table_desc', 3, 'en', ''),
(787, 'group_desc', 0, 'tw', ''),
(788, 'group_desc', 0, 'cn', ''),
(789, 'group_desc', 0, 'en', ''),
(790, 'group_desc', 0, 'tw', 'ç ”ç™¼éƒ¨é–€'),
(791, 'group_desc', 0, 'cn', ''),
(792, 'group_desc', 0, 'en', ''),
(793, 'group_desc', 0, 'tw', '12'),
(794, 'group_desc', 0, 'cn', ''),
(795, 'group_desc', 0, 'en', ''),
(796, 'group_desc', 0, 'tw', '2'),
(797, 'group_desc', 0, 'cn', ''),
(798, 'group_desc', 0, 'en', ''),
(799, 'group_desc', 1, 'tw', 'è‘£äº‹æœƒ'),
(800, 'group_desc', 1, 'cn', ''),
(801, 'group_desc', 1, 'en', ''),
(802, 'group_desc', 2, 'tw', 'ç ”ç™¼éƒ¨'),
(803, 'group_desc', 2, 'cn', ''),
(804, 'group_desc', 2, 'en', ''),
(805, 'job_family_dsec', 12, 'tw', 'ç´„è˜äººå“¡'),
(806, 'job_family_dsec', 12, 'cn', ''),
(807, 'job_family_dsec', 12, 'en', ''),
(808, 'job_family_dsec', 13, 'tw', ''),
(809, 'job_family_dsec', 13, 'cn', ''),
(810, 'job_family_dsec', 13, 'en', ''),
(811, 'ability_def', 7, 'tw', '1.ç†Ÿæ‚‰ä¼æ¥­çµ„\r\n  ç¹”åŠæ¥­å‹™æµ\r\n  ç¨‹\r\n'),
(812, 'ability_def', 7, 'cn', ''),
(813, 'ability_def', 7, 'en', ''),
(814, 'ability_def', 8, 'tw', '2.æª¢å®šæˆ–ç¶“é©—\r\n  å…·ä¸‹åˆ—è‡³å°‘\r\n  ä¸€é …\r\n  a.åƒèˆ‡æ¨¡çµ„\r\n     å°å…¥ç¶“é©—\r\n  b.é¡§å•èªè­‰\r\n     åˆæ ¼\r\n  c.å…§è¨“é€šé\r\n     æª¢å®š\r\n'),
(815, 'ability_def', 8, 'cn', ''),
(816, 'ability_def', 8, 'en', ''),
(817, 'competency_evaluator', 8, 'tw', '1.è™•ä¸»ç®¡\r\n2.å…·æœ‰ç¬¬2ç´šèƒ½åŠ›è€…\r\n3.å» å•†\r\n'),
(818, 'competency_evaluator', 8, 'cn', ''),
(819, 'competency_evaluator', 8, 'en', ''),
(820, 'competency_evaluation_method', 8, 'tw', '1.ç°¡å ±å¯©æŸ¥\r\n2.a.åƒèˆ‡å°ˆæ¡ˆè­‰æ˜\r\n    b.å¤–éƒ¨è­‰ç…§\r\n    c.æ¡ˆä¾‹å¯¦ä½œ\r\n'),
(821, 'competency_evaluation_method', 8, 'cn', ''),
(822, 'competency_evaluation_method', 8, 'en', ''),
(823, 'training_method', 16, 'tw', 'å…§è¨“'),
(824, 'training_method', 16, 'cn', ''),
(825, 'training_method', 16, 'en', ''),
(826, 'training_method', 17, 'tw', 'a.åƒèˆ‡å°ˆæ¡ˆ b.å¤–è¨“ c.å…§è¨“\r\n'),
(827, 'training_method', 17, 'cn', ''),
(828, 'training_method', 17, 'en', ''),
(829, 'training_material', 14, 'tw', 'æ¥­å‹™æµç¨‹èˆ‡çµ„ç¹”æ–‡ä»¶'),
(830, 'training_material', 14, 'cn', ''),
(831, 'training_material', 14, 'en', ''),
(832, 'training_material', 15, 'tw', 'a.å·¥ä½œèªªæ˜æ›¸\r\n     b.å¤–éƒ¨æ•™æ\r\n     c.å°ˆæ¡ˆæ–‡ä»¶\r\n'),
(833, 'training_material', 15, 'cn', ''),
(834, 'training_material', 15, 'en', ''),
(835, 'competency_evaluator', 9, 'tw', '1.éƒ¨ä¸»ç®¡\r\n2.è™•ä¸»ç®¡\r\n3.å…·æœ‰ç¬¬3ç´šèƒ½åŠ›è€…\r\n'),
(836, 'competency_evaluator', 9, 'cn', ''),
(837, 'competency_evaluator', 9, 'en', ''),
(838, 'competency_evaluation_method', 9, 'tw', 'å¯©æŸ¥ç¶­è­·ç´€éŒ„åŠè­‰æ›¸\r\n'),
(839, 'competency_evaluation_method', 9, 'cn', ''),
(840, 'competency_evaluation_method', 9, 'en', ''),
(841, 'training_method', 18, 'tw', '1.å…§è¨“\r\n2. a.åƒèˆ‡å°ˆæ¡ˆ\r\n     b.å¤–è¨“\r\n     c.å…§è¨“\r\n'),
(842, 'training_method', 18, 'cn', ''),
(843, 'training_method', 18, 'en', ''),
(844, 'training_material', 16, 'tw', '1.æ¥­å‹™æµç¨‹èˆ‡çµ„ç¹”æ–‡ä»¶\r\n2. a.å·¥ä½œèªªæ˜æ›¸\r\n     b.å¤–éƒ¨æ•™æ\r\n     c.å°ˆæ¡ˆæ–‡ä»¶\r\n'),
(845, 'training_material', 16, 'cn', ''),
(846, 'training_material', 16, 'en', ''),
(847, 'training_method', 19, 'tw', 'æˆæœå¯©æŸ¥\r\n(ä¸‰ä»¶ä»¥ä¸Š)\r\n'),
(848, 'training_method', 19, 'cn', ''),
(849, 'training_method', 19, 'en', ''),
(850, 'competency_evaluator', 10, 'tw', '1.éƒ¨ä¸»ç®¡\r\n2.è™•ä¸»ç®¡\r\n3.å…·æœ‰ç¬¬4ç´šèƒ½åŠ›è€…\r\n'),
(851, 'competency_evaluator', 10, 'cn', ''),
(852, 'competency_evaluator', 10, 'en', ''),
(853, 'competency_evaluation_method', 10, 'tw', 'æˆæœå¯©æŸ¥\r\n(ä¸‰ä»¶ä»¥ä¸Š)\r\n'),
(854, 'competency_evaluation_method', 10, 'cn', ''),
(855, 'competency_evaluation_method', 10, 'en', ''),
(856, 'training_material', 17, 'tw', '1.å¤–éƒ¨æ•™æ\r\n2.ç¶²è·¯æ•™æ\r\n3.å¯¦éš›æ¡ˆä¾‹\r\n'),
(857, 'training_material', 17, 'cn', ''),
(858, 'training_material', 17, 'en', ''),
(859, 'training_method', 20, 'tw', '1.å¤–è¨“\r\n2.è‡ªæˆ‘å­¸ç¿’\r\n3.å°ˆæ¡ˆå·¥ä½œ\r\n'),
(860, 'training_method', 20, 'cn', ''),
(861, 'training_method', 20, 'en', ''),
(862, 'competency_evaluator', 11, 'tw', '1.éƒ¨ä¸»ç®¡\r\n2.è™•ä¸»ç®¡\r\n3.å¤–éƒ¨é¡§å•\r\n'),
(863, 'competency_evaluator', 11, 'cn', ''),
(864, 'competency_evaluator', 11, 'en', ''),
(865, 'competency_evaluation_method', 11, 'tw', 'æ¨ç”„æ–‡ä»¶å¯©æŸ¥\r\n'),
(866, 'competency_evaluation_method', 11, 'cn', ''),
(867, 'competency_evaluation_method', 11, 'en', ''),
(868, 'ability_def', 9, 'tw', 'ERPç®¡ç†å¸«ï¼šå…·å‚™å…©å€‹ä»¥ä¸Š\r\n   æ¨¡çµ„ç¬¬ä¸‰ç´šèƒ½åŠ›\r\n'),
(869, 'ability_def', 9, 'cn', ''),
(870, 'ability_def', 9, 'en', ''),
(871, 'training_method', 21, 'tw', 'è¼ªèª¿\r\n'),
(872, 'training_method', 21, 'cn', ''),
(873, 'training_method', 21, 'en', ''),
(874, 'training_method', 22, 'tw', 'è‡ªæˆ‘å­¸ç¿’\r\n'),
(875, 'training_method', 22, 'cn', ''),
(876, 'training_method', 22, 'en', ''),
(877, 'training_material', 18, 'tw', 'å¯¦éš›æ¡ˆä¾‹\r\n'),
(878, 'training_material', 18, 'cn', ''),
(879, 'training_material', 18, 'en', ''),
(880, 'training_material', 19, 'tw', 'ç¶­è­·ç´€éŒ„\r\n'),
(881, 'training_material', 19, 'cn', ''),
(882, 'training_material', 19, 'en', ''),
(883, 'competency_evaluator', 20, 'tw', '1.è™•ä¸»ç®¡\r\n2.å…·æœ‰ç¬¬2ç´šèƒ½åŠ›è€…\r\n3.å» å•†\r\n'),
(884, 'competency_evaluator', 20, 'cn', ''),
(885, 'competency_evaluator', 20, 'en', ''),
(886, 'competency_evaluation_method', 20, 'tw', '1.ç°¡å ±å¯©æŸ¥\r\n2.a.åƒèˆ‡å°ˆæ¡ˆè­‰æ˜\r\n    b.å¤–éƒ¨è­‰ç…§\r\n    c.æ¡ˆä¾‹å¯¦ä½œ\r\n'),
(887, 'competency_evaluation_method', 20, 'cn', ''),
(888, 'competency_evaluation_method', 20, 'en', ''),
(889, 'competency_evaluator', 21, 'tw', '1.éƒ¨ä¸»ç®¡\r\n2.è™•ä¸»ç®¡\r\n3.å…·æœ‰ç¬¬3ç´šèƒ½åŠ›è€…\r\n'),
(890, 'competency_evaluator', 21, 'cn', ''),
(891, 'competency_evaluator', 21, 'en', ''),
(892, 'competency_evaluation_method', 21, 'tw', 'å¯©æŸ¥ç¶­è­·ç´€éŒ„åŠè­‰æ›¸\r\n'),
(893, 'competency_evaluation_method', 21, 'cn', ''),
(894, 'competency_evaluation_method', 21, 'en', ''),
(895, 'competency_evaluator', 22, 'tw', '1.éƒ¨ä¸»ç®¡\r\n2.è™•ä¸»ç®¡\r\n3.å…·æœ‰ç¬¬4ç´šèƒ½åŠ›è€…\r\n'),
(896, 'competency_evaluator', 22, 'cn', ''),
(897, 'competency_evaluator', 22, 'en', ''),
(898, 'competency_evaluation_method', 22, 'tw', 'æˆæœå¯©æŸ¥\r\n(ä¸‰ä»¶ä»¥ä¸Š)\r\n'),
(899, 'competency_evaluation_method', 22, 'cn', ''),
(900, 'competency_evaluation_method', 22, 'en', ''),
(901, 'competency_evaluator', 24, 'tw', '1.éƒ¨ä¸»ç®¡\r\n2.è™•ä¸»ç®¡\r\n3.å¤–éƒ¨é¡§å•ï¼ˆäº”ç´š)\r\n'),
(902, 'competency_evaluator', 24, 'cn', ''),
(903, 'competency_evaluator', 24, 'en', ''),
(904, 'competency_evaluation_method', 24, 'tw', 'æ¨ç”„æ–‡ä»¶å¯©æŸ¥ï¼ˆäº”ç´š)\r\n'),
(905, 'competency_evaluation_method', 24, 'cn', ''),
(906, 'competency_evaluation_method', 24, 'en', ''),
(907, 'competency_evaluator', 23, 'tw', '1.éƒ¨ä¸»ç®¡\r\n2.è™•ä¸»ç®¡\r\n3.å¤–éƒ¨é¡§å•\r\n'),
(908, 'competency_evaluator', 23, 'cn', ''),
(909, 'competency_evaluator', 23, 'en', ''),
(910, 'competency_evaluation_method', 23, 'tw', 'æ¨ç”„æ–‡ä»¶å¯©æŸ¥\r\n'),
(911, 'competency_evaluation_method', 23, 'cn', ''),
(912, 'competency_evaluation_method', 23, 'en', ''),
(913, 'competency_model_definition', 35, 'tw', 'æ¥­å‹™è·èƒ½æ¨¡å‹'),
(914, 'competency_model_definition', 35, 'cn', ''),
(915, 'competency_model_definition', 35, 'en', ''),
(916, 'competency_definition', 63, 'tw', ''),
(917, 'competency_definition', 63, 'cn', ''),
(918, 'competency_definition', 63, 'en', ''),
(919, 'competency_definition', 64, 'tw', ''),
(920, 'competency_definition', 64, 'cn', ''),
(921, 'competency_definition', 64, 'en', '');

-- --------------------------------------------------------

--
-- è³‡æ–™è¡¨æ ¼å¼ï¼š `training_material`
--

CREATE TABLE IF NOT EXISTS `training_material` (
  `training_material_id` int(11) NOT NULL AUTO_INCREMENT,
  `competency_level_id` int(11) NOT NULL,
  PRIMARY KEY (`training_material_id`)
) ENGINE=MyISAM  DEFAULT CHARSET=utf8 AUTO_INCREMENT=20 ;

--
-- åˆ—å‡ºä»¥ä¸‹è³‡æ–™åº«çš„æ•¸æ“šï¼š `training_material`
--

INSERT INTO `training_material` (`training_material_id`, `competency_level_id`) VALUES
(12, 14),
(13, 14),
(14, 20),
(15, 20),
(16, 21),
(17, 22),
(18, 24),
(19, 24);

-- --------------------------------------------------------

--
-- è³‡æ–™è¡¨æ ¼å¼ï¼š `training_method`
--

CREATE TABLE IF NOT EXISTS `training_method` (
  `training_method_id` int(11) NOT NULL AUTO_INCREMENT,
  `competency_level_id` int(11) NOT NULL,
  PRIMARY KEY (`training_method_id`)
) ENGINE=MyISAM  DEFAULT CHARSET=utf8 AUTO_INCREMENT=23 ;

--
-- åˆ—å‡ºä»¥ä¸‹è³‡æ–™åº«çš„æ•¸æ“šï¼š `training_method`
--

INSERT INTO `training_method` (`training_method_id`, `competency_level_id`) VALUES
(10, 14),
(11, 14),
(12, 14),
(13, 14),
(14, 14),
(15, 14),
(16, 20),
(17, 20),
(18, 21),
(20, 22),
(21, 24),
(22, 24);

-- --------------------------------------------------------

--
-- è³‡æ–™è¡¨æ ¼å¼ï¼š `training_teacher`
--

CREATE TABLE IF NOT EXISTS `training_teacher` (
  `training_teacher_id` int(11) NOT NULL AUTO_INCREMENT,
  `competency_level_id` int(11) NOT NULL,
  PRIMARY KEY (`training_teacher_id`)
) ENGINE=MyISAM  DEFAULT CHARSET=utf8 AUTO_INCREMENT=26 ;

--
-- åˆ—å‡ºä»¥ä¸‹è³‡æ–™åº«çš„æ•¸æ“šï¼š `training_teacher`
--

INSERT INTO `training_teacher` (`training_teacher_id`, `competency_level_id`) VALUES
(19, 14),
(20, 20),
(21, 20),
(22, 21),
(23, 22),
(24, 24),
(25, 24);

-- --------------------------------------------------------

--
-- è³‡æ–™è¡¨æ ¼å¼ï¼š `user_power`
--

CREATE TABLE IF NOT EXISTS `user_power` (
  `user_power_id` int(11) NOT NULL AUTO_INCREMENT,
  `user_id` int(11) NOT NULL,
  `power_code` varchar(20) NOT NULL,
  PRIMARY KEY (`user_power_id`)
) ENGINE=MyISAM DEFAULT CHARSET=utf8 AUTO_INCREMENT=1 ;

--
-- åˆ—å‡ºä»¥ä¸‹è³‡æ–™åº«çš„æ•¸æ“šï¼š `user_power`
--


-- --------------------------------------------------------

--
-- è³‡æ–™è¡¨æ ¼å¼ï¼š `user_profile`
--

CREATE TABLE IF NOT EXISTS `user_profile` (
  `user_id` int(10) unsigned NOT NULL AUTO_INCREMENT,
  `fullName` varchar(10) NOT NULL,
  `user_name_chs` varchar(10) NOT NULL,
  `user_name_eng` varchar(10) NOT NULL,
  `user_mps` varchar(6) NOT NULL,
  `name` varchar(40) NOT NULL,
  `first_name` varchar(20) NOT NULL,
  `last_name` varchar(20) NOT NULL,
  `birth_day` int(10) unsigned NOT NULL,
  `birth_month` int(10) unsigned NOT NULL,
  `birth_year` int(10) unsigned NOT NULL,
  `gender` varchar(10) NOT NULL,
  `job_title` varchar(15) NOT NULL,
  `company_id` int(11) NOT NULL,
  `notes` text NOT NULL,
  `city_code` int(11) NOT NULL,
  `address` varchar(200) NOT NULL,
  `url` text NOT NULL,
  `office_phone` varchar(30) NOT NULL,
  `home_phone` varchar(30) NOT NULL,
  `mobile` varchar(30) NOT NULL,
  `image` varchar(50) NOT NULL,
  `power_type` varchar(5) NOT NULL,
  `account_status` varchar(10) NOT NULL,
  `job_id` int(11) NOT NULL,
  `department_id` int(11) NOT NULL,
  PRIMARY KEY (`user_id`)
) ENGINE=InnoDB  DEFAULT CHARSET=utf8 AUTO_INCREMENT=12 ;

--
-- åˆ—å‡ºä»¥ä¸‹è³‡æ–™åº«çš„æ•¸æ“šï¼š `user_profile`
--

INSERT INTO `user_profile` (`user_id`, `fullName`, `user_name_chs`, `user_name_eng`, `user_mps`, `name`, `first_name`, `last_name`, `birth_day`, `birth_month`, `birth_year`, `gender`, `job_title`, `company_id`, `notes`, `city_code`, `address`, `url`, `office_phone`, `home_phone`, `mobile`, `image`, `power_type`, `account_status`, `job_id`, `department_id`) VALUES
(3, 'æç‘¤æ”¿', '', '', '', '', '', '', 0, 0, 0, '', '', 0, '', 0, '', '', '', '', '', '', 'N', '', 13, 2),
(7, 'æ—éœç§€', '', '', '', '', '', '', 0, 0, 0, '', '', 0, '', 0, '', '', '', '', '', '', 'N', '', 14, 2),
(8, 'å»–ç‘œç‘„', '', '', '', '', '', '', 0, 0, 0, '', '', 0, '', 0, '', '', '', '', '', '', 'N', '', 38, 2),
(9, 'å¼µèƒ¤è‚²', '', '', '', '', '', '', 0, 0, 0, '', '', 0, '', 0, '', '', '', '', '', '', 'N', '', 14, 1),
(10, 'ç¾…å† å¿—', '', '', '', '', '', '', 0, 0, 0, '', '', 0, '', 0, '', '', '', '', '', '', 'N', '', 25, 2),
(11, 'é„§åä¸¹', '', '', '', '', '', '', 0, 0, 0, '', '', 0, '', 0, '', '', '', '', '', '', 'N', '', 27, 1);

-- --------------------------------------------------------

--
-- è³‡æ–™è¡¨æ ¼å¼ï¼š `user_sso`
--

CREATE TABLE IF NOT EXISTS `user_sso` (
  `user_email_id` int(11) NOT NULL AUTO_INCREMENT,
  `user_email` varchar(100) NOT NULL,
  `user_live_id` varchar(20) NOT NULL,
  `user_fb_id` varchar(20) NOT NULL,
  `user_id` int(11) NOT NULL,
  `user_account` varchar(10) NOT NULL,
  `password` varchar(15) NOT NULL,
  PRIMARY KEY (`user_email_id`)
) ENGINE=InnoDB  DEFAULT CHARSET=utf8 AUTO_INCREMENT=13 ;

--
-- åˆ—å‡ºä»¥ä¸‹è³‡æ–™åº«çš„æ•¸æ“šï¼š `user_sso`
--

INSERT INTO `user_sso` (`user_email_id`, `user_email`, `user_live_id`, `user_fb_id`, `user_id`, `user_account`, `password`) VALUES
(3, '', '', '', 3, 'æç‘¤æ”¿', ''),
(8, '', '', '', 7, 'æ—éœç§€', ''),
(9, '', '', '', 8, 'å»–ç‘œç‘„', ''),
(10, '', '', '', 9, 'å¼µèƒ¤è‚²', ''),
(11, '', '', '', 10, 'ç¾…å† å¿—', ''),
(12, '', '', '', 11, 'é„§åä¸¹', '');
