-- phpMyAdmin SQL Dump
-- version 2.11.9.5
-- http://www.phpmyadmin.net
--
-- 主機: localhost
-- 建立日期: May 29, 2015, 04:17 AM
-- 伺服器版本: 5.6.15
-- PHP 版本: 5.4.24

SET SQL_MODE="NO_AUTO_VALUE_ON_ZERO";


/*!40101 SET @OLD_CHARACTER_SET_CLIENT=@@CHARACTER_SET_CLIENT */;
/*!40101 SET @OLD_CHARACTER_SET_RESULTS=@@CHARACTER_SET_RESULTS */;
/*!40101 SET @OLD_COLLATION_CONNECTION=@@COLLATION_CONNECTION */;
/*!40101 SET NAMES utf8 */;

--
-- 資料庫: `inetar0_hrd`
--

-- --------------------------------------------------------

--
-- 資料表格式： `ability`
--

CREATE TABLE IF NOT EXISTS `ability` (
  `ability_id` int(11) NOT NULL AUTO_INCREMENT,
  `competency_level_id` int(11) NOT NULL,
  PRIMARY KEY (`ability_id`)
) ENGINE=MyISAM  DEFAULT CHARSET=utf8 AUTO_INCREMENT=78 ;

--
-- 列出以下資料庫的數據： `ability`
--

INSERT INTO `ability` (`ability_id`, `competency_level_id`) VALUES
(5, 14),
(6, 14),
(7, 22),
(8, 22),
(9, 23),
(10, 46),
(11, 46),
(12, 46),
(13, 46),
(14, 47),
(15, 47),
(16, 47),
(17, 48),
(18, 48),
(19, 49),
(20, 49),
(21, 49),
(22, 50),
(23, 50),
(24, 50),
(25, 50),
(26, 50),
(27, 50),
(28, 50),
(29, 50),
(30, 50),
(31, 50),
(32, 51),
(33, 51),
(34, 51),
(35, 51),
(36, 51),
(37, 52),
(38, 52),
(39, 52),
(40, 52),
(41, 52),
(42, 53),
(43, 53),
(44, 54),
(45, 54),
(46, 54),
(47, 54),
(48, 54),
(49, 54),
(50, 55),
(51, 55),
(52, 56),
(53, 56),
(54, 57),
(55, 57),
(56, 58),
(57, 58),
(58, 59),
(59, 59),
(60, 60),
(61, 60),
(62, 60),
(63, 60),
(64, 61),
(65, 62),
(66, 62),
(67, 62),
(68, 62),
(69, 62),
(70, 62),
(71, 63),
(72, 63),
(73, 64),
(74, 64),
(75, 64),
(76, 64),
(77, 65);

-- --------------------------------------------------------

--
-- 資料表格式： `account`
--

CREATE TABLE IF NOT EXISTS `account` (
  `user_name` varchar(20) NOT NULL,
  `email` varchar(20) NOT NULL
) ENGINE=MyISAM DEFAULT CHARSET=utf8;

--
-- 列出以下資料庫的數據： `account`
--


-- --------------------------------------------------------

--
-- 資料表格式： `basis_evaluation_appraisee`
--

CREATE TABLE IF NOT EXISTS `basis_evaluation_appraisee` (
  `basis_evaluation_appraisee_id` int(11) NOT NULL AUTO_INCREMENT,
  `appraisee_uid` int(11) NOT NULL,
  `basis_evaluation_table_id` int(11) NOT NULL,
  `basis_evaluation_progress` int(11) NOT NULL,
  PRIMARY KEY (`basis_evaluation_appraisee_id`)
) ENGINE=MyISAM  DEFAULT CHARSET=latin1 AUTO_INCREMENT=18 ;

--
-- 列出以下資料庫的數據： `basis_evaluation_appraisee`
--

INSERT INTO `basis_evaluation_appraisee` (`basis_evaluation_appraisee_id`, `appraisee_uid`, `basis_evaluation_table_id`, `basis_evaluation_progress`) VALUES
(1, 144, 3, 0),
(2, 1, 3, 0),
(3, 147, 3, 0),
(5, 141, 3, 0),
(6, 143, 3, 0),
(16, 289, 9, 0),
(17, 944, 9, 0),
(15, 1910, 9, 0),
(14, 1845, 9, 0),
(13, 81, 9, 0);

-- --------------------------------------------------------

--
-- 資料表格式： `basis_evaluation_evaluator`
--

CREATE TABLE IF NOT EXISTS `basis_evaluation_evaluator` (
  `basis_evaluation_evaluator_id` int(10) unsigned NOT NULL AUTO_INCREMENT,
  `basis_evaluation_appraisee_id` int(11) NOT NULL,
  `basis_evaluation_evaluator_uid` int(11) NOT NULL,
  `basis_evaluation_evaluator_relation` int(11) NOT NULL,
  `basis_evaluation_evaluator_progress` int(11) NOT NULL,
  PRIMARY KEY (`basis_evaluation_evaluator_id`)
) ENGINE=MyISAM  DEFAULT CHARSET=latin1 AUTO_INCREMENT=199 ;

--
-- 列出以下資料庫的數據： `basis_evaluation_evaluator`
--

INSERT INTO `basis_evaluation_evaluator` (`basis_evaluation_evaluator_id`, `basis_evaluation_appraisee_id`, `basis_evaluation_evaluator_uid`, `basis_evaluation_evaluator_relation`, `basis_evaluation_evaluator_progress`) VALUES
(10, 1, 1, 0, 0),
(7, 2, 143, 0, 0),
(3, 3, 144, 3, 0),
(5, 3, 146, 1, 0),
(6, 3, 147, 0, 0),
(8, 5, 141, 2, 0),
(9, 1, 148, 0, 0),
(11, 8, 2998, 0, 0),
(109, 12, 8602, 4, 0),
(108, 12, 10577, 4, 0),
(107, 12, 8026, 4, 0),
(106, 12, 7616, 3, 0),
(105, 12, 7330, 3, 0),
(104, 12, 2814, 3, 0),
(103, 12, 3915, 2, 0),
(102, 12, 3290, 2, 0),
(101, 12, 46, 2, 0),
(100, 12, 2187, 1, 0),
(99, 11, 4155, 4, 0),
(98, 11, 10406, 4, 0),
(97, 11, 2128, 4, 0),
(96, 11, 7616, 3, 0),
(95, 11, 2187, 3, 0),
(94, 11, 2998, 3, 0),
(93, 11, 3482, 2, 0),
(92, 11, 3290, 2, 0),
(91, 11, 46, 2, 0),
(90, 11, 6150, 1, 0),
(89, 10, 8433, 4, 0),
(88, 10, 7235, 4, 0),
(87, 10, 6417, 4, 0),
(86, 10, 7330, 3, 0),
(85, 10, 6150, 3, 0),
(84, 10, 1215, 3, 0),
(83, 10, 8185, 2, 0),
(82, 10, 3290, 2, 0),
(81, 10, 46, 2, 0),
(80, 10, 5928, 1, 0),
(79, 9, 7578, 4, 0),
(78, 9, 10241, 4, 0),
(77, 9, 3677, 4, 0),
(76, 9, 7616, 3, 0),
(75, 9, 2998, 3, 0),
(74, 9, 3761, 3, 0),
(73, 9, 3538, 2, 0),
(72, 9, 3290, 2, 0),
(71, 9, 46, 2, 0),
(70, 9, 5124, 1, 0),
(69, 8, 4592, 4, 0),
(68, 8, 10597, 4, 0),
(67, 8, 524, 4, 0),
(66, 8, 7616, 3, 0),
(65, 8, 5928, 3, 0),
(64, 8, 6150, 3, 0),
(63, 8, 3482, 2, 0),
(62, 8, 3290, 2, 0),
(61, 8, 46, 2, 0),
(110, 7, 349, 3, 100),
(111, 7, 1816, 4, 100),
(112, 7, 2548, 4, 100),
(113, 7, 1, 1, 100),
(114, 16, 3012, 3, 100),
(115, 16, 6052, 2, 100),
(116, 16, 671, 1, 100),
(117, 16, 289, 2, 100),
(118, 17, 3158, 3, 100),
(119, 17, 3885, 2, 100),
(120, 17, 6230, 4, 100),
(121, 17, 7772, 3, 100),
(122, 15, 3273, 3, 100),
(123, 15, 2548, 2, 100),
(124, 15, 568, 3, 100),
(125, 15, 4404, 3, 100),
(126, 14, 4047, 3, 100),
(127, 14, 1910, 1, 100),
(128, 14, 5184, 1, 100),
(129, 14, 2317, 4, 100),
(130, 13, 4404, 3, 100),
(131, 13, 606, 1, 100),
(132, 13, 402, 4, 100),
(133, 13, 638, 4, 100),
(134, 16, 7826, 4, 100),
(135, 16, 944, 4, 100),
(136, 16, 2239, 1, 100),
(137, 16, 4404, 4, 100),
(138, 17, 638, 1, 100),
(139, 17, 6600, 4, 100),
(140, 17, 1636, 4, 100),
(141, 17, 2192, 2, 100),
(142, 15, 1910, 4, 100),
(143, 15, 8168, 3, 100),
(144, 15, 671, 3, 100),
(145, 15, 452, 1, 100),
(146, 14, 2239, 2, 100),
(147, 14, 8328, 1, 100),
(148, 14, 3158, 1, 100),
(149, 14, 523, 4, 100),
(150, 13, 5250, 4, 100),
(151, 13, 347, 1, 100),
(152, 13, 2541, 3, 100),
(153, 13, 6600, 4, 100),
(154, 16, 2317, 3, 100),
(155, 16, 4404, 2, 100),
(156, 16, 523, 1, 100),
(157, 16, 347, 4, 100),
(158, 16, 606, 4, 100),
(159, 16, 334, 4, 100),
(160, 16, 1910, 2, 100),
(161, 16, 347, 2, 100),
(162, 16, 1, 4, 100),
(163, 17, 2860, 3, 100),
(164, 17, 6600, 1, 100),
(165, 17, 463, 4, 100),
(166, 17, 3012, 2, 100),
(167, 17, 2548, 3, 100),
(168, 17, 568, 4, 100),
(169, 17, 671, 4, 100),
(170, 17, 1845, 4, 100),
(171, 17, 8168, 4, 100),
(172, 15, 2317, 2, 100),
(173, 15, 2541, 4, 100),
(174, 15, 2643, 1, 100),
(175, 15, 341, 1, 100),
(176, 15, 3085, 1, 100),
(177, 15, 10625, 3, 100),
(178, 15, 2860, 3, 100),
(179, 15, 4931, 2, 100),
(180, 15, 4931, 3, 100),
(181, 14, 568, 2, 100),
(182, 14, 6230, 1, 100),
(183, 14, 452, 4, 100),
(184, 14, 5250, 1, 100),
(185, 14, 2860, 4, 100),
(186, 14, 944, 4, 100),
(187, 14, 349, 4, 100),
(188, 14, 347, 1, 100),
(189, 14, 671, 3, 100),
(190, 13, 7033, 1, 100),
(191, 13, 4404, 1, 100),
(192, 13, 463, 2, 100),
(193, 13, 2239, 2, 100),
(194, 13, 944, 2, 100),
(195, 13, 606, 1, 100),
(196, 13, 334, 3, 100),
(197, 13, 3885, 2, 100),
(198, 13, 6052, 2, 100);

-- --------------------------------------------------------

--
-- 資料表格式： `basis_evaluation_evaluator_detail`
--

CREATE TABLE IF NOT EXISTS `basis_evaluation_evaluator_detail` (
  `basis_evaluation_evaluator_detail_id` int(10) unsigned NOT NULL AUTO_INCREMENT,
  `basis_evaluation_evaluator_id` int(11) NOT NULL,
  `behavior_id` int(11) NOT NULL,
  `evaluation_scale_item_grade` int(11) NOT NULL,
  PRIMARY KEY (`basis_evaluation_evaluator_detail_id`)
) ENGINE=MyISAM  DEFAULT CHARSET=utf8 AUTO_INCREMENT=2671 ;

--
-- 列出以下資料庫的數據： `basis_evaluation_evaluator_detail`
--

INSERT INTO `basis_evaluation_evaluator_detail` (`basis_evaluation_evaluator_detail_id`, `basis_evaluation_evaluator_id`, `behavior_id`, `evaluation_scale_item_grade`) VALUES
(1, 110, 64, 1),
(2, 110, 65, 5),
(3, 110, 66, 5),
(4, 110, 67, 7),
(5, 110, 68, 6),
(6, 110, 69, 2),
(7, 110, 70, 6),
(8, 110, 71, 4),
(9, 110, 72, 6),
(10, 110, 73, 7),
(11, 110, 74, 4),
(12, 110, 75, 5),
(13, 110, 76, 1),
(14, 110, 77, 7),
(15, 110, 78, 4),
(16, 110, 79, 3),
(17, 110, 80, 7),
(18, 110, 81, 5),
(19, 110, 82, 6),
(20, 110, 83, 6),
(21, 110, 84, 2),
(22, 110, 85, 6),
(23, 110, 86, 1),
(24, 110, 87, 5),
(25, 110, 88, 2),
(26, 110, 89, 2),
(27, 110, 90, 3),
(28, 110, 91, 1),
(29, 110, 92, 7),
(30, 110, 93, 5),
(31, 111, 64, 1),
(32, 111, 65, 7),
(33, 111, 66, 5),
(34, 111, 67, 4),
(35, 111, 68, 5),
(36, 111, 69, 3),
(37, 111, 70, 1),
(38, 111, 71, 7),
(39, 111, 72, 4),
(40, 111, 73, 1),
(41, 111, 74, 5),
(42, 111, 75, 3),
(43, 111, 76, 5),
(44, 111, 77, 2),
(45, 111, 78, 2),
(46, 111, 79, 5),
(47, 111, 80, 6),
(48, 111, 81, 5),
(49, 111, 82, 1),
(50, 111, 83, 3),
(51, 111, 84, 1),
(52, 111, 85, 5),
(53, 111, 86, 2),
(54, 111, 87, 4),
(55, 111, 88, 7),
(56, 111, 89, 5),
(57, 111, 90, 6),
(58, 111, 91, 4),
(59, 111, 92, 5),
(60, 111, 93, 1),
(61, 112, 64, 6),
(62, 112, 65, 2),
(63, 112, 66, 5),
(64, 112, 67, 5),
(65, 112, 68, 3),
(66, 112, 69, 3),
(67, 112, 70, 1),
(68, 112, 71, 5),
(69, 112, 72, 5),
(70, 112, 73, 5),
(71, 112, 74, 4),
(72, 112, 75, 4),
(73, 112, 76, 6),
(74, 112, 77, 5),
(75, 112, 78, 1),
(76, 112, 79, 6),
(77, 112, 80, 5),
(78, 112, 81, 3),
(79, 112, 82, 4),
(80, 112, 83, 7),
(81, 112, 84, 5),
(82, 112, 85, 2),
(83, 112, 86, 5),
(84, 112, 87, 3),
(85, 112, 88, 4),
(86, 112, 89, 1),
(87, 112, 90, 2),
(88, 112, 91, 5),
(89, 112, 92, 5),
(90, 112, 93, 5),
(91, 113, 64, 2),
(92, 113, 65, 1),
(93, 113, 66, 7),
(94, 113, 67, 6),
(95, 113, 68, 4),
(96, 113, 69, 3),
(97, 113, 70, 5),
(98, 113, 71, 7),
(99, 113, 72, 6),
(100, 113, 73, 6),
(101, 113, 74, 5),
(102, 113, 75, 1),
(103, 113, 76, 7),
(104, 113, 77, 7),
(105, 113, 78, 3),
(106, 113, 79, 6),
(107, 113, 80, 1),
(108, 113, 81, 1),
(109, 113, 82, 4),
(110, 113, 83, 6),
(111, 113, 84, 4),
(112, 113, 85, 7),
(113, 113, 86, 4),
(114, 113, 87, 6),
(115, 113, 88, 5),
(116, 113, 89, 7),
(117, 113, 90, 2),
(118, 113, 91, 5),
(119, 113, 92, 6),
(120, 113, 93, 3),
(121, 114, 64, 3),
(122, 114, 65, 2),
(123, 114, 66, 7),
(124, 114, 67, 4),
(125, 114, 68, 3),
(126, 114, 69, 6),
(127, 114, 70, 4),
(128, 114, 71, 4),
(129, 114, 72, 3),
(130, 114, 73, 3),
(131, 114, 74, 4),
(132, 114, 75, 7),
(133, 114, 76, 5),
(134, 114, 77, 5),
(135, 114, 78, 3),
(136, 114, 79, 2),
(137, 114, 80, 5),
(138, 114, 81, 6),
(139, 114, 82, 7),
(140, 114, 83, 4),
(141, 114, 84, 6),
(142, 114, 85, 6),
(143, 114, 86, 4),
(144, 114, 87, 1),
(145, 114, 88, 1),
(146, 114, 89, 4),
(147, 114, 90, 7),
(148, 114, 91, 7),
(149, 114, 92, 3),
(150, 114, 93, 7),
(151, 115, 64, 5),
(152, 115, 65, 4),
(153, 115, 66, 4),
(154, 115, 67, 2),
(155, 115, 68, 3),
(156, 115, 69, 7),
(157, 115, 70, 2),
(158, 115, 71, 7),
(159, 115, 72, 3),
(160, 115, 73, 4),
(161, 115, 74, 4),
(162, 115, 75, 4),
(163, 115, 76, 6),
(164, 115, 77, 3),
(165, 115, 78, 1),
(166, 115, 79, 4),
(167, 115, 80, 5),
(168, 115, 81, 6),
(169, 115, 82, 7),
(170, 115, 83, 2),
(171, 115, 84, 1),
(172, 115, 85, 6),
(173, 115, 86, 6),
(174, 115, 87, 3),
(175, 115, 88, 2),
(176, 115, 89, 7),
(177, 115, 90, 5),
(178, 115, 91, 2),
(179, 115, 92, 7),
(180, 115, 93, 2),
(181, 116, 64, 7),
(182, 116, 65, 3),
(183, 116, 66, 5),
(184, 116, 67, 7),
(185, 116, 68, 1),
(186, 116, 69, 1),
(187, 116, 70, 1),
(188, 116, 71, 2),
(189, 116, 72, 3),
(190, 116, 73, 1),
(191, 116, 74, 6),
(192, 116, 75, 3),
(193, 116, 76, 2),
(194, 116, 77, 5),
(195, 116, 78, 3),
(196, 116, 79, 4),
(197, 116, 80, 7),
(198, 116, 81, 3),
(199, 116, 82, 3),
(200, 116, 83, 1),
(201, 116, 84, 5),
(202, 116, 85, 4),
(203, 116, 86, 4),
(204, 116, 87, 1),
(205, 116, 88, 2),
(206, 116, 89, 7),
(207, 116, 90, 2),
(208, 116, 91, 6),
(209, 116, 92, 3),
(210, 116, 93, 6),
(211, 117, 64, 2),
(212, 117, 65, 3),
(213, 117, 66, 7),
(214, 117, 67, 5),
(215, 117, 68, 7),
(216, 117, 69, 2),
(217, 117, 70, 7),
(218, 117, 71, 6),
(219, 117, 72, 2),
(220, 117, 73, 3),
(221, 117, 74, 1),
(222, 117, 75, 1),
(223, 117, 76, 3),
(224, 117, 77, 2),
(225, 117, 78, 2),
(226, 117, 79, 4),
(227, 117, 80, 3),
(228, 117, 81, 5),
(229, 117, 82, 1),
(230, 117, 83, 1),
(231, 117, 84, 3),
(232, 117, 85, 3),
(233, 117, 86, 6),
(234, 117, 87, 6),
(235, 117, 88, 3),
(236, 117, 89, 1),
(237, 117, 90, 7),
(238, 117, 91, 3),
(239, 117, 92, 4),
(240, 117, 93, 4),
(241, 118, 64, 1),
(242, 118, 65, 6),
(243, 118, 66, 2),
(244, 118, 67, 6),
(245, 118, 68, 7),
(246, 118, 69, 4),
(247, 118, 70, 4),
(248, 118, 71, 1),
(249, 118, 72, 1),
(250, 118, 73, 1),
(251, 118, 74, 6),
(252, 118, 75, 6),
(253, 118, 76, 1),
(254, 118, 77, 2),
(255, 118, 78, 2),
(256, 118, 79, 1),
(257, 118, 80, 7),
(258, 118, 81, 2),
(259, 118, 82, 5),
(260, 118, 83, 2),
(261, 118, 84, 3),
(262, 118, 85, 5),
(263, 118, 86, 4),
(264, 118, 87, 5),
(265, 118, 88, 4),
(266, 118, 89, 7),
(267, 118, 90, 4),
(268, 118, 91, 2),
(269, 118, 92, 6),
(270, 118, 93, 6),
(271, 119, 64, 2),
(272, 119, 65, 3),
(273, 119, 66, 3),
(274, 119, 67, 2),
(275, 119, 68, 3),
(276, 119, 69, 2),
(277, 119, 70, 7),
(278, 119, 71, 1),
(279, 119, 72, 2),
(280, 119, 73, 1),
(281, 119, 74, 4),
(282, 119, 75, 5),
(283, 119, 76, 5),
(284, 119, 77, 1),
(285, 119, 78, 5),
(286, 119, 79, 4),
(287, 119, 80, 1),
(288, 119, 81, 4),
(289, 119, 82, 4),
(290, 119, 83, 1),
(291, 119, 84, 3),
(292, 119, 85, 4),
(293, 119, 86, 5),
(294, 119, 87, 6),
(295, 119, 88, 6),
(296, 119, 89, 4),
(297, 119, 90, 1),
(298, 119, 91, 1),
(299, 119, 92, 2),
(300, 119, 93, 3),
(301, 120, 64, 5),
(302, 120, 65, 5),
(303, 120, 66, 7),
(304, 120, 67, 5),
(305, 120, 68, 1),
(306, 120, 69, 4),
(307, 120, 70, 6),
(308, 120, 71, 3),
(309, 120, 72, 3),
(310, 120, 73, 5),
(311, 120, 74, 2),
(312, 120, 75, 7),
(313, 120, 76, 3),
(314, 120, 77, 2),
(315, 120, 78, 7),
(316, 120, 79, 2),
(317, 120, 80, 5),
(318, 120, 81, 6),
(319, 120, 82, 4),
(320, 120, 83, 6),
(321, 120, 84, 3),
(322, 120, 85, 6),
(323, 120, 86, 4),
(324, 120, 87, 5),
(325, 120, 88, 2),
(326, 120, 89, 6),
(327, 120, 90, 4),
(328, 120, 91, 2),
(329, 120, 92, 1),
(330, 120, 93, 1),
(331, 121, 64, 2),
(332, 121, 65, 4),
(333, 121, 66, 6),
(334, 121, 67, 3),
(335, 121, 68, 7),
(336, 121, 69, 7),
(337, 121, 70, 2),
(338, 121, 71, 6),
(339, 121, 72, 5),
(340, 121, 73, 4),
(341, 121, 74, 1),
(342, 121, 75, 1),
(343, 121, 76, 4),
(344, 121, 77, 5),
(345, 121, 78, 4),
(346, 121, 79, 5),
(347, 121, 80, 5),
(348, 121, 81, 2),
(349, 121, 82, 7),
(350, 121, 83, 7),
(351, 121, 84, 2),
(352, 121, 85, 1),
(353, 121, 86, 5),
(354, 121, 87, 3),
(355, 121, 88, 1),
(356, 121, 89, 6),
(357, 121, 90, 1),
(358, 121, 91, 5),
(359, 121, 92, 4),
(360, 121, 93, 7),
(361, 122, 64, 3),
(362, 122, 65, 2),
(363, 122, 66, 7),
(364, 122, 67, 5),
(365, 122, 68, 5),
(366, 122, 69, 4),
(367, 122, 70, 4),
(368, 122, 71, 6),
(369, 122, 72, 3),
(370, 122, 73, 4),
(371, 122, 74, 3),
(372, 122, 75, 1),
(373, 122, 76, 4),
(374, 122, 77, 7),
(375, 122, 78, 6),
(376, 122, 79, 7),
(377, 122, 80, 6),
(378, 122, 81, 2),
(379, 122, 82, 5),
(380, 122, 83, 4),
(381, 122, 84, 1),
(382, 122, 85, 7),
(383, 122, 86, 2),
(384, 122, 87, 2),
(385, 122, 88, 3),
(386, 122, 89, 2),
(387, 122, 90, 4),
(388, 122, 91, 7),
(389, 122, 92, 3),
(390, 122, 93, 6),
(391, 123, 64, 5),
(392, 123, 65, 2),
(393, 123, 66, 7),
(394, 123, 67, 1),
(395, 123, 68, 5),
(396, 123, 69, 7),
(397, 123, 70, 6),
(398, 123, 71, 4),
(399, 123, 72, 6),
(400, 123, 73, 5),
(401, 123, 74, 1),
(402, 123, 75, 4),
(403, 123, 76, 7),
(404, 123, 77, 2),
(405, 123, 78, 2),
(406, 123, 79, 6),
(407, 123, 80, 3),
(408, 123, 81, 3),
(409, 123, 82, 4),
(410, 123, 83, 4),
(411, 123, 84, 1),
(412, 123, 85, 6),
(413, 123, 86, 4),
(414, 123, 87, 3),
(415, 123, 88, 2),
(416, 123, 89, 1),
(417, 123, 90, 2),
(418, 123, 91, 5),
(419, 123, 92, 6),
(420, 123, 93, 1),
(421, 124, 64, 3),
(422, 124, 65, 1),
(423, 124, 66, 1),
(424, 124, 67, 4),
(425, 124, 68, 6),
(426, 124, 69, 6),
(427, 124, 70, 6),
(428, 124, 71, 1),
(429, 124, 72, 3),
(430, 124, 73, 4),
(431, 124, 74, 4),
(432, 124, 75, 3),
(433, 124, 76, 1),
(434, 124, 77, 4),
(435, 124, 78, 7),
(436, 124, 79, 3),
(437, 124, 80, 3),
(438, 124, 81, 4),
(439, 124, 82, 4),
(440, 124, 83, 4),
(441, 124, 84, 5),
(442, 124, 85, 6),
(443, 124, 86, 7),
(444, 124, 87, 6),
(445, 124, 88, 2),
(446, 124, 89, 6),
(447, 124, 90, 5),
(448, 124, 91, 5),
(449, 124, 92, 3),
(450, 124, 93, 1),
(451, 125, 64, 4),
(452, 125, 65, 2),
(453, 125, 66, 5),
(454, 125, 67, 2),
(455, 125, 68, 6),
(456, 125, 69, 5),
(457, 125, 70, 1),
(458, 125, 71, 3),
(459, 125, 72, 3),
(460, 125, 73, 1),
(461, 125, 74, 3),
(462, 125, 75, 3),
(463, 125, 76, 5),
(464, 125, 77, 1),
(465, 125, 78, 3),
(466, 125, 79, 3),
(467, 125, 80, 3),
(468, 125, 81, 3),
(469, 125, 82, 7),
(470, 125, 83, 1),
(471, 125, 84, 7),
(472, 125, 85, 5),
(473, 125, 86, 1),
(474, 125, 87, 6),
(475, 125, 88, 1),
(476, 125, 89, 6),
(477, 125, 90, 3),
(478, 125, 91, 1),
(479, 125, 92, 3),
(480, 125, 93, 2),
(481, 126, 64, 2),
(482, 126, 65, 2),
(483, 126, 66, 7),
(484, 126, 67, 7),
(485, 126, 68, 3),
(486, 126, 69, 5),
(487, 126, 70, 2),
(488, 126, 71, 3),
(489, 126, 72, 3),
(490, 126, 73, 5),
(491, 126, 74, 2),
(492, 126, 75, 6),
(493, 126, 76, 7),
(494, 126, 77, 1),
(495, 126, 78, 2),
(496, 126, 79, 6),
(497, 126, 80, 3),
(498, 126, 81, 1),
(499, 126, 82, 7),
(500, 126, 83, 2),
(501, 126, 84, 7),
(502, 126, 85, 2),
(503, 126, 86, 7),
(504, 126, 87, 6),
(505, 126, 88, 7),
(506, 126, 89, 1),
(507, 126, 90, 6),
(508, 126, 91, 1),
(509, 126, 92, 7),
(510, 126, 93, 1),
(511, 127, 64, 7),
(512, 127, 65, 7),
(513, 127, 66, 7),
(514, 127, 67, 4),
(515, 127, 68, 3),
(516, 127, 69, 1),
(517, 127, 70, 5),
(518, 127, 71, 2),
(519, 127, 72, 3),
(520, 127, 73, 1),
(521, 127, 74, 2),
(522, 127, 75, 2),
(523, 127, 76, 5),
(524, 127, 77, 7),
(525, 127, 78, 7),
(526, 127, 79, 3),
(527, 127, 80, 4),
(528, 127, 81, 1),
(529, 127, 82, 2),
(530, 127, 83, 6),
(531, 127, 84, 1),
(532, 127, 85, 3),
(533, 127, 86, 4),
(534, 127, 87, 2),
(535, 127, 88, 4),
(536, 127, 89, 4),
(537, 127, 90, 7),
(538, 127, 91, 1),
(539, 127, 92, 6),
(540, 127, 93, 2),
(541, 128, 64, 1),
(542, 128, 65, 6),
(543, 128, 66, 1),
(544, 128, 67, 2),
(545, 128, 68, 1),
(546, 128, 69, 5),
(547, 128, 70, 2),
(548, 128, 71, 2),
(549, 128, 72, 4),
(550, 128, 73, 5),
(551, 128, 74, 5),
(552, 128, 75, 6),
(553, 128, 76, 3),
(554, 128, 77, 5),
(555, 128, 78, 2),
(556, 128, 79, 1),
(557, 128, 80, 3),
(558, 128, 81, 4),
(559, 128, 82, 3),
(560, 128, 83, 2),
(561, 128, 84, 4),
(562, 128, 85, 3),
(563, 128, 86, 5),
(564, 128, 87, 4),
(565, 128, 88, 4),
(566, 128, 89, 1),
(567, 128, 90, 5),
(568, 128, 91, 1),
(569, 128, 92, 3),
(570, 128, 93, 7),
(571, 129, 64, 1),
(572, 129, 65, 2),
(573, 129, 66, 5),
(574, 129, 67, 3),
(575, 129, 68, 3),
(576, 129, 69, 2),
(577, 129, 70, 4),
(578, 129, 71, 6),
(579, 129, 72, 3),
(580, 129, 73, 2),
(581, 129, 74, 5),
(582, 129, 75, 7),
(583, 129, 76, 3),
(584, 129, 77, 3),
(585, 129, 78, 7),
(586, 129, 79, 7),
(587, 129, 80, 3),
(588, 129, 81, 7),
(589, 129, 82, 1),
(590, 129, 83, 4),
(591, 129, 84, 3),
(592, 129, 85, 2),
(593, 129, 86, 2),
(594, 129, 87, 7),
(595, 129, 88, 4),
(596, 129, 89, 3),
(597, 129, 90, 6),
(598, 129, 91, 6),
(599, 129, 92, 1),
(600, 129, 93, 5),
(601, 130, 64, 6),
(602, 130, 65, 7),
(603, 130, 66, 2),
(604, 130, 67, 5),
(605, 130, 68, 1),
(606, 130, 69, 1),
(607, 130, 70, 7),
(608, 130, 71, 6),
(609, 130, 72, 7),
(610, 130, 73, 4),
(611, 130, 74, 4),
(612, 130, 75, 7),
(613, 130, 76, 5),
(614, 130, 77, 3),
(615, 130, 78, 4),
(616, 130, 79, 4),
(617, 130, 80, 3),
(618, 130, 81, 4),
(619, 130, 82, 5),
(620, 130, 83, 4),
(621, 130, 84, 6),
(622, 130, 85, 7),
(623, 130, 86, 3),
(624, 130, 87, 2),
(625, 130, 88, 1),
(626, 130, 89, 5),
(627, 130, 90, 3),
(628, 130, 91, 6),
(629, 130, 92, 5),
(630, 130, 93, 4),
(631, 131, 64, 1),
(632, 131, 65, 5),
(633, 131, 66, 5),
(634, 131, 67, 6),
(635, 131, 68, 3),
(636, 131, 69, 6),
(637, 131, 70, 5),
(638, 131, 71, 7),
(639, 131, 72, 5),
(640, 131, 73, 5),
(641, 131, 74, 7),
(642, 131, 75, 4),
(643, 131, 76, 4),
(644, 131, 77, 1),
(645, 131, 78, 6),
(646, 131, 79, 7),
(647, 131, 80, 4),
(648, 131, 81, 6),
(649, 131, 82, 4),
(650, 131, 83, 5),
(651, 131, 84, 4),
(652, 131, 85, 4),
(653, 131, 86, 5),
(654, 131, 87, 3),
(655, 131, 88, 5),
(656, 131, 89, 7),
(657, 131, 90, 2),
(658, 131, 91, 1),
(659, 131, 92, 1),
(660, 131, 93, 7),
(661, 132, 64, 7),
(662, 132, 65, 5),
(663, 132, 66, 6),
(664, 132, 67, 6),
(665, 132, 68, 7),
(666, 132, 69, 3),
(667, 132, 70, 7),
(668, 132, 71, 6),
(669, 132, 72, 5),
(670, 132, 73, 6),
(671, 132, 74, 5),
(672, 132, 75, 2),
(673, 132, 76, 2),
(674, 132, 77, 3),
(675, 132, 78, 7),
(676, 132, 79, 1),
(677, 132, 80, 3),
(678, 132, 81, 5),
(679, 132, 82, 7),
(680, 132, 83, 7),
(681, 132, 84, 7),
(682, 132, 85, 6),
(683, 132, 86, 5),
(684, 132, 87, 4),
(685, 132, 88, 6),
(686, 132, 89, 5),
(687, 132, 90, 4),
(688, 132, 91, 4),
(689, 132, 92, 6),
(690, 132, 93, 3),
(691, 133, 64, 1),
(692, 133, 65, 6),
(693, 133, 66, 6),
(694, 133, 67, 5),
(695, 133, 68, 7),
(696, 133, 69, 7),
(697, 133, 70, 4),
(698, 133, 71, 7),
(699, 133, 72, 6),
(700, 133, 73, 5),
(701, 133, 74, 7),
(702, 133, 75, 5),
(703, 133, 76, 1),
(704, 133, 77, 6),
(705, 133, 78, 7),
(706, 133, 79, 1),
(707, 133, 80, 5),
(708, 133, 81, 7),
(709, 133, 82, 2),
(710, 133, 83, 1),
(711, 133, 84, 6),
(712, 133, 85, 6),
(713, 133, 86, 6),
(714, 133, 87, 5),
(715, 133, 88, 2),
(716, 133, 89, 3),
(717, 133, 90, 2),
(718, 133, 91, 6),
(719, 133, 92, 5),
(720, 133, 93, 7),
(721, 134, 64, 4),
(722, 134, 65, 1),
(723, 134, 66, 6),
(724, 134, 67, 3),
(725, 134, 68, 3),
(726, 134, 69, 6),
(727, 134, 70, 5),
(728, 134, 71, 3),
(729, 134, 72, 2),
(730, 134, 73, 3),
(731, 134, 74, 6),
(732, 134, 75, 3),
(733, 134, 76, 7),
(734, 134, 77, 7),
(735, 134, 78, 4),
(736, 134, 79, 6),
(737, 134, 80, 4),
(738, 134, 81, 3),
(739, 134, 82, 5),
(740, 134, 83, 5),
(741, 134, 84, 5),
(742, 134, 85, 5),
(743, 134, 86, 6),
(744, 134, 87, 3),
(745, 134, 88, 2),
(746, 134, 89, 6),
(747, 134, 90, 4),
(748, 134, 91, 1),
(749, 134, 92, 1),
(750, 134, 93, 5),
(751, 135, 64, 2),
(752, 135, 65, 1),
(753, 135, 66, 1),
(754, 135, 67, 3),
(755, 135, 68, 7),
(756, 135, 69, 3),
(757, 135, 70, 1),
(758, 135, 71, 6),
(759, 135, 72, 6),
(760, 135, 73, 4),
(761, 135, 74, 7),
(762, 135, 75, 7),
(763, 135, 76, 5),
(764, 135, 77, 2),
(765, 135, 78, 2),
(766, 135, 79, 5),
(767, 135, 80, 7),
(768, 135, 81, 3),
(769, 135, 82, 3),
(770, 135, 83, 1),
(771, 135, 84, 4),
(772, 135, 85, 4),
(773, 135, 86, 4),
(774, 135, 87, 1),
(775, 135, 88, 4),
(776, 135, 89, 3),
(777, 135, 90, 1),
(778, 135, 91, 6),
(779, 135, 92, 1),
(780, 135, 93, 7),
(781, 136, 64, 5),
(782, 136, 65, 6),
(783, 136, 66, 3),
(784, 136, 67, 4),
(785, 136, 68, 1),
(786, 136, 69, 4),
(787, 136, 70, 3),
(788, 136, 71, 2),
(789, 136, 72, 1),
(790, 136, 73, 5),
(791, 136, 74, 2),
(792, 136, 75, 3),
(793, 136, 76, 7),
(794, 136, 77, 3),
(795, 136, 78, 7),
(796, 136, 79, 1),
(797, 136, 80, 7),
(798, 136, 81, 2),
(799, 136, 82, 6),
(800, 136, 83, 5),
(801, 136, 84, 3),
(802, 136, 85, 6),
(803, 136, 86, 4),
(804, 136, 87, 2),
(805, 136, 88, 6),
(806, 136, 89, 3),
(807, 136, 90, 6),
(808, 136, 91, 2),
(809, 136, 92, 3),
(810, 136, 93, 4),
(811, 137, 64, 1),
(812, 137, 65, 5),
(813, 137, 66, 4),
(814, 137, 67, 7),
(815, 137, 68, 7),
(816, 137, 69, 6),
(817, 137, 70, 3),
(818, 137, 71, 5),
(819, 137, 72, 1),
(820, 137, 73, 6),
(821, 137, 74, 5),
(822, 137, 75, 3),
(823, 137, 76, 1),
(824, 137, 77, 1),
(825, 137, 78, 3),
(826, 137, 79, 4),
(827, 137, 80, 4),
(828, 137, 81, 5),
(829, 137, 82, 1),
(830, 137, 83, 6),
(831, 137, 84, 7),
(832, 137, 85, 7),
(833, 137, 86, 7),
(834, 137, 87, 2),
(835, 137, 88, 1),
(836, 137, 89, 7),
(837, 137, 90, 4),
(838, 137, 91, 5),
(839, 137, 92, 2),
(840, 137, 93, 7),
(841, 138, 64, 4),
(842, 138, 65, 7),
(843, 138, 66, 4),
(844, 138, 67, 4),
(845, 138, 68, 3),
(846, 138, 69, 7),
(847, 138, 70, 3),
(848, 138, 71, 1),
(849, 138, 72, 5),
(850, 138, 73, 6),
(851, 138, 74, 6),
(852, 138, 75, 4),
(853, 138, 76, 2),
(854, 138, 77, 3),
(855, 138, 78, 3),
(856, 138, 79, 2),
(857, 138, 80, 1),
(858, 138, 81, 7),
(859, 138, 82, 5),
(860, 138, 83, 2),
(861, 138, 84, 5),
(862, 138, 85, 7),
(863, 138, 86, 3),
(864, 138, 87, 1),
(865, 138, 88, 3),
(866, 138, 89, 7),
(867, 138, 90, 7),
(868, 138, 91, 5),
(869, 138, 92, 4),
(870, 138, 93, 3),
(871, 139, 64, 7),
(872, 139, 65, 3),
(873, 139, 66, 2),
(874, 139, 67, 5),
(875, 139, 68, 2),
(876, 139, 69, 3),
(877, 139, 70, 2),
(878, 139, 71, 3),
(879, 139, 72, 1),
(880, 139, 73, 1),
(881, 139, 74, 4),
(882, 139, 75, 6),
(883, 139, 76, 3),
(884, 139, 77, 2),
(885, 139, 78, 6),
(886, 139, 79, 5),
(887, 139, 80, 4),
(888, 139, 81, 5),
(889, 139, 82, 7),
(890, 139, 83, 1),
(891, 139, 84, 1),
(892, 139, 85, 1),
(893, 139, 86, 6),
(894, 139, 87, 7),
(895, 139, 88, 6),
(896, 139, 89, 7),
(897, 139, 90, 3),
(898, 139, 91, 2),
(899, 139, 92, 2),
(900, 139, 93, 3),
(901, 140, 64, 1),
(902, 140, 65, 7),
(903, 140, 66, 6),
(904, 140, 67, 6),
(905, 140, 68, 3),
(906, 140, 69, 2),
(907, 140, 70, 3),
(908, 140, 71, 1),
(909, 140, 72, 4),
(910, 140, 73, 5),
(911, 140, 74, 2),
(912, 140, 75, 7),
(913, 140, 76, 6),
(914, 140, 77, 4),
(915, 140, 78, 3),
(916, 140, 79, 7),
(917, 140, 80, 5),
(918, 140, 81, 5),
(919, 140, 82, 7),
(920, 140, 83, 7),
(921, 140, 84, 2),
(922, 140, 85, 1),
(923, 140, 86, 7),
(924, 140, 87, 5),
(925, 140, 88, 3),
(926, 140, 89, 5),
(927, 140, 90, 5),
(928, 140, 91, 6),
(929, 140, 92, 6),
(930, 140, 93, 4),
(931, 141, 64, 6),
(932, 141, 65, 1),
(933, 141, 66, 2),
(934, 141, 67, 4),
(935, 141, 68, 7),
(936, 141, 69, 1),
(937, 141, 70, 6),
(938, 141, 71, 5),
(939, 141, 72, 6),
(940, 141, 73, 6),
(941, 141, 74, 2),
(942, 141, 75, 6),
(943, 141, 76, 6),
(944, 141, 77, 5),
(945, 141, 78, 3),
(946, 141, 79, 2),
(947, 141, 80, 5),
(948, 141, 81, 4),
(949, 141, 82, 7),
(950, 141, 83, 4),
(951, 141, 84, 6),
(952, 141, 85, 1),
(953, 141, 86, 7),
(954, 141, 87, 7),
(955, 141, 88, 1),
(956, 141, 89, 2),
(957, 141, 90, 1),
(958, 141, 91, 2),
(959, 141, 92, 6),
(960, 141, 93, 3),
(961, 142, 64, 7),
(962, 142, 65, 3),
(963, 142, 66, 4),
(964, 142, 67, 1),
(965, 142, 68, 3),
(966, 142, 69, 2),
(967, 142, 70, 6),
(968, 142, 71, 5),
(969, 142, 72, 6),
(970, 142, 73, 7),
(971, 142, 74, 2),
(972, 142, 75, 7),
(973, 142, 76, 5),
(974, 142, 77, 1),
(975, 142, 78, 1),
(976, 142, 79, 4),
(977, 142, 80, 1),
(978, 142, 81, 1),
(979, 142, 82, 1),
(980, 142, 83, 2),
(981, 142, 84, 7),
(982, 142, 85, 4),
(983, 142, 86, 5),
(984, 142, 87, 5),
(985, 142, 88, 7),
(986, 142, 89, 6),
(987, 142, 90, 5),
(988, 142, 91, 5),
(989, 142, 92, 7),
(990, 142, 93, 3),
(991, 143, 64, 4),
(992, 143, 65, 6),
(993, 143, 66, 7),
(994, 143, 67, 4),
(995, 143, 68, 7),
(996, 143, 69, 7),
(997, 143, 70, 4),
(998, 143, 71, 1),
(999, 143, 72, 3),
(1000, 143, 73, 4),
(1001, 143, 74, 6),
(1002, 143, 75, 2),
(1003, 143, 76, 4),
(1004, 143, 77, 6),
(1005, 143, 78, 3),
(1006, 143, 79, 6),
(1007, 143, 80, 6),
(1008, 143, 81, 7),
(1009, 143, 82, 2),
(1010, 143, 83, 5),
(1011, 143, 84, 2),
(1012, 143, 85, 7),
(1013, 143, 86, 2),
(1014, 143, 87, 7),
(1015, 143, 88, 6),
(1016, 143, 89, 4),
(1017, 143, 90, 2),
(1018, 143, 91, 4),
(1019, 143, 92, 5),
(1020, 143, 93, 3),
(1021, 144, 64, 6),
(1022, 144, 65, 3),
(1023, 144, 66, 1),
(1024, 144, 67, 1),
(1025, 144, 68, 2),
(1026, 144, 69, 4),
(1027, 144, 70, 6),
(1028, 144, 71, 4),
(1029, 144, 72, 7),
(1030, 144, 73, 7),
(1031, 144, 74, 2),
(1032, 144, 75, 3),
(1033, 144, 76, 2),
(1034, 144, 77, 4),
(1035, 144, 78, 1),
(1036, 144, 79, 3),
(1037, 144, 80, 3),
(1038, 144, 81, 2),
(1039, 144, 82, 1),
(1040, 144, 83, 2),
(1041, 144, 84, 6),
(1042, 144, 85, 2),
(1043, 144, 86, 5),
(1044, 144, 87, 5),
(1045, 144, 88, 6),
(1046, 144, 89, 1),
(1047, 144, 90, 3),
(1048, 144, 91, 2),
(1049, 144, 92, 6),
(1050, 144, 93, 2),
(1051, 145, 64, 7),
(1052, 145, 65, 7),
(1053, 145, 66, 1),
(1054, 145, 67, 2),
(1055, 145, 68, 7),
(1056, 145, 69, 2),
(1057, 145, 70, 7),
(1058, 145, 71, 4),
(1059, 145, 72, 7),
(1060, 145, 73, 1),
(1061, 145, 74, 6),
(1062, 145, 75, 4),
(1063, 145, 76, 3),
(1064, 145, 77, 1),
(1065, 145, 78, 7),
(1066, 145, 79, 5),
(1067, 145, 80, 2),
(1068, 145, 81, 7),
(1069, 145, 82, 6),
(1070, 145, 83, 4),
(1071, 145, 84, 5),
(1072, 145, 85, 2),
(1073, 145, 86, 5),
(1074, 145, 87, 4),
(1075, 145, 88, 4),
(1076, 145, 89, 1),
(1077, 145, 90, 7),
(1078, 145, 91, 2),
(1079, 145, 92, 2),
(1080, 145, 93, 6),
(1081, 146, 64, 1),
(1082, 146, 65, 5),
(1083, 146, 66, 6),
(1084, 146, 67, 1),
(1085, 146, 68, 4),
(1086, 146, 69, 6),
(1087, 146, 70, 2),
(1088, 146, 71, 2),
(1089, 146, 72, 3),
(1090, 146, 73, 5),
(1091, 146, 74, 7),
(1092, 146, 75, 7),
(1093, 146, 76, 1),
(1094, 146, 77, 1),
(1095, 146, 78, 4),
(1096, 146, 79, 6),
(1097, 146, 80, 6),
(1098, 146, 81, 1),
(1099, 146, 82, 6),
(1100, 146, 83, 6),
(1101, 146, 84, 2),
(1102, 146, 85, 3),
(1103, 146, 86, 6),
(1104, 146, 87, 2),
(1105, 146, 88, 2),
(1106, 146, 89, 2),
(1107, 146, 90, 6),
(1108, 146, 91, 1),
(1109, 146, 92, 4),
(1110, 146, 93, 4),
(1111, 147, 64, 7),
(1112, 147, 65, 1),
(1113, 147, 66, 2),
(1114, 147, 67, 2),
(1115, 147, 68, 7),
(1116, 147, 69, 6),
(1117, 147, 70, 6),
(1118, 147, 71, 1),
(1119, 147, 72, 3),
(1120, 147, 73, 1),
(1121, 147, 74, 5),
(1122, 147, 75, 4),
(1123, 147, 76, 7),
(1124, 147, 77, 5),
(1125, 147, 78, 7),
(1126, 147, 79, 1),
(1127, 147, 80, 1),
(1128, 147, 81, 2),
(1129, 147, 82, 1),
(1130, 147, 83, 1),
(1131, 147, 84, 4),
(1132, 147, 85, 3),
(1133, 147, 86, 5),
(1134, 147, 87, 1),
(1135, 147, 88, 5),
(1136, 147, 89, 7),
(1137, 147, 90, 5),
(1138, 147, 91, 4),
(1139, 147, 92, 4),
(1140, 147, 93, 6),
(1141, 148, 64, 4),
(1142, 148, 65, 7),
(1143, 148, 66, 1),
(1144, 148, 67, 2),
(1145, 148, 68, 5),
(1146, 148, 69, 5),
(1147, 148, 70, 4),
(1148, 148, 71, 4),
(1149, 148, 72, 4),
(1150, 148, 73, 3),
(1151, 148, 74, 7),
(1152, 148, 75, 6),
(1153, 148, 76, 2),
(1154, 148, 77, 2),
(1155, 148, 78, 2),
(1156, 148, 79, 2),
(1157, 148, 80, 2),
(1158, 148, 81, 1),
(1159, 148, 82, 7),
(1160, 148, 83, 3),
(1161, 148, 84, 6),
(1162, 148, 85, 7),
(1163, 148, 86, 5),
(1164, 148, 87, 7),
(1165, 148, 88, 4),
(1166, 148, 89, 6),
(1167, 148, 90, 7),
(1168, 148, 91, 5),
(1169, 148, 92, 3),
(1170, 148, 93, 5),
(1171, 149, 64, 4),
(1172, 149, 65, 2),
(1173, 149, 66, 1),
(1174, 149, 67, 3),
(1175, 149, 68, 5),
(1176, 149, 69, 3),
(1177, 149, 70, 4),
(1178, 149, 71, 7),
(1179, 149, 72, 3),
(1180, 149, 73, 7),
(1181, 149, 74, 4),
(1182, 149, 75, 3),
(1183, 149, 76, 6),
(1184, 149, 77, 3),
(1185, 149, 78, 1),
(1186, 149, 79, 6),
(1187, 149, 80, 7),
(1188, 149, 81, 6),
(1189, 149, 82, 7),
(1190, 149, 83, 6),
(1191, 149, 84, 2),
(1192, 149, 85, 3),
(1193, 149, 86, 7),
(1194, 149, 87, 6),
(1195, 149, 88, 2),
(1196, 149, 89, 3),
(1197, 149, 90, 6),
(1198, 149, 91, 2),
(1199, 149, 92, 4),
(1200, 149, 93, 2),
(1201, 150, 64, 6),
(1202, 150, 65, 4),
(1203, 150, 66, 4),
(1204, 150, 67, 5),
(1205, 150, 68, 6),
(1206, 150, 69, 5),
(1207, 150, 70, 3),
(1208, 150, 71, 6),
(1209, 150, 72, 5),
(1210, 150, 73, 2),
(1211, 150, 74, 1),
(1212, 150, 75, 4),
(1213, 150, 76, 5),
(1214, 150, 77, 2),
(1215, 150, 78, 7),
(1216, 150, 79, 1),
(1217, 150, 80, 1),
(1218, 150, 81, 5),
(1219, 150, 82, 6),
(1220, 150, 83, 5),
(1221, 150, 84, 4),
(1222, 150, 85, 3),
(1223, 150, 86, 7),
(1224, 150, 87, 5),
(1225, 150, 88, 1),
(1226, 150, 89, 4),
(1227, 150, 90, 2),
(1228, 150, 91, 1),
(1229, 150, 92, 2),
(1230, 150, 93, 6),
(1231, 151, 64, 1),
(1232, 151, 65, 2),
(1233, 151, 66, 1),
(1234, 151, 67, 4),
(1235, 151, 68, 3),
(1236, 151, 69, 2),
(1237, 151, 70, 3),
(1238, 151, 71, 3),
(1239, 151, 72, 2),
(1240, 151, 73, 4),
(1241, 151, 74, 7),
(1242, 151, 75, 4),
(1243, 151, 76, 6),
(1244, 151, 77, 1),
(1245, 151, 78, 6),
(1246, 151, 79, 5),
(1247, 151, 80, 1),
(1248, 151, 81, 3),
(1249, 151, 82, 5),
(1250, 151, 83, 1),
(1251, 151, 84, 2),
(1252, 151, 85, 3),
(1253, 151, 86, 2),
(1254, 151, 87, 4),
(1255, 151, 88, 4),
(1256, 151, 89, 3),
(1257, 151, 90, 5),
(1258, 151, 91, 2),
(1259, 151, 92, 4),
(1260, 151, 93, 5),
(1261, 152, 64, 3),
(1262, 152, 65, 6),
(1263, 152, 66, 7),
(1264, 152, 67, 4),
(1265, 152, 68, 6),
(1266, 152, 69, 4),
(1267, 152, 70, 4),
(1268, 152, 71, 6),
(1269, 152, 72, 2),
(1270, 152, 73, 7),
(1271, 152, 74, 4),
(1272, 152, 75, 2),
(1273, 152, 76, 6),
(1274, 152, 77, 5),
(1275, 152, 78, 6),
(1276, 152, 79, 5),
(1277, 152, 80, 2),
(1278, 152, 81, 1),
(1279, 152, 82, 5),
(1280, 152, 83, 4),
(1281, 152, 84, 4),
(1282, 152, 85, 4),
(1283, 152, 86, 1),
(1284, 152, 87, 6),
(1285, 152, 88, 2),
(1286, 152, 89, 5),
(1287, 152, 90, 3),
(1288, 152, 91, 1),
(1289, 152, 92, 4),
(1290, 152, 93, 6),
(1291, 153, 64, 2),
(1292, 153, 65, 1),
(1293, 153, 66, 1),
(1294, 153, 67, 4),
(1295, 153, 68, 2),
(1296, 153, 69, 4),
(1297, 153, 70, 6),
(1298, 153, 71, 2),
(1299, 153, 72, 1),
(1300, 153, 73, 2),
(1301, 153, 74, 3),
(1302, 153, 75, 4),
(1303, 153, 76, 1),
(1304, 153, 77, 6),
(1305, 153, 78, 7),
(1306, 153, 79, 5),
(1307, 153, 80, 2),
(1308, 153, 81, 1),
(1309, 153, 82, 1),
(1310, 153, 83, 2),
(1311, 153, 84, 5),
(1312, 153, 85, 4),
(1313, 153, 86, 5),
(1314, 153, 87, 5),
(1315, 153, 88, 3),
(1316, 153, 89, 2),
(1317, 153, 90, 5),
(1318, 153, 91, 5),
(1319, 153, 92, 5),
(1320, 153, 93, 4),
(1321, 154, 64, 7),
(1322, 154, 65, 2),
(1323, 154, 66, 3),
(1324, 154, 67, 2),
(1325, 154, 68, 6),
(1326, 154, 69, 6),
(1327, 154, 70, 6),
(1328, 154, 71, 1),
(1329, 154, 72, 1),
(1330, 154, 73, 4),
(1331, 154, 74, 3),
(1332, 154, 75, 3),
(1333, 154, 76, 4),
(1334, 154, 77, 1),
(1335, 154, 78, 2),
(1336, 154, 79, 6),
(1337, 154, 80, 1),
(1338, 154, 81, 5),
(1339, 154, 82, 4),
(1340, 154, 83, 2),
(1341, 154, 84, 4),
(1342, 154, 85, 1),
(1343, 154, 86, 4),
(1344, 154, 87, 1),
(1345, 154, 88, 6),
(1346, 154, 89, 4),
(1347, 154, 90, 7),
(1348, 154, 91, 3),
(1349, 154, 92, 4),
(1350, 154, 93, 5),
(1351, 155, 64, 2),
(1352, 155, 65, 5),
(1353, 155, 66, 7),
(1354, 155, 67, 6),
(1355, 155, 68, 1),
(1356, 155, 69, 5),
(1357, 155, 70, 3),
(1358, 155, 71, 5),
(1359, 155, 72, 1),
(1360, 155, 73, 1),
(1361, 155, 74, 1),
(1362, 155, 75, 2),
(1363, 155, 76, 6),
(1364, 155, 77, 6),
(1365, 155, 78, 5),
(1366, 155, 79, 4),
(1367, 155, 80, 7),
(1368, 155, 81, 3),
(1369, 155, 82, 2),
(1370, 155, 83, 5),
(1371, 155, 84, 7),
(1372, 155, 85, 5),
(1373, 155, 86, 3),
(1374, 155, 87, 3),
(1375, 155, 88, 4),
(1376, 155, 89, 1),
(1377, 155, 90, 1),
(1378, 155, 91, 6),
(1379, 155, 92, 2),
(1380, 155, 93, 6),
(1381, 156, 64, 7),
(1382, 156, 65, 5),
(1383, 156, 66, 4),
(1384, 156, 67, 1),
(1385, 156, 68, 2),
(1386, 156, 69, 2),
(1387, 156, 70, 2),
(1388, 156, 71, 7),
(1389, 156, 72, 3),
(1390, 156, 73, 2),
(1391, 156, 74, 5),
(1392, 156, 75, 1),
(1393, 156, 76, 4),
(1394, 156, 77, 7),
(1395, 156, 78, 6),
(1396, 156, 79, 1),
(1397, 156, 80, 3),
(1398, 156, 81, 7),
(1399, 156, 82, 6),
(1400, 156, 83, 6),
(1401, 156, 84, 6),
(1402, 156, 85, 4),
(1403, 156, 86, 6),
(1404, 156, 87, 7),
(1405, 156, 88, 4),
(1406, 156, 89, 4),
(1407, 156, 90, 6),
(1408, 156, 91, 7),
(1409, 156, 92, 5),
(1410, 156, 93, 6),
(1411, 157, 64, 6),
(1412, 157, 65, 7),
(1413, 157, 66, 6),
(1414, 157, 67, 4),
(1415, 157, 68, 1),
(1416, 157, 69, 3),
(1417, 157, 70, 7),
(1418, 157, 71, 4),
(1419, 157, 72, 5),
(1420, 157, 73, 2),
(1421, 157, 74, 6),
(1422, 157, 75, 6),
(1423, 157, 76, 5),
(1424, 157, 77, 6),
(1425, 157, 78, 3),
(1426, 157, 79, 4),
(1427, 157, 80, 1),
(1428, 157, 81, 3),
(1429, 157, 82, 2),
(1430, 157, 83, 2),
(1431, 157, 84, 2),
(1432, 157, 85, 1),
(1433, 157, 86, 5),
(1434, 157, 87, 3),
(1435, 157, 88, 7),
(1436, 157, 89, 1),
(1437, 157, 90, 1),
(1438, 157, 91, 3),
(1439, 157, 92, 4),
(1440, 157, 93, 5),
(1441, 158, 64, 5),
(1442, 158, 65, 6),
(1443, 158, 66, 6),
(1444, 158, 67, 1),
(1445, 158, 68, 7),
(1446, 158, 69, 2),
(1447, 158, 70, 1),
(1448, 158, 71, 5),
(1449, 158, 72, 1),
(1450, 158, 73, 6),
(1451, 158, 74, 4),
(1452, 158, 75, 3),
(1453, 158, 76, 4),
(1454, 158, 77, 2),
(1455, 158, 78, 1),
(1456, 158, 79, 4),
(1457, 158, 80, 4),
(1458, 158, 81, 7),
(1459, 158, 82, 6),
(1460, 158, 83, 3),
(1461, 158, 84, 5),
(1462, 158, 85, 3),
(1463, 158, 86, 7),
(1464, 158, 87, 2),
(1465, 158, 88, 7),
(1466, 158, 89, 7),
(1467, 158, 90, 3),
(1468, 158, 91, 1),
(1469, 158, 92, 1),
(1470, 158, 93, 2),
(1471, 159, 64, 4),
(1472, 159, 65, 3),
(1473, 159, 66, 1),
(1474, 159, 67, 5),
(1475, 159, 68, 1),
(1476, 159, 69, 1),
(1477, 159, 70, 4),
(1478, 159, 71, 6),
(1479, 159, 72, 4),
(1480, 159, 73, 6),
(1481, 159, 74, 4),
(1482, 159, 75, 6),
(1483, 159, 76, 5),
(1484, 159, 77, 2),
(1485, 159, 78, 5),
(1486, 159, 79, 4),
(1487, 159, 80, 6),
(1488, 159, 81, 1),
(1489, 159, 82, 1),
(1490, 159, 83, 2),
(1491, 159, 84, 6),
(1492, 159, 85, 2),
(1493, 159, 86, 3),
(1494, 159, 87, 3),
(1495, 159, 88, 1),
(1496, 159, 89, 2),
(1497, 159, 90, 5),
(1498, 159, 91, 3),
(1499, 159, 92, 2),
(1500, 159, 93, 7),
(1501, 160, 64, 3),
(1502, 160, 65, 1),
(1503, 160, 66, 7),
(1504, 160, 67, 6),
(1505, 160, 68, 6),
(1506, 160, 69, 3),
(1507, 160, 70, 6),
(1508, 160, 71, 7),
(1509, 160, 72, 3),
(1510, 160, 73, 2),
(1511, 160, 74, 3),
(1512, 160, 75, 5),
(1513, 160, 76, 3),
(1514, 160, 77, 6),
(1515, 160, 78, 2),
(1516, 160, 79, 1),
(1517, 160, 80, 2),
(1518, 160, 81, 5),
(1519, 160, 82, 7),
(1520, 160, 83, 4),
(1521, 160, 84, 1),
(1522, 160, 85, 3),
(1523, 160, 86, 2),
(1524, 160, 87, 1),
(1525, 160, 88, 4),
(1526, 160, 89, 2),
(1527, 160, 90, 4),
(1528, 160, 91, 2),
(1529, 160, 92, 5),
(1530, 160, 93, 6),
(1531, 161, 64, 4),
(1532, 161, 65, 5),
(1533, 161, 66, 1),
(1534, 161, 67, 5),
(1535, 161, 68, 6),
(1536, 161, 69, 2),
(1537, 161, 70, 7),
(1538, 161, 71, 7),
(1539, 161, 72, 7),
(1540, 161, 73, 5),
(1541, 161, 74, 5),
(1542, 161, 75, 4),
(1543, 161, 76, 4),
(1544, 161, 77, 4),
(1545, 161, 78, 4),
(1546, 161, 79, 4),
(1547, 161, 80, 2),
(1548, 161, 81, 6),
(1549, 161, 82, 1),
(1550, 161, 83, 6),
(1551, 161, 84, 4),
(1552, 161, 85, 7),
(1553, 161, 86, 3),
(1554, 161, 87, 3),
(1555, 161, 88, 1),
(1556, 161, 89, 6),
(1557, 161, 90, 7),
(1558, 161, 91, 1),
(1559, 161, 92, 3),
(1560, 161, 93, 7),
(1561, 162, 64, 1),
(1562, 162, 65, 1),
(1563, 162, 66, 2),
(1564, 162, 67, 3),
(1565, 162, 68, 1),
(1566, 162, 69, 1),
(1567, 162, 70, 7),
(1568, 162, 71, 4),
(1569, 162, 72, 3),
(1570, 162, 73, 4),
(1571, 162, 74, 4),
(1572, 162, 75, 3),
(1573, 162, 76, 3),
(1574, 162, 77, 6),
(1575, 162, 78, 1),
(1576, 162, 79, 2),
(1577, 162, 80, 1),
(1578, 162, 81, 2),
(1579, 162, 82, 4),
(1580, 162, 83, 3),
(1581, 162, 84, 3),
(1582, 162, 85, 5),
(1583, 162, 86, 3),
(1584, 162, 87, 1),
(1585, 162, 88, 1),
(1586, 162, 89, 2),
(1587, 162, 90, 2),
(1588, 162, 91, 3),
(1589, 162, 92, 6),
(1590, 162, 93, 5),
(1591, 163, 64, 4),
(1592, 163, 65, 5),
(1593, 163, 66, 7),
(1594, 163, 67, 4),
(1595, 163, 68, 5),
(1596, 163, 69, 6),
(1597, 163, 70, 4),
(1598, 163, 71, 2),
(1599, 163, 72, 5),
(1600, 163, 73, 1),
(1601, 163, 74, 5),
(1602, 163, 75, 2),
(1603, 163, 76, 2),
(1604, 163, 77, 7),
(1605, 163, 78, 5),
(1606, 163, 79, 2),
(1607, 163, 80, 3),
(1608, 163, 81, 6),
(1609, 163, 82, 3),
(1610, 163, 83, 1),
(1611, 163, 84, 4),
(1612, 163, 85, 3),
(1613, 163, 86, 1),
(1614, 163, 87, 2),
(1615, 163, 88, 1),
(1616, 163, 89, 6),
(1617, 163, 90, 5),
(1618, 163, 91, 5),
(1619, 163, 92, 3),
(1620, 163, 93, 6),
(1621, 164, 64, 3),
(1622, 164, 65, 7),
(1623, 164, 66, 5),
(1624, 164, 67, 5),
(1625, 164, 68, 2),
(1626, 164, 69, 7),
(1627, 164, 70, 4),
(1628, 164, 71, 1),
(1629, 164, 72, 4),
(1630, 164, 73, 2),
(1631, 164, 74, 7),
(1632, 164, 75, 2),
(1633, 164, 76, 7),
(1634, 164, 77, 5),
(1635, 164, 78, 5),
(1636, 164, 79, 7),
(1637, 164, 80, 7),
(1638, 164, 81, 5),
(1639, 164, 82, 5),
(1640, 164, 83, 2),
(1641, 164, 84, 4),
(1642, 164, 85, 3),
(1643, 164, 86, 4),
(1644, 164, 87, 1),
(1645, 164, 88, 5),
(1646, 164, 89, 1),
(1647, 164, 90, 4),
(1648, 164, 91, 3),
(1649, 164, 92, 5),
(1650, 164, 93, 7),
(1651, 165, 64, 7),
(1652, 165, 65, 2),
(1653, 165, 66, 3),
(1654, 165, 67, 3),
(1655, 165, 68, 2),
(1656, 165, 69, 4),
(1657, 165, 70, 1),
(1658, 165, 71, 2),
(1659, 165, 72, 5),
(1660, 165, 73, 2),
(1661, 165, 74, 6),
(1662, 165, 75, 1),
(1663, 165, 76, 4),
(1664, 165, 77, 3),
(1665, 165, 78, 4),
(1666, 165, 79, 6),
(1667, 165, 80, 3),
(1668, 165, 81, 5),
(1669, 165, 82, 5),
(1670, 165, 83, 1),
(1671, 165, 84, 3),
(1672, 165, 85, 4),
(1673, 165, 86, 7),
(1674, 165, 87, 4),
(1675, 165, 88, 7),
(1676, 165, 89, 4),
(1677, 165, 90, 6),
(1678, 165, 91, 7),
(1679, 165, 92, 2),
(1680, 165, 93, 7),
(1681, 166, 64, 7),
(1682, 166, 65, 2),
(1683, 166, 66, 7),
(1684, 166, 67, 4),
(1685, 166, 68, 6),
(1686, 166, 69, 5),
(1687, 166, 70, 1),
(1688, 166, 71, 2),
(1689, 166, 72, 2),
(1690, 166, 73, 3),
(1691, 166, 74, 2),
(1692, 166, 75, 2),
(1693, 166, 76, 4),
(1694, 166, 77, 6),
(1695, 166, 78, 4),
(1696, 166, 79, 3),
(1697, 166, 80, 4),
(1698, 166, 81, 7),
(1699, 166, 82, 5),
(1700, 166, 83, 3),
(1701, 166, 84, 5),
(1702, 166, 85, 2),
(1703, 166, 86, 4),
(1704, 166, 87, 6),
(1705, 166, 88, 6),
(1706, 166, 89, 5),
(1707, 166, 90, 5),
(1708, 166, 91, 7),
(1709, 166, 92, 1),
(1710, 166, 93, 5),
(1711, 167, 64, 4),
(1712, 167, 65, 3),
(1713, 167, 66, 4),
(1714, 167, 67, 2),
(1715, 167, 68, 3),
(1716, 167, 69, 5),
(1717, 167, 70, 4),
(1718, 167, 71, 6),
(1719, 167, 72, 3),
(1720, 167, 73, 7),
(1721, 167, 74, 5),
(1722, 167, 75, 3),
(1723, 167, 76, 2),
(1724, 167, 77, 1),
(1725, 167, 78, 4),
(1726, 167, 79, 4),
(1727, 167, 80, 7),
(1728, 167, 81, 1),
(1729, 167, 82, 7),
(1730, 167, 83, 7),
(1731, 167, 84, 1),
(1732, 167, 85, 7),
(1733, 167, 86, 1),
(1734, 167, 87, 3),
(1735, 167, 88, 7),
(1736, 167, 89, 6),
(1737, 167, 90, 7),
(1738, 167, 91, 5),
(1739, 167, 92, 6),
(1740, 167, 93, 2),
(1741, 168, 64, 6),
(1742, 168, 65, 2),
(1743, 168, 66, 1),
(1744, 168, 67, 5),
(1745, 168, 68, 5),
(1746, 168, 69, 2),
(1747, 168, 70, 1),
(1748, 168, 71, 5),
(1749, 168, 72, 4),
(1750, 168, 73, 6),
(1751, 168, 74, 1),
(1752, 168, 75, 3),
(1753, 168, 76, 5),
(1754, 168, 77, 3),
(1755, 168, 78, 4),
(1756, 168, 79, 6),
(1757, 168, 80, 7),
(1758, 168, 81, 7),
(1759, 168, 82, 5),
(1760, 168, 83, 6),
(1761, 168, 84, 5),
(1762, 168, 85, 6),
(1763, 168, 86, 1),
(1764, 168, 87, 4),
(1765, 168, 88, 7),
(1766, 168, 89, 3),
(1767, 168, 90, 6),
(1768, 168, 91, 6),
(1769, 168, 92, 4),
(1770, 168, 93, 4),
(1771, 169, 64, 3),
(1772, 169, 65, 4),
(1773, 169, 66, 7),
(1774, 169, 67, 5),
(1775, 169, 68, 7),
(1776, 169, 69, 6),
(1777, 169, 70, 1),
(1778, 169, 71, 7),
(1779, 169, 72, 2),
(1780, 169, 73, 4),
(1781, 169, 74, 1),
(1782, 169, 75, 6),
(1783, 169, 76, 1),
(1784, 169, 77, 6),
(1785, 169, 78, 6),
(1786, 169, 79, 1),
(1787, 169, 80, 2),
(1788, 169, 81, 3),
(1789, 169, 82, 6),
(1790, 169, 83, 3),
(1791, 169, 84, 6),
(1792, 169, 85, 4),
(1793, 169, 86, 6),
(1794, 169, 87, 4),
(1795, 169, 88, 3),
(1796, 169, 89, 6),
(1797, 169, 90, 1),
(1798, 169, 91, 2),
(1799, 169, 92, 7),
(1800, 169, 93, 4),
(1801, 170, 64, 4),
(1802, 170, 65, 2),
(1803, 170, 66, 2),
(1804, 170, 67, 4),
(1805, 170, 68, 4),
(1806, 170, 69, 7),
(1807, 170, 70, 2),
(1808, 170, 71, 6),
(1809, 170, 72, 6),
(1810, 170, 73, 5),
(1811, 170, 74, 5),
(1812, 170, 75, 2),
(1813, 170, 76, 7),
(1814, 170, 77, 4),
(1815, 170, 78, 4),
(1816, 170, 79, 1),
(1817, 170, 80, 4),
(1818, 170, 81, 5),
(1819, 170, 82, 3),
(1820, 170, 83, 6),
(1821, 170, 84, 7),
(1822, 170, 85, 5),
(1823, 170, 86, 3),
(1824, 170, 87, 7),
(1825, 170, 88, 2),
(1826, 170, 89, 2),
(1827, 170, 90, 1),
(1828, 170, 91, 7),
(1829, 170, 92, 4),
(1830, 170, 93, 7),
(1831, 171, 64, 4),
(1832, 171, 65, 2),
(1833, 171, 66, 6),
(1834, 171, 67, 6),
(1835, 171, 68, 4),
(1836, 171, 69, 3),
(1837, 171, 70, 3),
(1838, 171, 71, 2),
(1839, 171, 72, 7),
(1840, 171, 73, 6),
(1841, 171, 74, 1),
(1842, 171, 75, 2),
(1843, 171, 76, 4),
(1844, 171, 77, 7),
(1845, 171, 78, 1),
(1846, 171, 79, 2),
(1847, 171, 80, 2),
(1848, 171, 81, 2),
(1849, 171, 82, 4),
(1850, 171, 83, 2),
(1851, 171, 84, 6),
(1852, 171, 85, 2),
(1853, 171, 86, 4),
(1854, 171, 87, 6),
(1855, 171, 88, 2),
(1856, 171, 89, 2),
(1857, 171, 90, 1),
(1858, 171, 91, 5),
(1859, 171, 92, 1),
(1860, 171, 93, 1),
(1861, 172, 64, 5),
(1862, 172, 65, 6),
(1863, 172, 66, 5),
(1864, 172, 67, 3),
(1865, 172, 68, 5),
(1866, 172, 69, 1),
(1867, 172, 70, 1),
(1868, 172, 71, 3),
(1869, 172, 72, 7),
(1870, 172, 73, 2),
(1871, 172, 74, 4),
(1872, 172, 75, 4),
(1873, 172, 76, 1),
(1874, 172, 77, 1),
(1875, 172, 78, 7),
(1876, 172, 79, 4),
(1877, 172, 80, 1),
(1878, 172, 81, 5),
(1879, 172, 82, 4),
(1880, 172, 83, 3),
(1881, 172, 84, 5),
(1882, 172, 85, 6),
(1883, 172, 86, 4),
(1884, 172, 87, 3),
(1885, 172, 88, 7),
(1886, 172, 89, 6),
(1887, 172, 90, 6),
(1888, 172, 91, 4),
(1889, 172, 92, 3),
(1890, 172, 93, 1),
(1891, 173, 64, 4),
(1892, 173, 65, 2),
(1893, 173, 66, 1),
(1894, 173, 67, 2),
(1895, 173, 68, 6),
(1896, 173, 69, 6),
(1897, 173, 70, 5),
(1898, 173, 71, 6),
(1899, 173, 72, 6),
(1900, 173, 73, 2),
(1901, 173, 74, 3),
(1902, 173, 75, 7),
(1903, 173, 76, 3),
(1904, 173, 77, 6),
(1905, 173, 78, 5),
(1906, 173, 79, 3),
(1907, 173, 80, 7),
(1908, 173, 81, 7),
(1909, 173, 82, 5),
(1910, 173, 83, 4),
(1911, 173, 84, 3),
(1912, 173, 85, 5),
(1913, 173, 86, 6),
(1914, 173, 87, 7),
(1915, 173, 88, 6),
(1916, 173, 89, 2),
(1917, 173, 90, 4),
(1918, 173, 91, 6),
(1919, 173, 92, 3),
(1920, 173, 93, 5),
(1921, 174, 64, 1),
(1922, 174, 65, 7),
(1923, 174, 66, 2),
(1924, 174, 67, 5),
(1925, 174, 68, 6),
(1926, 174, 69, 4),
(1927, 174, 70, 2),
(1928, 174, 71, 7),
(1929, 174, 72, 1),
(1930, 174, 73, 3),
(1931, 174, 74, 6),
(1932, 174, 75, 1),
(1933, 174, 76, 2),
(1934, 174, 77, 4),
(1935, 174, 78, 5),
(1936, 174, 79, 1),
(1937, 174, 80, 5),
(1938, 174, 81, 5),
(1939, 174, 82, 3),
(1940, 174, 83, 2),
(1941, 174, 84, 4),
(1942, 174, 85, 2),
(1943, 174, 86, 4),
(1944, 174, 87, 6),
(1945, 174, 88, 4),
(1946, 174, 89, 7),
(1947, 174, 90, 4),
(1948, 174, 91, 7),
(1949, 174, 92, 4),
(1950, 174, 93, 6),
(1951, 175, 64, 3),
(1952, 175, 65, 6),
(1953, 175, 66, 2),
(1954, 175, 67, 5),
(1955, 175, 68, 2),
(1956, 175, 69, 6),
(1957, 175, 70, 6),
(1958, 175, 71, 6),
(1959, 175, 72, 1),
(1960, 175, 73, 1),
(1961, 175, 74, 6),
(1962, 175, 75, 5),
(1963, 175, 76, 1),
(1964, 175, 77, 6),
(1965, 175, 78, 3),
(1966, 175, 79, 6),
(1967, 175, 80, 3),
(1968, 175, 81, 1),
(1969, 175, 82, 7),
(1970, 175, 83, 6),
(1971, 175, 84, 1),
(1972, 175, 85, 3),
(1973, 175, 86, 6),
(1974, 175, 87, 7),
(1975, 175, 88, 7),
(1976, 175, 89, 6),
(1977, 175, 90, 3),
(1978, 175, 91, 6),
(1979, 175, 92, 5),
(1980, 175, 93, 4),
(1981, 176, 64, 6),
(1982, 176, 65, 5),
(1983, 176, 66, 5),
(1984, 176, 67, 6),
(1985, 176, 68, 6),
(1986, 176, 69, 2),
(1987, 176, 70, 5),
(1988, 176, 71, 7),
(1989, 176, 72, 3),
(1990, 176, 73, 6),
(1991, 176, 74, 2),
(1992, 176, 75, 7),
(1993, 176, 76, 7),
(1994, 176, 77, 1),
(1995, 176, 78, 7),
(1996, 176, 79, 3),
(1997, 176, 80, 7),
(1998, 176, 81, 1),
(1999, 176, 82, 3),
(2000, 176, 83, 1),
(2001, 176, 84, 5),
(2002, 176, 85, 6),
(2003, 176, 86, 1),
(2004, 176, 87, 4),
(2005, 176, 88, 4),
(2006, 176, 89, 3),
(2007, 176, 90, 7),
(2008, 176, 91, 5),
(2009, 176, 92, 5),
(2010, 176, 93, 4),
(2011, 177, 64, 1),
(2012, 177, 65, 1),
(2013, 177, 66, 5),
(2014, 177, 67, 3),
(2015, 177, 68, 4),
(2016, 177, 69, 5),
(2017, 177, 70, 6),
(2018, 177, 71, 5),
(2019, 177, 72, 3),
(2020, 177, 73, 7),
(2021, 177, 74, 2),
(2022, 177, 75, 6),
(2023, 177, 76, 6),
(2024, 177, 77, 6),
(2025, 177, 78, 4),
(2026, 177, 79, 2),
(2027, 177, 80, 1),
(2028, 177, 81, 6),
(2029, 177, 82, 7),
(2030, 177, 83, 2),
(2031, 177, 84, 6),
(2032, 177, 85, 6),
(2033, 177, 86, 6),
(2034, 177, 87, 6),
(2035, 177, 88, 5),
(2036, 177, 89, 3),
(2037, 177, 90, 4),
(2038, 177, 91, 6),
(2039, 177, 92, 2),
(2040, 177, 93, 3),
(2041, 178, 64, 3),
(2042, 178, 65, 1),
(2043, 178, 66, 6),
(2044, 178, 67, 4),
(2045, 178, 68, 6),
(2046, 178, 69, 7),
(2047, 178, 70, 4),
(2048, 178, 71, 3),
(2049, 178, 72, 1),
(2050, 178, 73, 1),
(2051, 178, 74, 5),
(2052, 178, 75, 6),
(2053, 178, 76, 3),
(2054, 178, 77, 4),
(2055, 178, 78, 6),
(2056, 178, 79, 4),
(2057, 178, 80, 3),
(2058, 178, 81, 2),
(2059, 178, 82, 4),
(2060, 178, 83, 1),
(2061, 178, 84, 2),
(2062, 178, 85, 3),
(2063, 178, 86, 5),
(2064, 178, 87, 4),
(2065, 178, 88, 3),
(2066, 178, 89, 4),
(2067, 178, 90, 4),
(2068, 178, 91, 2),
(2069, 178, 92, 7),
(2070, 178, 93, 1),
(2071, 179, 64, 6),
(2072, 179, 65, 1),
(2073, 179, 66, 4),
(2074, 179, 67, 5),
(2075, 179, 68, 1),
(2076, 179, 69, 5),
(2077, 179, 70, 2),
(2078, 179, 71, 3),
(2079, 179, 72, 1),
(2080, 179, 73, 1),
(2081, 179, 74, 5),
(2082, 179, 75, 2),
(2083, 179, 76, 1),
(2084, 179, 77, 4),
(2085, 179, 78, 7),
(2086, 179, 79, 2),
(2087, 179, 80, 1),
(2088, 179, 81, 1),
(2089, 179, 82, 5),
(2090, 179, 83, 1),
(2091, 179, 84, 3),
(2092, 179, 85, 3),
(2093, 179, 86, 6),
(2094, 179, 87, 2),
(2095, 179, 88, 6),
(2096, 179, 89, 1),
(2097, 179, 90, 2),
(2098, 179, 91, 1),
(2099, 179, 92, 5),
(2100, 179, 93, 6),
(2101, 180, 64, 5),
(2102, 180, 65, 1),
(2103, 180, 66, 6),
(2104, 180, 67, 5),
(2105, 180, 68, 7),
(2106, 180, 69, 7),
(2107, 180, 70, 5),
(2108, 180, 71, 6),
(2109, 180, 72, 1),
(2110, 180, 73, 6),
(2111, 180, 74, 7),
(2112, 180, 75, 4),
(2113, 180, 76, 6),
(2114, 180, 77, 2),
(2115, 180, 78, 1),
(2116, 180, 79, 1),
(2117, 180, 80, 7),
(2118, 180, 81, 6),
(2119, 180, 82, 6),
(2120, 180, 83, 4),
(2121, 180, 84, 3),
(2122, 180, 85, 7),
(2123, 180, 86, 5),
(2124, 180, 87, 3),
(2125, 180, 88, 7),
(2126, 180, 89, 7),
(2127, 180, 90, 3),
(2128, 180, 91, 4),
(2129, 180, 92, 3),
(2130, 180, 93, 5),
(2131, 181, 64, 4),
(2132, 181, 65, 5),
(2133, 181, 66, 6),
(2134, 181, 67, 5),
(2135, 181, 68, 6),
(2136, 181, 69, 4),
(2137, 181, 70, 5),
(2138, 181, 71, 3),
(2139, 181, 72, 6),
(2140, 181, 73, 2),
(2141, 181, 74, 4),
(2142, 181, 75, 3),
(2143, 181, 76, 7),
(2144, 181, 77, 3),
(2145, 181, 78, 1),
(2146, 181, 79, 7),
(2147, 181, 80, 4),
(2148, 181, 81, 2),
(2149, 181, 82, 1),
(2150, 181, 83, 1),
(2151, 181, 84, 7),
(2152, 181, 85, 4),
(2153, 181, 86, 6),
(2154, 181, 87, 3),
(2155, 181, 88, 3),
(2156, 181, 89, 3),
(2157, 181, 90, 2),
(2158, 181, 91, 5),
(2159, 181, 92, 3),
(2160, 181, 93, 5),
(2161, 182, 64, 4),
(2162, 182, 65, 5),
(2163, 182, 66, 1),
(2164, 182, 67, 4),
(2165, 182, 68, 5),
(2166, 182, 69, 7),
(2167, 182, 70, 1),
(2168, 182, 71, 5),
(2169, 182, 72, 7),
(2170, 182, 73, 2),
(2171, 182, 74, 3),
(2172, 182, 75, 3),
(2173, 182, 76, 2),
(2174, 182, 77, 4),
(2175, 182, 78, 6),
(2176, 182, 79, 2),
(2177, 182, 80, 6),
(2178, 182, 81, 2),
(2179, 182, 82, 2),
(2180, 182, 83, 4),
(2181, 182, 84, 4),
(2182, 182, 85, 2),
(2183, 182, 86, 2),
(2184, 182, 87, 1),
(2185, 182, 88, 6),
(2186, 182, 89, 2),
(2187, 182, 90, 1),
(2188, 182, 91, 7),
(2189, 182, 92, 4),
(2190, 182, 93, 7),
(2191, 183, 64, 3),
(2192, 183, 65, 7),
(2193, 183, 66, 6),
(2194, 183, 67, 7),
(2195, 183, 68, 7),
(2196, 183, 69, 2),
(2197, 183, 70, 6),
(2198, 183, 71, 1),
(2199, 183, 72, 5),
(2200, 183, 73, 5),
(2201, 183, 74, 5),
(2202, 183, 75, 1),
(2203, 183, 76, 3),
(2204, 183, 77, 2),
(2205, 183, 78, 1),
(2206, 183, 79, 5),
(2207, 183, 80, 7),
(2208, 183, 81, 7),
(2209, 183, 82, 6),
(2210, 183, 83, 4),
(2211, 183, 84, 2),
(2212, 183, 85, 5),
(2213, 183, 86, 3),
(2214, 183, 87, 3),
(2215, 183, 88, 1),
(2216, 183, 89, 4),
(2217, 183, 90, 2),
(2218, 183, 91, 7),
(2219, 183, 92, 3),
(2220, 183, 93, 3),
(2221, 184, 64, 2),
(2222, 184, 65, 7),
(2223, 184, 66, 5),
(2224, 184, 67, 1),
(2225, 184, 68, 4),
(2226, 184, 69, 1),
(2227, 184, 70, 2),
(2228, 184, 71, 7),
(2229, 184, 72, 2),
(2230, 184, 73, 1),
(2231, 184, 74, 4),
(2232, 184, 75, 4),
(2233, 184, 76, 5),
(2234, 184, 77, 5),
(2235, 184, 78, 6),
(2236, 184, 79, 1),
(2237, 184, 80, 4),
(2238, 184, 81, 5),
(2239, 184, 82, 4),
(2240, 184, 83, 4),
(2241, 184, 84, 2),
(2242, 184, 85, 4),
(2243, 184, 86, 6),
(2244, 184, 87, 6),
(2245, 184, 88, 4),
(2246, 184, 89, 3),
(2247, 184, 90, 2),
(2248, 184, 91, 6),
(2249, 184, 92, 7),
(2250, 184, 93, 4),
(2251, 185, 64, 6),
(2252, 185, 65, 5),
(2253, 185, 66, 2),
(2254, 185, 67, 7),
(2255, 185, 68, 3),
(2256, 185, 69, 1),
(2257, 185, 70, 5),
(2258, 185, 71, 1),
(2259, 185, 72, 7),
(2260, 185, 73, 3),
(2261, 185, 74, 2),
(2262, 185, 75, 1),
(2263, 185, 76, 7),
(2264, 185, 77, 2),
(2265, 185, 78, 1),
(2266, 185, 79, 2),
(2267, 185, 80, 4),
(2268, 185, 81, 6),
(2269, 185, 82, 2),
(2270, 185, 83, 4),
(2271, 185, 84, 3),
(2272, 185, 85, 7),
(2273, 185, 86, 7),
(2274, 185, 87, 4),
(2275, 185, 88, 5),
(2276, 185, 89, 5),
(2277, 185, 90, 1),
(2278, 185, 91, 2),
(2279, 185, 92, 5),
(2280, 185, 93, 7),
(2281, 186, 64, 1),
(2282, 186, 65, 7),
(2283, 186, 66, 6),
(2284, 186, 67, 6),
(2285, 186, 68, 5),
(2286, 186, 69, 5),
(2287, 186, 70, 4),
(2288, 186, 71, 7),
(2289, 186, 72, 1),
(2290, 186, 73, 7),
(2291, 186, 74, 7),
(2292, 186, 75, 6),
(2293, 186, 76, 4),
(2294, 186, 77, 6),
(2295, 186, 78, 5),
(2296, 186, 79, 6),
(2297, 186, 80, 7),
(2298, 186, 81, 4),
(2299, 186, 82, 5),
(2300, 186, 83, 3),
(2301, 186, 84, 3),
(2302, 186, 85, 2),
(2303, 186, 86, 5),
(2304, 186, 87, 2),
(2305, 186, 88, 1),
(2306, 186, 89, 3),
(2307, 186, 90, 6),
(2308, 186, 91, 4),
(2309, 186, 92, 1),
(2310, 186, 93, 7),
(2311, 187, 64, 4),
(2312, 187, 65, 7),
(2313, 187, 66, 5),
(2314, 187, 67, 2),
(2315, 187, 68, 1),
(2316, 187, 69, 6),
(2317, 187, 70, 3),
(2318, 187, 71, 3),
(2319, 187, 72, 7),
(2320, 187, 73, 6),
(2321, 187, 74, 7),
(2322, 187, 75, 6),
(2323, 187, 76, 3),
(2324, 187, 77, 7),
(2325, 187, 78, 1),
(2326, 187, 79, 4),
(2327, 187, 80, 5),
(2328, 187, 81, 3),
(2329, 187, 82, 1),
(2330, 187, 83, 6),
(2331, 187, 84, 1),
(2332, 187, 85, 7),
(2333, 187, 86, 6),
(2334, 187, 87, 7),
(2335, 187, 88, 3),
(2336, 187, 89, 4),
(2337, 187, 90, 5),
(2338, 187, 91, 1),
(2339, 187, 92, 3),
(2340, 187, 93, 2),
(2341, 188, 64, 3),
(2342, 188, 65, 4),
(2343, 188, 66, 6),
(2344, 188, 67, 7),
(2345, 188, 68, 4),
(2346, 188, 69, 3),
(2347, 188, 70, 6),
(2348, 188, 71, 5),
(2349, 188, 72, 5),
(2350, 188, 73, 7),
(2351, 188, 74, 6),
(2352, 188, 75, 3),
(2353, 188, 76, 2),
(2354, 188, 77, 3),
(2355, 188, 78, 1),
(2356, 188, 79, 1),
(2357, 188, 80, 1),
(2358, 188, 81, 7),
(2359, 188, 82, 1),
(2360, 188, 83, 5),
(2361, 188, 84, 5),
(2362, 188, 85, 7),
(2363, 188, 86, 1),
(2364, 188, 87, 2),
(2365, 188, 88, 5),
(2366, 188, 89, 3),
(2367, 188, 90, 3),
(2368, 188, 91, 4),
(2369, 188, 92, 5),
(2370, 188, 93, 5),
(2371, 189, 64, 3),
(2372, 189, 65, 6),
(2373, 189, 66, 1),
(2374, 189, 67, 7),
(2375, 189, 68, 4),
(2376, 189, 69, 5),
(2377, 189, 70, 5),
(2378, 189, 71, 4),
(2379, 189, 72, 6),
(2380, 189, 73, 4),
(2381, 189, 74, 2),
(2382, 189, 75, 3),
(2383, 189, 76, 1),
(2384, 189, 77, 7),
(2385, 189, 78, 6),
(2386, 189, 79, 7),
(2387, 189, 80, 2),
(2388, 189, 81, 1),
(2389, 189, 82, 4),
(2390, 189, 83, 3),
(2391, 189, 84, 7),
(2392, 189, 85, 7),
(2393, 189, 86, 5),
(2394, 189, 87, 7),
(2395, 189, 88, 2),
(2396, 189, 89, 4),
(2397, 189, 90, 7),
(2398, 189, 91, 6),
(2399, 189, 92, 6),
(2400, 189, 93, 4),
(2401, 190, 64, 7),
(2402, 190, 65, 2),
(2403, 190, 66, 3),
(2404, 190, 67, 4),
(2405, 190, 68, 1),
(2406, 190, 69, 2),
(2407, 190, 70, 6),
(2408, 190, 71, 4),
(2409, 190, 72, 2),
(2410, 190, 73, 7),
(2411, 190, 74, 7),
(2412, 190, 75, 4),
(2413, 190, 76, 7),
(2414, 190, 77, 7),
(2415, 190, 78, 1),
(2416, 190, 79, 2),
(2417, 190, 80, 4),
(2418, 190, 81, 4),
(2419, 190, 82, 7),
(2420, 190, 83, 3),
(2421, 190, 84, 2),
(2422, 190, 85, 3),
(2423, 190, 86, 7),
(2424, 190, 87, 3),
(2425, 190, 88, 3),
(2426, 190, 89, 6),
(2427, 190, 90, 7),
(2428, 190, 91, 3),
(2429, 190, 92, 4),
(2430, 190, 93, 3),
(2431, 191, 64, 3),
(2432, 191, 65, 6),
(2433, 191, 66, 5),
(2434, 191, 67, 4),
(2435, 191, 68, 6),
(2436, 191, 69, 5),
(2437, 191, 70, 4),
(2438, 191, 71, 6),
(2439, 191, 72, 7),
(2440, 191, 73, 3),
(2441, 191, 74, 1),
(2442, 191, 75, 3),
(2443, 191, 76, 2),
(2444, 191, 77, 6),
(2445, 191, 78, 7),
(2446, 191, 79, 2),
(2447, 191, 80, 3),
(2448, 191, 81, 4),
(2449, 191, 82, 3),
(2450, 191, 83, 2),
(2451, 191, 84, 1),
(2452, 191, 85, 4),
(2453, 191, 86, 6),
(2454, 191, 87, 3),
(2455, 191, 88, 5),
(2456, 191, 89, 2),
(2457, 191, 90, 3),
(2458, 191, 91, 6),
(2459, 191, 92, 7),
(2460, 191, 93, 4),
(2461, 192, 64, 5),
(2462, 192, 65, 1),
(2463, 192, 66, 3),
(2464, 192, 67, 1),
(2465, 192, 68, 5),
(2466, 192, 69, 5),
(2467, 192, 70, 5),
(2468, 192, 71, 6),
(2469, 192, 72, 2),
(2470, 192, 73, 2),
(2471, 192, 74, 2),
(2472, 192, 75, 7),
(2473, 192, 76, 2),
(2474, 192, 77, 6),
(2475, 192, 78, 7),
(2476, 192, 79, 6),
(2477, 192, 80, 3),
(2478, 192, 81, 3),
(2479, 192, 82, 1),
(2480, 192, 83, 5),
(2481, 192, 84, 5),
(2482, 192, 85, 7),
(2483, 192, 86, 5),
(2484, 192, 87, 4),
(2485, 192, 88, 6),
(2486, 192, 89, 2),
(2487, 192, 90, 5),
(2488, 192, 91, 6),
(2489, 192, 92, 5),
(2490, 192, 93, 5),
(2491, 193, 64, 3),
(2492, 193, 65, 4),
(2493, 193, 66, 1),
(2494, 193, 67, 5),
(2495, 193, 68, 6),
(2496, 193, 69, 2),
(2497, 193, 70, 2),
(2498, 193, 71, 6),
(2499, 193, 72, 6),
(2500, 193, 73, 5),
(2501, 193, 74, 3),
(2502, 193, 75, 4),
(2503, 193, 76, 7),
(2504, 193, 77, 4),
(2505, 193, 78, 6),
(2506, 193, 79, 1),
(2507, 193, 80, 7),
(2508, 193, 81, 6),
(2509, 193, 82, 1),
(2510, 193, 83, 3),
(2511, 193, 84, 2),
(2512, 193, 85, 5),
(2513, 193, 86, 2),
(2514, 193, 87, 3),
(2515, 193, 88, 4),
(2516, 193, 89, 3),
(2517, 193, 90, 1),
(2518, 193, 91, 7),
(2519, 193, 92, 1),
(2520, 193, 93, 3),
(2521, 194, 64, 4),
(2522, 194, 65, 3),
(2523, 194, 66, 1),
(2524, 194, 67, 3),
(2525, 194, 68, 1),
(2526, 194, 69, 2),
(2527, 194, 70, 4),
(2528, 194, 71, 2),
(2529, 194, 72, 7),
(2530, 194, 73, 5),
(2531, 194, 74, 4),
(2532, 194, 75, 4),
(2533, 194, 76, 6),
(2534, 194, 77, 5),
(2535, 194, 78, 1),
(2536, 194, 79, 7),
(2537, 194, 80, 5),
(2538, 194, 81, 2),
(2539, 194, 82, 3),
(2540, 194, 83, 4),
(2541, 194, 84, 2),
(2542, 194, 85, 2),
(2543, 194, 86, 5),
(2544, 194, 87, 5),
(2545, 194, 88, 3),
(2546, 194, 89, 6),
(2547, 194, 90, 6),
(2548, 194, 91, 2),
(2549, 194, 92, 6),
(2550, 194, 93, 4),
(2551, 195, 64, 7),
(2552, 195, 65, 5),
(2553, 195, 66, 4),
(2554, 195, 67, 7),
(2555, 195, 68, 2),
(2556, 195, 69, 1),
(2557, 195, 70, 3),
(2558, 195, 71, 4),
(2559, 195, 72, 5),
(2560, 195, 73, 7),
(2561, 195, 74, 2),
(2562, 195, 75, 4),
(2563, 195, 76, 3),
(2564, 195, 77, 2),
(2565, 195, 78, 6),
(2566, 195, 79, 5),
(2567, 195, 80, 5),
(2568, 195, 81, 3),
(2569, 195, 82, 1),
(2570, 195, 83, 2),
(2571, 195, 84, 2),
(2572, 195, 85, 2),
(2573, 195, 86, 5),
(2574, 195, 87, 7),
(2575, 195, 88, 4),
(2576, 195, 89, 3),
(2577, 195, 90, 5),
(2578, 195, 91, 7),
(2579, 195, 92, 3),
(2580, 195, 93, 6),
(2581, 196, 64, 6),
(2582, 196, 65, 1),
(2583, 196, 66, 1),
(2584, 196, 67, 7),
(2585, 196, 68, 1),
(2586, 196, 69, 3),
(2587, 196, 70, 5),
(2588, 196, 71, 6),
(2589, 196, 72, 1),
(2590, 196, 73, 5),
(2591, 196, 74, 2),
(2592, 196, 75, 6),
(2593, 196, 76, 6),
(2594, 196, 77, 2),
(2595, 196, 78, 6),
(2596, 196, 79, 6),
(2597, 196, 80, 7),
(2598, 196, 81, 5),
(2599, 196, 82, 4),
(2600, 196, 83, 4),
(2601, 196, 84, 5),
(2602, 196, 85, 2),
(2603, 196, 86, 3),
(2604, 196, 87, 6),
(2605, 196, 88, 4),
(2606, 196, 89, 5),
(2607, 196, 90, 6),
(2608, 196, 91, 1),
(2609, 196, 92, 4),
(2610, 196, 93, 1),
(2611, 197, 64, 3),
(2612, 197, 65, 3),
(2613, 197, 66, 2),
(2614, 197, 67, 3),
(2615, 197, 68, 5),
(2616, 197, 69, 1),
(2617, 197, 70, 7),
(2618, 197, 71, 5),
(2619, 197, 72, 4),
(2620, 197, 73, 2),
(2621, 197, 74, 1),
(2622, 197, 75, 6),
(2623, 197, 76, 1),
(2624, 197, 77, 3),
(2625, 197, 78, 6),
(2626, 197, 79, 6),
(2627, 197, 80, 3),
(2628, 197, 81, 2),
(2629, 197, 82, 5),
(2630, 197, 83, 3),
(2631, 197, 84, 6),
(2632, 197, 85, 5),
(2633, 197, 86, 6),
(2634, 197, 87, 7),
(2635, 197, 88, 7),
(2636, 197, 89, 2),
(2637, 197, 90, 6),
(2638, 197, 91, 1),
(2639, 197, 92, 3),
(2640, 197, 93, 5),
(2641, 198, 64, 5),
(2642, 198, 65, 1),
(2643, 198, 66, 6),
(2644, 198, 67, 5),
(2645, 198, 68, 1),
(2646, 198, 69, 5),
(2647, 198, 70, 5),
(2648, 198, 71, 1),
(2649, 198, 72, 2),
(2650, 198, 73, 7),
(2651, 198, 74, 6),
(2652, 198, 75, 5),
(2653, 198, 76, 4),
(2654, 198, 77, 5),
(2655, 198, 78, 3),
(2656, 198, 79, 6),
(2657, 198, 80, 1),
(2658, 198, 81, 2),
(2659, 198, 82, 4),
(2660, 198, 83, 5),
(2661, 198, 84, 5),
(2662, 198, 85, 1),
(2663, 198, 86, 3),
(2664, 198, 87, 4),
(2665, 198, 88, 2),
(2666, 198, 89, 5),
(2667, 198, 90, 7),
(2668, 198, 91, 4),
(2669, 198, 92, 3),
(2670, 198, 93, 4);

-- --------------------------------------------------------

--
-- 資料表格式： `basis_evaluation_open_comment`
--

CREATE TABLE IF NOT EXISTS `basis_evaluation_open_comment` (
  `basis_evaluation_open_comment_id` int(10) unsigned NOT NULL AUTO_INCREMENT,
  `basis_evaluation_table_id` int(11) NOT NULL,
  PRIMARY KEY (`basis_evaluation_open_comment_id`)
) ENGINE=MyISAM DEFAULT CHARSET=utf8 AUTO_INCREMENT=1 ;

--
-- 列出以下資料庫的數據： `basis_evaluation_open_comment`
--


-- --------------------------------------------------------

--
-- 資料表格式： `basis_evaluation_report`
--

CREATE TABLE IF NOT EXISTS `basis_evaluation_report` (
  `basis_evaluation_report_id` int(10) unsigned NOT NULL AUTO_INCREMENT,
  `basis_evaluation_table_id` int(11) NOT NULL,
  `basis_evaluation_report_desc` text NOT NULL,
  PRIMARY KEY (`basis_evaluation_report_id`)
) ENGINE=MyISAM DEFAULT CHARSET=utf8 AUTO_INCREMENT=1 ;

--
-- 列出以下資料庫的數據： `basis_evaluation_report`
--


-- --------------------------------------------------------

--
-- 資料表格式： `basis_evaluation_table`
--

CREATE TABLE IF NOT EXISTS `basis_evaluation_table` (
  `basis_evaluation_table_id` int(11) NOT NULL AUTO_INCREMENT,
  `basis_evaluation_table_code` varchar(30) DEFAULT NULL,
  `is_show_competency` varchar(1) NOT NULL,
  `due_date` date NOT NULL,
  `competency_model_id` int(11) NOT NULL,
  `evaluation_scale_id` int(11) NOT NULL,
  `basis_evaluation_table_status` varchar(6) NOT NULL,
  `basis_evaluation_table_process` int(11) NOT NULL,
  PRIMARY KEY (`basis_evaluation_table_id`)
) ENGINE=MyISAM  DEFAULT CHARSET=utf8 AUTO_INCREMENT=10 ;

--
-- 列出以下資料庫的數據： `basis_evaluation_table`
--

INSERT INTO `basis_evaluation_table` (`basis_evaluation_table_id`, `basis_evaluation_table_code`, `is_show_competency`, `due_date`, `competency_model_id`, `evaluation_scale_id`, `basis_evaluation_table_status`, `basis_evaluation_table_process`) VALUES
(3, 'CODE12312', 'F', '2015-01-25', 0, 1, 'FNS', 0),
(4, 'EC100', 'F', '2015-04-17', 0, 0, 'FNS', 0),
(9, 'Code', 'F', '2015-06-12', 46, 1, 'EDT', 0);

-- --------------------------------------------------------

--
-- 資料表格式： `basis_evaluation_user_comment`
--

CREATE TABLE IF NOT EXISTS `basis_evaluation_user_comment` (
  `basis_evaluation_user_comment_id` int(10) unsigned NOT NULL AUTO_INCREMENT,
  `basis_evaluation_open_comment_id` int(11) NOT NULL,
  `evalutor_uid` int(11) NOT NULL,
  `basis_evaluation_appraisee_id` int(11) NOT NULL,
  `comment` text NOT NULL,
  PRIMARY KEY (`basis_evaluation_user_comment_id`)
) ENGINE=MyISAM DEFAULT CHARSET=utf8 AUTO_INCREMENT=1 ;

--
-- 列出以下資料庫的數據： `basis_evaluation_user_comment`
--


-- --------------------------------------------------------

--
-- 資料表格式： `behavior`
--

CREATE TABLE IF NOT EXISTS `behavior` (
  `behavior_id` int(11) NOT NULL AUTO_INCREMENT,
  `competency_id` int(11) NOT NULL,
  `weight` decimal(10,1) NOT NULL,
  PRIMARY KEY (`behavior_id`)
) ENGINE=MyISAM  DEFAULT CHARSET=utf8 AUTO_INCREMENT=154 ;

--
-- 列出以下資料庫的數據： `behavior`
--

INSERT INTO `behavior` (`behavior_id`, `competency_id`, `weight`) VALUES
(17, 53, 1.0),
(15, 53, 1.0),
(16, 53, 1.0),
(19, 53, 1.0),
(20, 53, 1.0),
(21, 54, 1.0),
(22, 54, 1.0),
(23, 54, 1.0),
(24, 54, 1.0),
(25, 54, 1.0),
(26, 55, 1.0),
(27, 55, 1.0),
(28, 55, 1.0),
(29, 55, 1.0),
(30, 55, 1.0),
(31, 68, 1.0),
(32, 68, 1.0),
(33, 68, 1.0),
(34, 68, 1.0),
(35, 68, 1.0),
(36, 69, 1.0),
(37, 69, 1.0),
(38, 69, 1.0),
(39, 69, 1.0),
(40, 69, 1.0),
(41, 70, 1.0),
(42, 70, 1.0),
(43, 70, 1.0),
(44, 70, 1.0),
(45, 70, 1.0),
(46, 71, 1.0),
(47, 71, 1.0),
(48, 71, 1.0),
(49, 71, 1.0),
(50, 71, 1.0),
(51, 72, 1.0),
(52, 72, 1.0),
(53, 72, 1.0),
(54, 72, 1.0),
(55, 72, 1.0),
(56, 73, 1.0),
(57, 73, 1.0),
(58, 73, 1.0),
(59, 73, 1.0),
(60, 73, 1.0),
(61, 91, 1.0),
(62, 91, 1.0),
(64, 95, 1.0),
(65, 95, 1.0),
(66, 95, 1.0),
(67, 95, 1.0),
(68, 95, 1.0),
(69, 96, 1.0),
(70, 96, 1.0),
(71, 96, 1.0),
(72, 96, 1.0),
(73, 96, 1.0),
(74, 97, 1.0),
(75, 97, 1.0),
(76, 97, 1.0),
(77, 97, 1.0),
(78, 97, 1.0),
(79, 98, 1.0),
(80, 98, 1.0),
(81, 98, 1.0),
(82, 98, 1.0),
(83, 98, 1.0),
(84, 99, 1.0),
(85, 99, 1.0),
(86, 99, 1.0),
(87, 99, 1.0),
(88, 99, 1.0),
(89, 100, 1.0),
(90, 100, 1.0),
(91, 100, 1.0),
(92, 100, 1.0),
(93, 100, 1.0),
(94, 101, 1.0),
(95, 101, 1.0),
(96, 101, 1.0),
(97, 101, 1.0),
(98, 101, 1.0),
(99, 102, 1.0),
(100, 102, 1.0),
(101, 102, 1.0),
(102, 102, 1.0),
(103, 102, 1.0),
(104, 103, 1.0),
(105, 103, 1.0),
(106, 103, 1.0),
(107, 103, 1.0),
(108, 103, 1.0),
(109, 104, 1.0),
(110, 104, 1.0),
(111, 104, 1.0),
(112, 104, 1.0),
(113, 104, 1.0),
(114, 105, 1.0),
(115, 105, 1.0),
(116, 105, 1.0),
(117, 105, 1.0),
(118, 105, 1.0),
(119, 106, 1.0),
(120, 106, 1.0),
(121, 106, 1.0),
(122, 106, 1.0),
(123, 106, 1.0),
(124, 107, 1.0),
(125, 107, 1.0),
(126, 107, 1.0),
(127, 107, 1.0),
(128, 107, 1.0),
(129, 108, 1.0),
(130, 108, 1.0),
(131, 108, 1.0),
(132, 108, 1.0),
(133, 108, 1.0),
(134, 109, 1.0),
(135, 109, 1.0),
(136, 109, 1.0),
(137, 109, 1.0),
(138, 109, 1.0),
(139, 110, 1.0),
(140, 110, 1.0),
(141, 110, 1.0),
(142, 110, 1.0),
(143, 110, 1.0),
(144, 111, 1.0),
(145, 111, 1.0),
(146, 111, 1.0),
(147, 111, 1.0),
(148, 111, 1.0),
(149, 112, 1.0),
(150, 112, 1.0),
(151, 112, 1.0),
(152, 112, 1.0),
(153, 112, 1.0);

-- --------------------------------------------------------

--
-- 資料表格式： `class_evaluation_appraisee`
--

CREATE TABLE IF NOT EXISTS `class_evaluation_appraisee` (
  `class_evaluation_appraisee_id` int(11) NOT NULL AUTO_INCREMENT,
  `appraisee_uid` int(11) NOT NULL,
  `core_competency_model_id` int(10) unsigned NOT NULL,
  `manage_competency_model_id` int(10) unsigned NOT NULL,
  `general_competency_model_id` int(10) unsigned NOT NULL,
  `professional_competency_model_id` int(10) unsigned NOT NULL,
  `class_evaluation_appraisee_stauts` varchar(3) NOT NULL DEFAULT 'EDT',
  PRIMARY KEY (`class_evaluation_appraisee_id`)
) ENGINE=MyISAM  DEFAULT CHARSET=utf8 AUTO_INCREMENT=5 ;

--
-- 列出以下資料庫的數據： `class_evaluation_appraisee`
--

INSERT INTO `class_evaluation_appraisee` (`class_evaluation_appraisee_id`, `appraisee_uid`, `core_competency_model_id`, `manage_competency_model_id`, `general_competency_model_id`, `professional_competency_model_id`, `class_evaluation_appraisee_stauts`) VALUES
(1, 1, 0, 0, 0, 0, 'EDT'),
(2, 0, 0, 0, 0, 0, 'EDT'),
(3, 145, 0, 0, 0, 0, 'PUB'),
(4, 146, 0, 0, 0, 0, 'PUB');

-- --------------------------------------------------------

--
-- 資料表格式： `class_evaluation_competency`
--

CREATE TABLE IF NOT EXISTS `class_evaluation_competency` (
  `class_evaluation_competency_id` int(10) unsigned NOT NULL AUTO_INCREMENT,
  `class_evaluation_appraisee_id` int(11) NOT NULL,
  `competency_id` int(11) NOT NULL,
  `competency_level` int(11) NOT NULL,
  `class_evaluation_competency_status` varchar(3) CHARACTER SET utf8 NOT NULL DEFAULT 'EDT',
  `due_date` date NOT NULL,
  `competency_score` decimal(10,2) NOT NULL,
  `competency_score_adjusted` decimal(10,2) NOT NULL,
  `evaluate_result` varchar(3) CHARACTER SET utf8 NOT NULL,
  `competency_adjusted_date` datetime NOT NULL,
  PRIMARY KEY (`class_evaluation_competency_id`)
) ENGINE=MyISAM  DEFAULT CHARSET=latin1 AUTO_INCREMENT=4 ;

--
-- 列出以下資料庫的數據： `class_evaluation_competency`
--

INSERT INTO `class_evaluation_competency` (`class_evaluation_competency_id`, `class_evaluation_appraisee_id`, `competency_id`, `competency_level`, `class_evaluation_competency_status`, `due_date`, `competency_score`, `competency_score_adjusted`, `evaluate_result`, `competency_adjusted_date`) VALUES
(1, 1, 56, 2, 'EDT', '0000-00-00', 0.00, 0.00, '', '0000-00-00 00:00:00'),
(2, 1, 85, 1, 'EDT', '0000-00-00', 0.00, 0.00, '', '0000-00-00 00:00:00'),
(3, 3, 56, 3, 'EDT', '0000-00-00', 0.00, 0.00, '', '0000-00-00 00:00:00');

-- --------------------------------------------------------

--
-- 資料表格式： `class_evaluation_evaluator`
--

CREATE TABLE IF NOT EXISTS `class_evaluation_evaluator` (
  `class_evaluation_evaluator_id` int(10) unsigned NOT NULL AUTO_INCREMENT,
  `class_evaluation_competency_id` int(11) NOT NULL,
  `user_id` int(11) NOT NULL,
  `weight` int(10) NOT NULL DEFAULT '0',
  `evalutor_score` decimal(10,2) NOT NULL,
  `class_evaluation_evaluator_status` varchar(3) CHARACTER SET utf8 NOT NULL DEFAULT 'EDT' COMMENT 'EDT/REW/PAS',
  `evalutor_score_adjusted` decimal(10,2) NOT NULL,
  `weight_adjusted` int(11) NOT NULL,
  `adjusted_date` datetime NOT NULL,
  PRIMARY KEY (`class_evaluation_evaluator_id`)
) ENGINE=MyISAM  DEFAULT CHARSET=latin1 AUTO_INCREMENT=3 ;

--
-- 列出以下資料庫的數據： `class_evaluation_evaluator`
--

INSERT INTO `class_evaluation_evaluator` (`class_evaluation_evaluator_id`, `class_evaluation_competency_id`, `user_id`, `weight`, `evalutor_score`, `class_evaluation_evaluator_status`, `evalutor_score_adjusted`, `weight_adjusted`, `adjusted_date`) VALUES
(1, 1, 143, 0, 0.00, 'EDT', 0.00, 0, '0000-00-00 00:00:00'),
(2, 3, 141, 0, 0.00, 'EDT', 0.00, 0, '0000-00-00 00:00:00');

-- --------------------------------------------------------

--
-- 資料表格式： `competency`
--

CREATE TABLE IF NOT EXISTS `competency` (
  `competency_id` int(10) unsigned NOT NULL AUTO_INCREMENT,
  `competency_type` varchar(10) NOT NULL,
  `competency_method` varchar(30) NOT NULL,
  `competency_model_id` int(10) NOT NULL,
  `competency_weight` decimal(10,1) NOT NULL DEFAULT '1.0',
  `competency_level_number` int(1) NOT NULL,
  PRIMARY KEY (`competency_id`)
) ENGINE=MyISAM  DEFAULT CHARSET=utf8 AUTO_INCREMENT=113 ;

--
-- 列出以下資料庫的數據： `competency`
--

INSERT INTO `competency` (`competency_id`, `competency_type`, `competency_method`, `competency_model_id`, `competency_weight`, `competency_level_number`) VALUES
(53, 'M', 'B', 33, 1.0, 0),
(54, 'M', 'B', 33, 1.0, 0),
(55, 'M', 'B', 33, 1.0, 0),
(56, 'P', 'C', 34, 0.0, 0),
(57, 'P', 'C', 34, 0.0, 0),
(58, 'P', 'C', 34, 0.0, 0),
(59, 'P', 'C', 34, 0.0, 0),
(60, 'P', 'C', 34, 0.0, 0),
(61, 'P', 'C', 34, 0.0, 0),
(62, 'P', 'C', 34, 0.0, 0),
(69, 'M', 'B', 38, 1.0, 0),
(68, 'M', 'B', 38, 1.0, 0),
(67, 'C', 'B', 0, 0.0, 0),
(70, 'M', 'B', 38, 1.0, 0),
(71, 'M', 'B', 38, 1.0, 0),
(72, 'M', 'B', 38, 1.0, 0),
(73, 'M', 'B', 38, 1.0, 0),
(74, 'M', 'B', 39, 1.0, 0),
(75, 'M', 'B', 39, 1.0, 0),
(76, 'M', 'B', 39, 1.0, 0),
(77, 'M', 'B', 39, 1.0, 0),
(78, 'M', 'B', 39, 1.0, 0),
(79, 'M', 'B', 39, 1.0, 0),
(80, 'M', 'B', 40, 1.0, 0),
(81, 'M', 'B', 40, 1.0, 0),
(82, 'M', 'B', 40, 1.0, 0),
(83, 'M', 'B', 40, 1.0, 0),
(84, 'M', 'B', 40, 1.0, 0),
(85, 'P', 'C', 42, 0.0, 0),
(87, 'P', 'C', 42, 0.0, 0),
(88, 'P', 'C', 42, 0.0, 0),
(89, 'P', 'C', 42, 0.0, 0),
(90, 'P', 'C', 42, 0.0, 0),
(91, 'C', 'B', 43, 1.0, 0),
(92, 'C', 'B', 43, 1.0, 0),
(94, 'C', 'B', 35, 1.0, 0),
(95, 'M', 'B', 46, 1.0, 0),
(96, 'M', 'B', 46, 1.0, 0),
(97, 'M', 'B', 46, 1.0, 0),
(98, 'M', 'B', 46, 1.0, 0),
(99, 'M', 'B', 46, 1.0, 0),
(100, 'M', 'B', 46, 1.0, 0),
(101, 'M', 'B', 47, 1.0, 0),
(102, 'M', 'B', 47, 1.0, 0),
(103, 'M', 'B', 47, 1.0, 0),
(104, 'M', 'B', 47, 1.0, 0),
(105, 'M', 'B', 47, 1.0, 0),
(106, 'M', 'B', 47, 1.0, 0),
(107, 'M', 'B', 48, 1.0, 0),
(108, 'M', 'B', 48, 1.0, 0),
(109, 'M', 'B', 48, 1.0, 0),
(110, 'M', 'B', 48, 1.0, 0),
(111, 'M', 'B', 48, 1.0, 0),
(112, 'M', 'B', 48, 1.0, 0);

-- --------------------------------------------------------

--
-- 資料表格式： `competency_dic`
--

CREATE TABLE IF NOT EXISTS `competency_dic` (
  `competency_dic_id` int(11) NOT NULL AUTO_INCREMENT,
  `competency_dic_code` varchar(10) DEFAULT NULL,
  `competency_type` varchar(5) NOT NULL,
  PRIMARY KEY (`competency_dic_id`),
  UNIQUE KEY `competency_dic_code` (`competency_dic_code`)
) ENGINE=MyISAM  DEFAULT CHARSET=utf8 AUTO_INCREMENT=23 ;

--
-- 列出以下資料庫的數據： `competency_dic`
--

INSERT INTO `competency_dic` (`competency_dic_id`, `competency_dic_code`, `competency_type`) VALUES
(1, 'AA', 'C'),
(2, 'AAA', 'C'),
(19, 'A002', 'C'),
(18, 'A001', 'C'),
(20, 'M001', 'M'),
(21, 'M002', 'M');

-- --------------------------------------------------------

--
-- 資料表格式： `competency_dic_course`
--

CREATE TABLE IF NOT EXISTS `competency_dic_course` (
  `competency_dic_course_id` int(11) NOT NULL AUTO_INCREMENT,
  `competency_dic_id` int(10) unsigned NOT NULL,
  `course_id` int(10) unsigned NOT NULL,
  PRIMARY KEY (`competency_dic_course_id`)
) ENGINE=MyISAM  DEFAULT CHARSET=utf8 AUTO_INCREMENT=4 ;

--
-- 列出以下資料庫的數據： `competency_dic_course`
--

INSERT INTO `competency_dic_course` (`competency_dic_course_id`, `competency_dic_id`, `course_id`) VALUES
(1, 1, 55),
(2, 1, 56);

-- --------------------------------------------------------

--
-- 資料表格式： `competency_evaluation`
--

CREATE TABLE IF NOT EXISTS `competency_evaluation` (
  `competency_evaluation_id` int(11) NOT NULL AUTO_INCREMENT,
  `competency_level_id` int(11) NOT NULL,
  PRIMARY KEY (`competency_evaluation_id`)
) ENGINE=MyISAM  DEFAULT CHARSET=utf8 AUTO_INCREMENT=8 ;

--
-- 列出以下資料庫的數據： `competency_evaluation`
--

INSERT INTO `competency_evaluation` (`competency_evaluation_id`, `competency_level_id`) VALUES
(7, 14);

-- --------------------------------------------------------

--
-- 資料表格式： `competency_level`
--

CREATE TABLE IF NOT EXISTS `competency_level` (
  `competency_level_id` int(11) NOT NULL AUTO_INCREMENT,
  `competency_id` int(11) NOT NULL,
  `competency_level` int(11) NOT NULL,
  PRIMARY KEY (`competency_level_id`)
) ENGINE=MyISAM  DEFAULT CHARSET=utf8 AUTO_INCREMENT=89 ;

--
-- 列出以下資料庫的數據： `competency_level`
--

INSERT INTO `competency_level` (`competency_level_id`, `competency_id`, `competency_level`) VALUES
(14, 0, 1),
(18, 0, 3),
(17, 0, 2),
(19, 0, 4),
(20, 63, 1),
(21, 64, 1),
(22, 56, 1),
(23, 56, 2),
(24, 56, 3),
(25, 56, 4),
(26, 65, 1),
(27, 66, 1),
(28, 67, 1),
(29, 68, 1),
(30, 69, 1),
(31, 70, 1),
(32, 71, 1),
(33, 72, 1),
(34, 73, 1),
(35, 74, 1),
(36, 75, 1),
(37, 76, 1),
(38, 77, 1),
(39, 78, 1),
(40, 79, 1),
(41, 80, 1),
(42, 81, 1),
(43, 82, 1),
(44, 83, 1),
(45, 84, 1),
(46, 85, 1),
(47, 85, 2),
(48, 85, 3),
(49, 85, 4),
(50, 87, 1),
(51, 87, 2),
(52, 87, 3),
(53, 87, 4),
(54, 88, 1),
(55, 88, 2),
(56, 88, 3),
(57, 88, 4),
(58, 89, 1),
(59, 89, 2),
(60, 89, 3),
(61, 89, 4),
(62, 90, 1),
(63, 90, 2),
(64, 90, 3),
(65, 90, 4),
(66, 91, 1),
(67, 92, 1),
(68, 93, 1),
(69, 94, 1),
(70, 56, 5),
(71, 95, 1),
(72, 96, 1),
(73, 97, 1),
(74, 98, 1),
(75, 99, 1),
(76, 100, 1),
(77, 101, 1),
(78, 102, 1),
(79, 103, 1),
(80, 104, 1),
(81, 105, 1),
(82, 106, 1),
(83, 107, 1),
(84, 108, 1),
(85, 109, 1),
(86, 110, 1),
(87, 111, 1),
(88, 112, 1);

-- --------------------------------------------------------

--
-- 資料表格式： `competency_model`
--

CREATE TABLE IF NOT EXISTS `competency_model` (
  `competency_model_id` int(11) NOT NULL AUTO_INCREMENT,
  `competency_model_count` int(11) NOT NULL,
  `competency_model_type` varchar(10) NOT NULL,
  `competency_model_method` varchar(10) NOT NULL COMMENT 'ŨΰǨ',
  `competency_level_number` int(1) NOT NULL,
  PRIMARY KEY (`competency_model_id`)
) ENGINE=MyISAM  DEFAULT CHARSET=utf8 AUTO_INCREMENT=49 ;

--
-- 列出以下資料庫的數據： `competency_model`
--

INSERT INTO `competency_model` (`competency_model_id`, `competency_model_count`, `competency_model_type`, `competency_model_method`, `competency_level_number`) VALUES
(39, 6, 'M', 'B', 0),
(34, 7, 'P', 'C', 2),
(35, 1, 'C', 'B', 0),
(38, 6, 'M', 'B', 0),
(40, 5, 'M', 'B', 0),
(42, 5, 'P', 'C', 0),
(43, 3, 'C', 'B', 0),
(45, 0, 'P', 'C', 4),
(46, 6, 'M', 'B', 0),
(47, 6, 'M', 'B', 0),
(48, 6, 'M', 'B', 0);

-- --------------------------------------------------------

--
-- 資料表格式： `competency_model_standard`
--

CREATE TABLE IF NOT EXISTS `competency_model_standard` (
  `competency_model_id` int(11) NOT NULL,
  `update_date` datetime NOT NULL,
  `maintainer_uid` int(11) NOT NULL,
  PRIMARY KEY (`competency_model_id`),
  UNIQUE KEY `competency_model_id` (`competency_model_id`)
) ENGINE=MyISAM DEFAULT CHARSET=latin1;

--
-- 列出以下資料庫的數據： `competency_model_standard`
--

INSERT INTO `competency_model_standard` (`competency_model_id`, `update_date`, `maintainer_uid`) VALUES
(34, '0000-00-00 00:00:00', 0),
(35, '0000-00-00 00:00:00', 0),
(41, '0000-00-00 00:00:00', 0),
(42, '2015-05-25 11:56:53', 1),
(45, '0000-00-00 00:00:00', 0);

-- --------------------------------------------------------

--
-- 資料表格式： `course_property`
--

CREATE TABLE IF NOT EXISTS `course_property` (
  `course_id` int(11) unsigned NOT NULL AUTO_INCREMENT,
  `course_code` varchar(20) NOT NULL,
  `catalog_id` int(11) NOT NULL,
  `competency_level_id` int(11) NOT NULL,
  PRIMARY KEY (`course_id`)
) ENGINE=MyISAM  DEFAULT CHARSET=utf8 AUTO_INCREMENT=95 ;

--
-- 列出以下資料庫的數據： `course_property`
--

INSERT INTO `course_property` (`course_id`, `course_code`, `catalog_id`, `competency_level_id`) VALUES
(52, '', 0, 14),
(53, '', 0, 14),
(54, '', 0, 22),
(55, 'Code1', 0, 0),
(56, 'Code2', 0, 0),
(58, 'AAA', 0, 29),
(59, '', 0, 71),
(60, '', 0, 71),
(61, '', 0, 72),
(62, '', 0, 72),
(63, '', 0, 73),
(64, '', 0, 73),
(65, '', 0, 74),
(66, '', 0, 74),
(67, '', 0, 75),
(68, '', 0, 75),
(69, '', 0, 76),
(70, '', 0, 76),
(71, '', 0, 77),
(72, '', 0, 77),
(73, '', 0, 78),
(74, '', 0, 78),
(75, '', 0, 79),
(76, '', 0, 79),
(77, '', 0, 80),
(78, '', 0, 80),
(79, '', 0, 81),
(80, '', 0, 81),
(81, '', 0, 82),
(82, '', 0, 82),
(83, '', 0, 83),
(84, '', 0, 83),
(85, '', 0, 84),
(86, '', 0, 84),
(87, '', 0, 85),
(88, '', 0, 85),
(89, '', 0, 86),
(90, '', 0, 86),
(91, '', 0, 87),
(92, '', 0, 87),
(93, '', 0, 88),
(94, '', 0, 88);

-- --------------------------------------------------------

--
-- 資料表格式： `evaluation_relation`
--

CREATE TABLE IF NOT EXISTS `evaluation_relation` (
  `evaluation_relation_id` int(11) NOT NULL AUTO_INCREMENT,
  `evaluation_relation_code` varchar(10) NOT NULL,
  PRIMARY KEY (`evaluation_relation_id`)
) ENGINE=MyISAM  DEFAULT CHARSET=utf8 AUTO_INCREMENT=5 ;

--
-- 列出以下資料庫的數據： `evaluation_relation`
--

INSERT INTO `evaluation_relation` (`evaluation_relation_id`, `evaluation_relation_code`) VALUES
(1, ''),
(2, ''),
(3, ''),
(4, '');

-- --------------------------------------------------------

--
-- 資料表格式： `evaluation_scale`
--

CREATE TABLE IF NOT EXISTS `evaluation_scale` (
  `evaluation_scale_id` int(11) NOT NULL AUTO_INCREMENT,
  `evaluation_scale_item_count` int(11) NOT NULL,
  `evaluation_scale_basis` decimal(10,2) NOT NULL,
  `evaluation_scale_status` varchar(10) DEFAULT NULL,
  PRIMARY KEY (`evaluation_scale_id`)
) ENGINE=MyISAM  DEFAULT CHARSET=latin1 AUTO_INCREMENT=3 ;

--
-- 列出以下資料庫的數據： `evaluation_scale`
--

INSERT INTO `evaluation_scale` (`evaluation_scale_id`, `evaluation_scale_item_count`, `evaluation_scale_basis`, `evaluation_scale_status`) VALUES
(1, 0, 5.00, NULL),
(2, 0, 3.00, NULL);

-- --------------------------------------------------------

--
-- 資料表格式： `evaluation_scale_item`
--

CREATE TABLE IF NOT EXISTS `evaluation_scale_item` (
  `evaluation_scale_item_id` int(11) NOT NULL AUTO_INCREMENT,
  `evaluation_scale_id` int(11) NOT NULL,
  `evaluation_scale_item_sort` int(11) NOT NULL,
  `evaluation_scale_item_grade` int(11) NOT NULL,
  `evaluation_scale_item_self` varchar(1) CHARACTER SET latin1 NOT NULL DEFAULT 'T',
  PRIMARY KEY (`evaluation_scale_item_id`)
) ENGINE=MyISAM  DEFAULT CHARSET=utf8 AUTO_INCREMENT=8 ;

--
-- 列出以下資料庫的數據： `evaluation_scale_item`
--

INSERT INTO `evaluation_scale_item` (`evaluation_scale_item_id`, `evaluation_scale_id`, `evaluation_scale_item_sort`, `evaluation_scale_item_grade`, `evaluation_scale_item_self`) VALUES
(1, 1, 0, 1, 'F'),
(2, 1, 0, 2, 'F'),
(3, 1, 0, 3, 'F'),
(4, 1, 0, 4, 'F'),
(5, 1, 0, 5, 'F'),
(6, 1, 0, 6, 'F'),
(7, 1, 0, 7, 'F');

-- --------------------------------------------------------

--
-- 資料表格式： `favorite_url`
--

CREATE TABLE IF NOT EXISTS `favorite_url` (
  `favorite_id` int(10) unsigned NOT NULL AUTO_INCREMENT,
  `favorite_title` varchar(50) CHARACTER SET utf8 NOT NULL,
  `favorite_url` varchar(200) CHARACTER SET utf8 NOT NULL,
  PRIMARY KEY (`favorite_id`)
) ENGINE=MyISAM  DEFAULT CHARSET=latin1 AUTO_INCREMENT=7 ;

--
-- 列出以下資料庫的數據： `favorite_url`
--

INSERT INTO `favorite_url` (`favorite_id`, `favorite_title`, `favorite_url`) VALUES
(1, '職能系統', ''),
(2, '訓練系統', ''),
(3, 'KPI系統', ''),
(4, '績效系統', ''),
(5, '工作說明書', ''),
(6, '人才庫系統', '');

-- --------------------------------------------------------

--
-- 資料表格式： `groups`
--

CREATE TABLE IF NOT EXISTS `groups` (
  `groups_id` int(10) unsigned NOT NULL AUTO_INCREMENT,
  `groups_code` varchar(20) CHARACTER SET utf8 NOT NULL,
  PRIMARY KEY (`groups_id`)
) ENGINE=MyISAM DEFAULT CHARSET=latin1 AUTO_INCREMENT=1 ;

--
-- 列出以下資料庫的數據： `groups`
--


-- --------------------------------------------------------

--
-- 資料表格式： `group_member`
--

CREATE TABLE IF NOT EXISTS `group_member` (
  `group_member_id` int(10) unsigned NOT NULL AUTO_INCREMENT,
  `group_id` int(10) unsigned NOT NULL,
  `user_id` int(10) unsigned NOT NULL,
  `role` varchar(3) NOT NULL,
  PRIMARY KEY (`group_member_id`)
) ENGINE=MyISAM  DEFAULT CHARSET=utf8 AUTO_INCREMENT=41 ;

--
-- 列出以下資料庫的數據： `group_member`
--


-- --------------------------------------------------------

--
-- 資料表格式： `group_property`
--

CREATE TABLE IF NOT EXISTS `group_property` (
  `group_id` int(10) unsigned NOT NULL AUTO_INCREMENT,
  `group_type` varchar(3) NOT NULL COMMENT 'S:系統 D:部門 N:一般',
  `group_title` varchar(30) NOT NULL,
  `group_parent_id` int(10) unsigned NOT NULL,
  `group_code` varchar(30) NOT NULL,
  `group_level` int(11) NOT NULL,
  `company_id` int(11) NOT NULL,
  PRIMARY KEY (`group_id`)
) ENGINE=MyISAM  DEFAULT CHARSET=utf8 AUTO_INCREMENT=50 ;

--
-- 列出以下資料庫的數據： `group_property`
--

INSERT INTO `group_property` (`group_id`, `group_type`, `group_title`, `group_parent_id`, `group_code`, `group_level`, `company_id`) VALUES
(1, 'dep', '', 0, 'CEO', 0, 1),
(2, 'dep', '', 1, 'RD', 0, 1),
(3, 'dep', '', 1, 'SA', 0, 1),
(4, 'dep', '', 1, 'MK', 0, 1),
(5, 'dep', '', 1, 'CA', 0, 1),
(6, 'dep', '', 5, 'CA-CAM', 0, 1),
(7, 'dep', '', 5, 'CA-LE', 0, 1),
(18, 'dep', '', 14, '', 0, 1),
(17, 'dep', '', 0, '', 0, 1),
(16, 'dep', '', 0, '', 0, 1),
(15, 'dep', '', 0, '', 0, 1),
(19, 'dep', '', 14, '', 0, 1),
(20, 'dep', '', 14, '', 0, 1),
(21, 'dep', '', 14, '', 0, 1),
(22, 'dep', '', 14, '', 0, 1),
(23, 'dep', '', 14, '', 0, 1),
(24, 'dep', '', 14, '', 0, 1),
(25, 'dep', '', 14, '', 0, 1),
(26, 'dep', '', 14, '', 0, 1),
(27, 'dep', '', 14, '', 0, 1),
(28, 'dep', '', 14, '', 0, 1),
(29, 'dep', '', 14, '', 0, 1),
(30, 'dep', '', 14, '', 0, 1),
(31, 'dep', '', 14, '', 0, 1),
(32, 'dep', '', 14, '', 0, 1),
(33, 'dep', '', 14, '', 0, 1),
(34, 'dep', '', 14, '', 0, 1),
(35, 'dep', '', 14, '', 0, 1),
(36, 'dep', '', 14, '', 0, 1),
(37, 'dep', '', 14, '', 0, 1),
(38, 'dep', '', 14, '', 0, 1),
(39, 'dep', '', 14, '', 0, 1),
(40, 'dep', '', 14, '', 0, 1),
(41, 'dep', '', 14, '', 0, 1),
(42, 'dep', '', 14, '', 0, 1),
(43, 'dep', '', 14, '', 0, 1),
(44, 'dep', '', 14, '', 0, 1),
(45, 'dep', '', 14, '', 0, 1),
(46, 'dep', '', 14, '', 0, 1),
(47, 'dep', '', 14, '', 0, 1),
(48, 'dep', '', 14, '', 0, 1),
(49, 'dep', '', 14, '', 0, 1);

-- --------------------------------------------------------

--
-- 資料表格式： `job`
--

CREATE TABLE IF NOT EXISTS `job` (
  `job_id` int(10) unsigned NOT NULL AUTO_INCREMENT,
  `job_family_id` int(10) unsigned DEFAULT NULL COMMENT '職系',
  `job_level` int(10) unsigned DEFAULT NULL COMMENT '職等',
  `job_type_id` int(10) unsigned DEFAULT NULL COMMENT '工作類別',
  `core_competency_model_id` int(10) unsigned DEFAULT NULL,
  `manage_competency_model_id` int(11) unsigned DEFAULT NULL,
  `general_competency_model_id` int(11) unsigned DEFAULT NULL,
  `professional_competency_model_id` int(11) unsigned DEFAULT NULL,
  PRIMARY KEY (`job_id`)
) ENGINE=MyISAM  DEFAULT CHARSET=utf8 AUTO_INCREMENT=40 ;

--
-- 列出以下資料庫的數據： `job`
--

INSERT INTO `job` (`job_id`, `job_family_id`, `job_level`, `job_type_id`, `core_competency_model_id`, `manage_competency_model_id`, `general_competency_model_id`, `professional_competency_model_id`) VALUES
(13, 6, 3, 0, NULL, 33, NULL, 0),
(14, 6, 3, 0, NULL, NULL, NULL, 0),
(15, 6, 4, 0, NULL, 39, NULL, 42),
(16, 6, 5, 0, NULL, NULL, NULL, 0),
(17, 6, 6, 0, NULL, NULL, NULL, 0),
(18, 6, 7, 0, NULL, NULL, NULL, 0),
(19, 7, 3, 0, NULL, NULL, NULL, 0),
(20, 7, 3, 0, NULL, NULL, NULL, 34),
(21, 7, 4, 0, NULL, NULL, NULL, 34),
(22, 7, 4, 0, NULL, NULL, NULL, 0),
(23, 7, 5, 0, NULL, NULL, NULL, 0),
(24, 7, 5, 0, NULL, NULL, NULL, 0),
(25, 7, 6, 0, NULL, NULL, NULL, 0),
(26, 8, 2, 0, NULL, NULL, NULL, 42),
(27, 8, 3, 0, NULL, NULL, NULL, 0),
(28, 8, 3, 0, NULL, NULL, NULL, 0),
(29, 8, 4, 0, NULL, 33, NULL, 0),
(30, 8, 4, 0, NULL, NULL, NULL, 0),
(31, 8, 5, 0, NULL, 40, NULL, 0),
(32, 8, 5, 0, NULL, NULL, NULL, 0),
(33, 8, 6, 0, NULL, NULL, NULL, 0),
(34, 0, 0, 0, NULL, NULL, NULL, 0),
(35, 7, 4, 0, NULL, NULL, NULL, 0),
(36, 7, 4, 0, NULL, 0, NULL, 0),
(37, 7, 5, 0, NULL, NULL, NULL, 34),
(38, 7, 5, 0, NULL, NULL, NULL, 34),
(39, 7, NULL, NULL, NULL, 0, NULL, NULL);

-- --------------------------------------------------------

--
-- 資料表格式： `job_competency`
--

CREATE TABLE IF NOT EXISTS `job_competency` (
  `job_competency_id` int(11) NOT NULL AUTO_INCREMENT,
  `job_id` int(11) NOT NULL,
  `competency_id` int(11) NOT NULL,
  `level` int(11) NOT NULL,
  PRIMARY KEY (`job_competency_id`)
) ENGINE=MyISAM  DEFAULT CHARSET=latin1 AUTO_INCREMENT=70 ;

--
-- 列出以下資料庫的數據： `job_competency`
--

INSERT INTO `job_competency` (`job_competency_id`, `job_id`, `competency_id`, `level`) VALUES
(10, 35, 56, 3),
(11, 35, 57, 2),
(12, 35, 58, 3),
(13, 35, 59, 3),
(14, 35, 60, 2),
(15, 35, 61, 2),
(16, 35, 62, 3),
(17, 36, 56, 1),
(18, 36, 57, 1),
(19, 36, 58, 3),
(20, 36, 59, 3),
(21, 36, 60, 2),
(22, 36, 61, 2),
(23, 36, 62, 2),
(24, 13, 53, 2),
(25, 13, 54, 1),
(26, 13, 55, 1),
(27, 13, 64, 1),
(28, 29, 53, 2),
(29, 29, 54, 2),
(30, 29, 55, 2),
(31, 29, 64, 2),
(32, 21, 56, 1),
(33, 21, 57, 1),
(34, 21, 58, 3),
(35, 21, 59, 3),
(36, 21, 60, 2),
(37, 21, 61, 2),
(38, 21, 62, 2),
(39, 20, 56, 1),
(40, 20, 57, 2),
(41, 20, 58, 2),
(42, 20, 59, 1),
(43, 20, 60, 2),
(44, 20, 61, 1),
(45, 20, 62, 0),
(46, 37, 56, 2),
(47, 37, 57, 2),
(48, 37, 58, 3),
(49, 37, 59, 3),
(50, 37, 60, 2),
(51, 37, 61, 3),
(52, 37, 62, 2),
(53, 15, 66, 2),
(54, 15, 74, 1),
(55, 15, 75, 2),
(56, 15, 76, 3),
(57, 15, 77, 4),
(58, 15, 78, 4),
(59, 15, 79, 3),
(60, 15, 85, 0),
(61, 15, 87, 0),
(62, 15, 88, 0),
(63, 15, 89, 0),
(64, 15, 90, 0),
(65, 26, 85, 1),
(66, 26, 87, 2),
(67, 26, 88, 1),
(68, 26, 89, 1),
(69, 26, 90, 2);

-- --------------------------------------------------------

--
-- 資料表格式： `job_family`
--

CREATE TABLE IF NOT EXISTS `job_family` (
  `job_family_id` int(11) NOT NULL AUTO_INCREMENT,
  `company_id` int(11) NOT NULL,
  PRIMARY KEY (`job_family_id`)
) ENGINE=MyISAM  DEFAULT CHARSET=utf8 AUTO_INCREMENT=12 ;

--
-- 列出以下資料庫的數據： `job_family`
--

INSERT INTO `job_family` (`job_family_id`, `company_id`) VALUES
(6, 1),
(7, 1),
(8, 1),
(9, 1),
(10, 1),
(11, 1);

-- --------------------------------------------------------

--
-- 資料表格式： `job_type`
--

CREATE TABLE IF NOT EXISTS `job_type` (
  `job_type_id` int(11) NOT NULL AUTO_INCREMENT,
  `job_type_code` varchar(10) NOT NULL,
  PRIMARY KEY (`job_type_id`)
) ENGINE=MyISAM  DEFAULT CHARSET=latin1 AUTO_INCREMENT=8 ;

--
-- 列出以下資料庫的數據： `job_type`
--

INSERT INTO `job_type` (`job_type_id`, `job_type_code`) VALUES
(5, ''),
(6, ''),
(7, '');

-- --------------------------------------------------------

--
-- 資料表格式： `majoy_company`
--

CREATE TABLE IF NOT EXISTS `majoy_company` (
  `majoy_company_id` int(11) NOT NULL AUTO_INCREMENT,
  `company_id` int(11) NOT NULL,
  `user_id` int(11) NOT NULL,
  `is_update` int(1) DEFAULT NULL,
  PRIMARY KEY (`majoy_company_id`)
) ENGINE=MyISAM DEFAULT CHARSET=latin1 AUTO_INCREMENT=1 ;

--
-- 列出以下資料庫的數據： `majoy_company`
--


-- --------------------------------------------------------

--
-- 資料表格式： `org_company`
--

CREATE TABLE IF NOT EXISTS `org_company` (
  `company_id` int(11) NOT NULL AUTO_INCREMENT,
  `groups_id` int(11) NOT NULL,
  `company_code` varchar(20) CHARACTER SET utf8 NOT NULL,
  PRIMARY KEY (`company_id`)
) ENGINE=MyISAM  DEFAULT CHARSET=latin1 AUTO_INCREMENT=2 ;

--
-- 列出以下資料庫的數據： `org_company`
--

INSERT INTO `org_company` (`company_id`, `groups_id`, `company_code`) VALUES
(1, 0, '');

-- --------------------------------------------------------

--
-- 資料表格式： `profile_behavior`
--

CREATE TABLE IF NOT EXISTS `profile_behavior` (
  `profile_behavior_id` int(11) NOT NULL AUTO_INCREMENT,
  `user_id` int(11) NOT NULL,
  `behavior_id` int(11) NOT NULL,
  `behavior_arithmetic_avg` decimal(10,2) NOT NULL,
  `behavior_geometric_avg` decimal(10,2) NOT NULL,
  PRIMARY KEY (`profile_behavior_id`)
) ENGINE=MyISAM  DEFAULT CHARSET=utf8 AUTO_INCREMENT=151 ;

--
-- 列出以下資料庫的數據： `profile_behavior`
--

INSERT INTO `profile_behavior` (`profile_behavior_id`, `user_id`, `behavior_id`, `behavior_arithmetic_avg`, `behavior_geometric_avg`) VALUES
(1, 81, 64, 3.91, 4.20),
(2, 81, 65, 3.85, 3.77),
(3, 81, 66, 4.10, 3.45),
(4, 81, 67, 4.15, 4.68),
(5, 81, 68, 4.15, 3.69),
(6, 81, 69, 3.94, 3.40),
(7, 81, 70, 4.02, 4.78),
(8, 81, 71, 4.25, 5.01),
(9, 81, 72, 3.80, 4.00),
(10, 81, 73, 3.94, 4.62),
(11, 81, 74, 4.02, 3.83),
(12, 81, 75, 4.01, 4.44),
(13, 81, 76, 4.00, 4.08),
(14, 81, 77, 3.91, 3.90),
(15, 81, 78, 4.07, 5.53),
(16, 81, 79, 3.82, 4.10),
(17, 81, 80, 3.93, 3.49),
(18, 81, 81, 3.91, 3.71),
(19, 81, 82, 4.13, 3.87),
(20, 81, 83, 3.54, 3.59),
(21, 81, 84, 3.90, 4.18),
(22, 81, 85, 4.19, 4.07),
(23, 81, 86, 4.42, 4.32),
(24, 81, 87, 4.08, 4.50),
(25, 81, 88, 3.87, 3.48),
(26, 81, 89, 3.97, 4.08),
(27, 81, 90, 4.09, 4.16),
(28, 81, 91, 3.89, 3.62),
(29, 81, 92, 3.96, 4.06),
(30, 81, 93, 4.38, 4.47),
(31, 289, 64, 3.72, 4.45),
(32, 289, 65, 3.81, 3.42),
(33, 289, 66, 4.23, 4.48),
(34, 289, 67, 4.38, 3.88),
(35, 289, 68, 4.26, 3.57),
(36, 289, 69, 3.58, 3.82),
(37, 289, 70, 3.51, 4.00),
(38, 289, 71, 4.02, 4.32),
(39, 289, 72, 3.42, 2.67),
(40, 289, 73, 4.28, 3.40),
(41, 289, 74, 3.98, 3.94),
(42, 289, 75, 3.87, 3.74),
(43, 289, 76, 4.23, 4.38),
(44, 289, 77, 4.00, 3.98),
(45, 289, 78, 4.13, 3.34),
(46, 289, 79, 3.83, 3.39),
(47, 289, 80, 4.26, 4.08),
(48, 289, 81, 3.89, 4.48),
(49, 289, 82, 3.94, 4.31),
(50, 289, 83, 4.06, 3.44),
(51, 289, 84, 3.83, 4.36),
(52, 289, 85, 4.47, 4.21),
(53, 289, 86, 4.40, 4.42),
(54, 289, 87, 3.62, 2.42),
(55, 289, 88, 3.74, 3.40),
(56, 289, 89, 4.32, 4.02),
(57, 289, 90, 3.81, 4.83),
(58, 289, 91, 4.09, 3.99),
(59, 289, 92, 3.94, 3.45),
(60, 289, 93, 4.55, 5.44),
(61, 944, 64, 3.73, 3.97),
(62, 944, 65, 3.74, 4.22),
(63, 944, 66, 4.31, 4.38),
(64, 944, 67, 4.37, 4.11),
(65, 944, 68, 4.29, 4.21),
(66, 944, 69, 3.82, 4.76),
(67, 944, 70, 3.42, 3.51),
(68, 944, 71, 3.81, 2.76),
(69, 944, 72, 3.50, 3.83),
(70, 944, 73, 4.15, 3.71),
(71, 944, 74, 3.92, 4.04),
(72, 944, 75, 3.92, 3.65),
(73, 944, 76, 4.11, 3.97),
(74, 944, 77, 4.10, 3.91),
(75, 944, 78, 4.08, 4.03),
(76, 944, 79, 3.71, 3.56),
(77, 944, 80, 4.34, 4.21),
(78, 944, 81, 4.13, 4.63),
(79, 944, 82, 4.37, 5.24),
(80, 944, 83, 3.87, 3.23),
(81, 944, 84, 3.97, 3.95),
(82, 944, 85, 4.18, 3.74),
(83, 944, 86, 4.37, 4.08),
(84, 944, 87, 3.82, 3.96),
(85, 944, 88, 3.61, 3.90),
(86, 944, 89, 4.31, 4.57),
(87, 944, 90, 3.74, 3.86),
(88, 944, 91, 4.11, 4.05),
(89, 944, 92, 3.89, 3.91),
(90, 944, 93, 4.55, 4.45),
(91, 1910, 64, 3.90, 4.68),
(92, 1910, 65, 3.69, 3.47),
(93, 1910, 66, 4.35, 3.77),
(94, 1910, 67, 4.17, 3.13),
(95, 1910, 68, 4.45, 4.70),
(96, 1910, 69, 4.07, 4.36),
(97, 1910, 70, 3.80, 4.50),
(98, 1910, 71, 4.01, 4.61),
(99, 1910, 72, 3.61, 4.17),
(100, 1910, 73, 3.87, 3.54),
(101, 1910, 74, 3.90, 3.71),
(102, 1910, 75, 3.93, 4.52),
(103, 1910, 76, 4.04, 3.53),
(104, 1910, 77, 3.94, 3.27),
(105, 1910, 78, 4.11, 4.43),
(106, 1910, 79, 3.83, 3.72),
(107, 1910, 80, 4.10, 3.48),
(108, 1910, 81, 4.08, 3.63),
(109, 1910, 82, 4.32, 4.15),
(110, 1910, 83, 3.63, 2.95),
(111, 1910, 84, 4.00, 3.94),
(112, 1910, 85, 4.23, 4.53),
(113, 1910, 86, 4.41, 4.57),
(114, 1910, 87, 3.93, 4.70),
(115, 1910, 88, 3.97, 5.09),
(116, 1910, 89, 4.23, 3.76),
(117, 1910, 90, 3.69, 4.15),
(118, 1910, 91, 4.01, 4.43),
(119, 1910, 92, 3.92, 4.42),
(120, 1910, 93, 4.32, 3.64),
(121, 1845, 64, 3.85, 3.04),
(122, 1845, 65, 3.95, 4.82),
(123, 1845, 66, 4.34, 4.36),
(124, 1845, 67, 4.09, 4.45),
(125, 1845, 68, 4.31, 4.16),
(126, 1845, 69, 4.08, 4.29),
(127, 1845, 70, 3.83, 3.76),
(128, 1845, 71, 4.04, 3.47),
(129, 1845, 72, 3.69, 4.33),
(130, 1845, 73, 3.83, 3.96),
(131, 1845, 74, 4.06, 4.27),
(132, 1845, 75, 4.00, 4.38),
(133, 1845, 76, 3.93, 4.01),
(134, 1845, 77, 3.96, 3.57),
(135, 1845, 78, 3.88, 3.40),
(136, 1845, 79, 3.84, 4.89),
(137, 1845, 80, 4.05, 4.00),
(138, 1845, 81, 3.84, 2.79),
(139, 1845, 82, 4.31, 3.88),
(140, 1845, 83, 3.64, 3.52),
(141, 1845, 84, 3.98, 4.39),
(142, 1845, 85, 4.20, 4.12),
(143, 1845, 86, 4.45, 5.25),
(144, 1845, 87, 3.96, 4.28),
(145, 1845, 88, 3.96, 3.56),
(146, 1845, 89, 4.11, 3.10),
(147, 1845, 90, 4.06, 4.78),
(148, 1845, 91, 3.98, 3.54),
(149, 1845, 92, 4.00, 4.35),
(150, 1845, 93, 4.48, 4.12);

-- --------------------------------------------------------

--
-- 資料表格式： `profile_behavior_detail`
--

CREATE TABLE IF NOT EXISTS `profile_behavior_detail` (
  `profile_behavior_id` int(11) NOT NULL AUTO_INCREMENT,
  `user_id` int(11) NOT NULL,
  `behavior_id` int(11) NOT NULL,
  `evaluation_relation_id` int(11) NOT NULL,
  `behavior_arithmetic_avg` decimal(10,2) NOT NULL,
  `behavior_geometric_avg` decimal(10,2) NOT NULL,
  PRIMARY KEY (`profile_behavior_id`)
) ENGINE=MyISAM  DEFAULT CHARSET=utf8 AUTO_INCREMENT=601 ;

--
-- 列出以下資料庫的數據： `profile_behavior_detail`
--

INSERT INTO `profile_behavior_detail` (`profile_behavior_id`, `user_id`, `behavior_id`, `evaluation_relation_id`, `behavior_arithmetic_avg`, `behavior_geometric_avg`) VALUES
(1, 81, 64, 1, 2.00, 2.00),
(2, 81, 64, 3, 1.00, 1.00),
(3, 81, 64, 4, 3.50, 3.50),
(4, 81, 65, 1, 1.00, 1.00),
(5, 81, 65, 3, 5.00, 5.00),
(6, 81, 65, 4, 4.50, 4.50),
(7, 81, 66, 1, 7.00, 7.00),
(8, 81, 66, 3, 5.00, 5.00),
(9, 81, 66, 4, 5.00, 5.00),
(10, 81, 67, 1, 6.00, 6.00),
(11, 81, 67, 3, 7.00, 7.00),
(12, 81, 67, 4, 4.50, 4.50),
(13, 81, 68, 1, 4.00, 4.00),
(14, 81, 68, 3, 6.00, 6.00),
(15, 81, 68, 4, 4.00, 4.00),
(16, 81, 69, 1, 3.00, 3.00),
(17, 81, 69, 3, 2.00, 2.00),
(18, 81, 69, 4, 3.00, 3.00),
(19, 81, 70, 1, 5.00, 5.00),
(20, 81, 70, 3, 6.00, 6.00),
(21, 81, 70, 4, 1.00, 1.00),
(22, 81, 71, 1, 7.00, 7.00),
(23, 81, 71, 3, 4.00, 4.00),
(24, 81, 71, 4, 6.00, 6.00),
(25, 81, 72, 1, 6.00, 6.00),
(26, 81, 72, 3, 6.00, 6.00),
(27, 81, 72, 4, 4.50, 4.50),
(28, 81, 73, 1, 6.00, 6.00),
(29, 81, 73, 3, 7.00, 7.00),
(30, 81, 73, 4, 3.00, 3.00),
(31, 81, 74, 1, 5.00, 5.00),
(32, 81, 74, 3, 4.00, 4.00),
(33, 81, 74, 4, 4.50, 4.50),
(34, 81, 75, 1, 1.00, 1.00),
(35, 81, 75, 3, 5.00, 5.00),
(36, 81, 75, 4, 3.50, 3.50),
(37, 81, 76, 1, 7.00, 7.00),
(38, 81, 76, 3, 1.00, 1.00),
(39, 81, 76, 4, 5.50, 5.50),
(40, 81, 77, 1, 7.00, 7.00),
(41, 81, 77, 3, 7.00, 7.00),
(42, 81, 77, 4, 3.50, 3.50),
(43, 81, 78, 1, 3.00, 3.00),
(44, 81, 78, 3, 4.00, 4.00),
(45, 81, 78, 4, 1.50, 1.50),
(46, 81, 79, 1, 6.00, 6.00),
(47, 81, 79, 3, 3.00, 3.00),
(48, 81, 79, 4, 5.50, 5.50),
(49, 81, 80, 1, 1.00, 1.00),
(50, 81, 80, 3, 7.00, 7.00),
(51, 81, 80, 4, 5.50, 5.50),
(52, 81, 81, 1, 1.00, 1.00),
(53, 81, 81, 3, 5.00, 5.00),
(54, 81, 81, 4, 4.00, 4.00),
(55, 81, 82, 1, 4.00, 4.00),
(56, 81, 82, 3, 6.00, 6.00),
(57, 81, 82, 4, 2.50, 2.50),
(58, 81, 83, 1, 6.00, 6.00),
(59, 81, 83, 3, 6.00, 6.00),
(60, 81, 83, 4, 5.00, 5.00),
(61, 81, 84, 1, 4.00, 4.00),
(62, 81, 84, 3, 2.00, 2.00),
(63, 81, 84, 4, 3.00, 3.00),
(64, 81, 85, 1, 7.00, 7.00),
(65, 81, 85, 3, 6.00, 6.00),
(66, 81, 85, 4, 3.50, 3.50),
(67, 81, 86, 1, 4.00, 4.00),
(68, 81, 86, 3, 1.00, 1.00),
(69, 81, 86, 4, 3.50, 3.50),
(70, 81, 87, 1, 6.00, 6.00),
(71, 81, 87, 3, 5.00, 5.00),
(72, 81, 87, 4, 3.50, 3.50),
(73, 81, 88, 1, 5.00, 5.00),
(74, 81, 88, 3, 2.00, 2.00),
(75, 81, 88, 4, 5.50, 5.50),
(76, 81, 89, 1, 7.00, 7.00),
(77, 81, 89, 3, 2.00, 2.00),
(78, 81, 89, 4, 3.00, 3.00),
(79, 81, 90, 1, 2.00, 2.00),
(80, 81, 90, 3, 3.00, 3.00),
(81, 81, 90, 4, 4.00, 4.00),
(82, 81, 91, 1, 5.00, 5.00),
(83, 81, 91, 3, 1.00, 1.00),
(84, 81, 91, 4, 4.50, 4.50),
(85, 81, 92, 1, 6.00, 6.00),
(86, 81, 92, 3, 7.00, 7.00),
(87, 81, 92, 4, 5.00, 5.00),
(88, 81, 93, 1, 3.00, 3.00),
(89, 81, 93, 3, 5.00, 5.00),
(90, 81, 93, 4, 3.00, 3.00),
(91, 289, 64, 1, 6.00, 6.00),
(92, 289, 64, 2, 3.50, 3.50),
(93, 289, 64, 3, 6.00, 6.00),
(94, 289, 65, 1, 6.00, 6.00),
(95, 289, 65, 2, 2.50, 2.50),
(96, 289, 65, 3, 6.00, 6.00),
(97, 289, 66, 1, 6.00, 6.00),
(98, 289, 66, 2, 4.00, 4.00),
(99, 289, 66, 3, 2.00, 2.00),
(100, 289, 67, 1, 5.00, 5.00),
(101, 289, 67, 2, 1.50, 1.50),
(102, 289, 67, 3, 4.00, 4.00),
(103, 289, 68, 1, 4.00, 4.00),
(104, 289, 68, 2, 3.50, 3.50),
(105, 289, 68, 3, 1.00, 1.00),
(106, 289, 69, 1, 2.00, 2.00),
(107, 289, 69, 2, 2.50, 2.50),
(108, 289, 69, 3, 6.00, 6.00),
(109, 289, 70, 1, 6.00, 6.00),
(110, 289, 70, 2, 4.00, 4.00),
(111, 289, 70, 3, 6.00, 6.00),
(112, 289, 71, 1, 3.00, 3.00),
(113, 289, 71, 2, 2.50, 2.50),
(114, 289, 71, 3, 7.00, 7.00),
(115, 289, 72, 1, 4.00, 4.00),
(116, 289, 72, 2, 5.00, 5.00),
(117, 289, 72, 3, 5.00, 5.00),
(118, 289, 73, 1, 5.00, 5.00),
(119, 289, 73, 2, 4.50, 4.50),
(120, 289, 73, 3, 4.00, 4.00),
(121, 289, 74, 1, 7.00, 7.00),
(122, 289, 74, 2, 4.00, 4.00),
(123, 289, 74, 3, 2.00, 2.00),
(124, 289, 75, 1, 7.00, 7.00),
(125, 289, 75, 2, 2.50, 2.50),
(126, 289, 75, 3, 5.00, 5.00),
(127, 289, 76, 1, 2.00, 2.00),
(128, 289, 76, 2, 4.50, 4.50),
(129, 289, 76, 3, 2.00, 2.00),
(130, 289, 77, 1, 1.00, 1.00),
(131, 289, 77, 2, 1.50, 1.50),
(132, 289, 77, 3, 4.00, 4.00),
(133, 289, 78, 1, 3.00, 3.00),
(134, 289, 78, 2, 5.00, 5.00),
(135, 289, 78, 3, 2.00, 2.00),
(136, 289, 79, 1, 2.00, 2.00),
(137, 289, 79, 2, 3.00, 3.00),
(138, 289, 79, 3, 7.00, 7.00),
(139, 289, 80, 1, 5.00, 5.00),
(140, 289, 80, 2, 4.50, 4.50),
(141, 289, 80, 3, 4.00, 4.00),
(142, 289, 81, 1, 3.00, 3.00),
(143, 289, 81, 2, 5.00, 5.00),
(144, 289, 81, 3, 5.00, 5.00),
(145, 289, 82, 1, 5.00, 5.00),
(146, 289, 82, 2, 6.00, 6.00),
(147, 289, 82, 3, 6.00, 6.00),
(148, 289, 83, 1, 5.00, 5.00),
(149, 289, 83, 2, 5.00, 5.00),
(150, 289, 83, 3, 5.00, 5.00),
(151, 289, 84, 1, 1.00, 1.00),
(152, 289, 84, 2, 1.50, 1.50),
(153, 289, 84, 3, 4.00, 4.00),
(154, 289, 85, 1, 4.00, 4.00),
(155, 289, 85, 2, 1.00, 1.00),
(156, 289, 85, 3, 7.00, 7.00),
(157, 289, 86, 1, 2.00, 2.00),
(158, 289, 86, 2, 3.50, 3.50),
(159, 289, 86, 3, 6.00, 6.00),
(160, 289, 87, 1, 7.00, 7.00),
(161, 289, 87, 2, 4.50, 4.50),
(162, 289, 87, 3, 2.00, 2.00),
(163, 289, 88, 1, 6.00, 6.00),
(164, 289, 88, 2, 3.00, 3.00),
(165, 289, 88, 3, 4.00, 4.00),
(166, 289, 89, 1, 1.00, 1.00),
(167, 289, 89, 2, 2.00, 2.00),
(168, 289, 89, 3, 1.00, 1.00),
(169, 289, 90, 1, 6.00, 6.00),
(170, 289, 90, 2, 4.50, 4.50),
(171, 289, 90, 3, 4.00, 4.00),
(172, 289, 91, 1, 4.00, 4.00),
(173, 289, 91, 2, 4.00, 4.00),
(174, 289, 91, 3, 2.00, 2.00),
(175, 289, 92, 1, 1.00, 1.00),
(176, 289, 92, 2, 4.00, 4.00),
(177, 289, 92, 3, 5.00, 5.00),
(178, 289, 93, 1, 1.00, 1.00),
(179, 289, 93, 2, 4.00, 4.00),
(180, 289, 93, 3, 6.00, 6.00),
(181, 944, 64, 2, 6.00, 6.00),
(182, 944, 64, 3, 6.00, 6.00),
(183, 944, 64, 4, 2.00, 2.00),
(184, 944, 65, 2, 7.00, 7.00),
(185, 944, 65, 3, 3.00, 3.00),
(186, 944, 65, 4, 4.00, 4.00),
(187, 944, 66, 2, 5.00, 5.00),
(188, 944, 66, 3, 6.50, 6.50),
(189, 944, 66, 4, 4.00, 4.00),
(190, 944, 67, 2, 1.00, 1.00),
(191, 944, 67, 3, 4.50, 4.50),
(192, 944, 67, 4, 6.00, 6.00),
(193, 944, 68, 2, 3.00, 3.00),
(194, 944, 68, 3, 3.00, 3.00),
(195, 944, 68, 4, 4.00, 4.00),
(196, 944, 69, 2, 1.00, 1.00),
(197, 944, 69, 3, 4.00, 4.00),
(198, 944, 69, 4, 4.00, 4.00),
(199, 944, 70, 2, 2.00, 2.00),
(200, 944, 70, 3, 2.50, 2.50),
(201, 944, 70, 4, 4.00, 4.00),
(202, 944, 71, 2, 4.00, 4.00),
(203, 944, 71, 3, 3.50, 3.50),
(204, 944, 71, 4, 5.00, 5.00),
(205, 944, 72, 2, 1.00, 1.00),
(206, 944, 72, 3, 4.00, 4.00),
(207, 944, 72, 4, 6.00, 6.00),
(208, 944, 73, 2, 2.00, 2.00),
(209, 944, 73, 3, 3.50, 3.50),
(210, 944, 73, 4, 5.00, 5.00),
(211, 944, 74, 2, 6.00, 6.00),
(212, 944, 74, 3, 5.00, 5.00),
(213, 944, 74, 4, 5.00, 5.00),
(214, 944, 75, 2, 3.00, 3.00),
(215, 944, 75, 3, 2.00, 2.00),
(216, 944, 75, 4, 4.00, 4.00),
(217, 944, 76, 2, 4.00, 4.00),
(218, 944, 76, 3, 5.50, 5.50),
(219, 944, 76, 4, 7.00, 7.00),
(220, 944, 77, 2, 4.00, 4.00),
(221, 944, 77, 3, 4.00, 4.00),
(222, 944, 77, 4, 7.00, 7.00),
(223, 944, 78, 2, 2.00, 2.00),
(224, 944, 78, 3, 3.00, 3.00),
(225, 944, 78, 4, 7.00, 7.00),
(226, 944, 79, 2, 2.00, 2.00),
(227, 944, 79, 3, 6.00, 6.00),
(228, 944, 79, 4, 7.00, 7.00),
(229, 944, 80, 2, 1.00, 1.00),
(230, 944, 80, 3, 2.00, 2.00),
(231, 944, 80, 4, 6.00, 6.00),
(232, 944, 81, 2, 7.00, 7.00),
(233, 944, 81, 3, 6.00, 6.00),
(234, 944, 81, 4, 6.00, 6.00),
(235, 944, 82, 2, 1.00, 1.00),
(236, 944, 82, 3, 2.50, 2.50),
(237, 944, 82, 4, 2.00, 2.00),
(238, 944, 83, 2, 1.00, 1.00),
(239, 944, 83, 3, 6.50, 6.50),
(240, 944, 83, 4, 4.00, 4.00),
(241, 944, 84, 2, 1.00, 1.00),
(242, 944, 84, 3, 4.00, 4.00),
(243, 944, 84, 4, 6.00, 6.00),
(244, 944, 85, 2, 5.00, 5.00),
(245, 944, 85, 3, 4.50, 4.50),
(246, 944, 85, 4, 5.00, 5.00),
(247, 944, 86, 2, 3.00, 3.00),
(248, 944, 86, 3, 2.50, 2.50),
(249, 944, 86, 4, 6.00, 6.00),
(250, 944, 87, 2, 4.00, 4.00),
(251, 944, 87, 3, 4.50, 4.50),
(252, 944, 87, 4, 1.00, 1.00),
(253, 944, 88, 2, 2.00, 2.00),
(254, 944, 88, 3, 2.00, 2.00),
(255, 944, 88, 4, 7.00, 7.00),
(256, 944, 89, 2, 7.00, 7.00),
(257, 944, 89, 3, 5.00, 5.00),
(258, 944, 89, 4, 6.00, 6.00),
(259, 944, 90, 2, 3.00, 3.00),
(260, 944, 90, 3, 4.50, 4.50),
(261, 944, 90, 4, 2.00, 2.00),
(262, 944, 91, 2, 6.00, 6.00),
(263, 944, 91, 3, 5.00, 5.00),
(264, 944, 91, 4, 6.00, 6.00),
(265, 944, 92, 2, 6.00, 6.00),
(266, 944, 92, 3, 6.00, 6.00),
(267, 944, 92, 4, 4.00, 4.00),
(268, 944, 93, 2, 4.00, 4.00),
(269, 944, 93, 3, 4.00, 4.00),
(270, 944, 93, 4, 4.00, 4.00),
(271, 1910, 64, 2, 1.00, 1.00),
(272, 1910, 64, 3, 4.00, 4.00),
(273, 1910, 65, 2, 5.00, 5.00),
(274, 1910, 65, 3, 2.33, 2.33),
(275, 1910, 66, 2, 1.00, 1.00),
(276, 1910, 66, 3, 4.67, 4.67),
(277, 1910, 67, 2, 7.00, 7.00),
(278, 1910, 67, 3, 4.00, 4.00),
(279, 1910, 68, 2, 4.00, 4.00),
(280, 1910, 68, 3, 4.33, 4.33),
(281, 1910, 69, 2, 7.00, 7.00),
(282, 1910, 69, 3, 6.33, 6.33),
(283, 1910, 70, 2, 1.00, 1.00),
(284, 1910, 70, 3, 3.00, 3.00),
(285, 1910, 71, 2, 1.00, 1.00),
(286, 1910, 71, 3, 3.33, 3.33),
(287, 1910, 72, 2, 3.00, 3.00),
(288, 1910, 72, 3, 3.33, 3.33),
(289, 1910, 73, 2, 2.00, 2.00),
(290, 1910, 73, 3, 5.33, 5.33),
(291, 1910, 74, 2, 1.00, 1.00),
(292, 1910, 74, 3, 3.00, 3.00),
(293, 1910, 75, 2, 5.00, 5.00),
(294, 1910, 75, 3, 4.33, 4.33),
(295, 1910, 76, 2, 5.00, 5.00),
(296, 1910, 76, 3, 4.33, 4.33),
(297, 1910, 77, 2, 5.00, 5.00),
(298, 1910, 77, 3, 3.00, 3.00),
(299, 1910, 78, 2, 7.00, 7.00),
(300, 1910, 78, 3, 3.00, 3.00),
(301, 1910, 79, 2, 1.00, 1.00),
(302, 1910, 79, 3, 6.00, 6.00),
(303, 1910, 80, 2, 1.00, 1.00),
(304, 1910, 80, 3, 3.67, 3.67),
(305, 1910, 81, 2, 3.00, 3.00),
(306, 1910, 81, 3, 3.33, 3.33),
(307, 1910, 82, 2, 2.00, 2.00),
(308, 1910, 82, 3, 4.33, 4.33),
(309, 1910, 83, 2, 5.00, 5.00),
(310, 1910, 83, 3, 5.00, 5.00),
(311, 1910, 84, 2, 1.00, 1.00),
(312, 1910, 84, 3, 4.00, 4.00),
(313, 1910, 85, 2, 2.00, 2.00),
(314, 1910, 85, 3, 5.33, 5.33),
(315, 1910, 86, 2, 7.00, 7.00),
(316, 1910, 86, 3, 3.67, 3.67),
(317, 1910, 87, 2, 6.00, 6.00),
(318, 1910, 87, 3, 2.67, 2.67),
(319, 1910, 88, 2, 2.00, 2.00),
(320, 1910, 88, 3, 5.00, 5.00),
(321, 1910, 89, 2, 5.00, 5.00),
(322, 1910, 89, 3, 5.00, 5.00),
(323, 1910, 90, 2, 3.00, 3.00),
(324, 1910, 90, 3, 4.67, 4.67),
(325, 1910, 91, 2, 6.00, 6.00),
(326, 1910, 91, 3, 3.00, 3.00),
(327, 1910, 92, 2, 5.00, 5.00),
(328, 1910, 92, 3, 4.00, 4.00),
(329, 1910, 93, 2, 4.00, 4.00),
(330, 1910, 93, 3, 4.67, 4.67),
(331, 1845, 64, 1, 2.50, 2.50),
(332, 1845, 64, 3, 4.00, 4.00),
(333, 1845, 64, 4, 4.00, 4.00),
(334, 1845, 65, 1, 4.00, 4.00),
(335, 1845, 65, 3, 6.00, 6.00),
(336, 1845, 65, 4, 5.00, 5.00),
(337, 1845, 66, 1, 3.00, 3.00),
(338, 1845, 66, 3, 3.00, 3.00),
(339, 1845, 66, 4, 6.00, 6.00),
(340, 1845, 67, 1, 3.50, 3.50),
(341, 1845, 67, 3, 4.00, 4.00),
(342, 1845, 67, 4, 5.00, 5.00),
(343, 1845, 68, 1, 4.00, 4.00),
(344, 1845, 68, 3, 1.00, 1.00),
(345, 1845, 68, 4, 6.00, 6.00),
(346, 1845, 69, 1, 3.50, 3.50),
(347, 1845, 69, 3, 7.00, 7.00),
(348, 1845, 69, 4, 3.00, 3.00),
(349, 1845, 70, 1, 4.00, 4.00),
(350, 1845, 70, 3, 7.00, 7.00),
(351, 1845, 70, 4, 7.00, 7.00),
(352, 1845, 71, 1, 4.00, 4.00),
(353, 1845, 71, 3, 4.00, 4.00),
(354, 1845, 71, 4, 1.00, 1.00),
(355, 1845, 72, 1, 4.00, 4.00),
(356, 1845, 72, 3, 7.00, 7.00),
(357, 1845, 72, 4, 2.00, 2.00),
(358, 1845, 73, 1, 4.00, 4.00),
(359, 1845, 73, 3, 5.00, 5.00),
(360, 1845, 73, 4, 3.00, 3.00),
(361, 1845, 74, 1, 5.00, 5.00),
(362, 1845, 74, 3, 1.00, 1.00),
(363, 1845, 74, 4, 1.00, 1.00),
(364, 1845, 75, 1, 5.00, 5.00),
(365, 1845, 75, 3, 6.00, 6.00),
(366, 1845, 75, 4, 2.00, 2.00),
(367, 1845, 76, 1, 4.50, 4.50),
(368, 1845, 76, 3, 7.00, 7.00),
(369, 1845, 76, 4, 3.00, 3.00),
(370, 1845, 77, 1, 4.50, 4.50),
(371, 1845, 77, 3, 5.00, 5.00),
(372, 1845, 77, 4, 1.00, 1.00),
(373, 1845, 78, 1, 3.50, 3.50),
(374, 1845, 78, 3, 6.00, 6.00),
(375, 1845, 78, 4, 5.00, 5.00),
(376, 1845, 79, 1, 5.00, 5.00),
(377, 1845, 79, 3, 5.00, 5.00),
(378, 1845, 79, 4, 2.00, 2.00),
(379, 1845, 80, 1, 2.00, 2.00),
(380, 1845, 80, 3, 4.00, 4.00),
(381, 1845, 80, 4, 4.00, 4.00),
(382, 1845, 81, 1, 5.50, 5.50),
(383, 1845, 81, 3, 1.00, 1.00),
(384, 1845, 81, 4, 2.00, 2.00),
(385, 1845, 82, 1, 3.00, 3.00),
(386, 1845, 82, 3, 2.00, 2.00),
(387, 1845, 82, 4, 6.00, 6.00),
(388, 1845, 83, 1, 2.50, 2.50),
(389, 1845, 83, 3, 7.00, 7.00),
(390, 1845, 83, 4, 5.00, 5.00),
(391, 1845, 84, 1, 1.00, 1.00),
(392, 1845, 84, 3, 6.00, 6.00),
(393, 1845, 84, 4, 4.00, 4.00),
(394, 1845, 85, 1, 6.00, 6.00),
(395, 1845, 85, 3, 2.00, 2.00),
(396, 1845, 85, 4, 2.00, 2.00),
(397, 1845, 86, 1, 5.00, 5.00),
(398, 1845, 86, 3, 1.00, 1.00),
(399, 1845, 86, 4, 5.00, 5.00),
(400, 1845, 87, 1, 1.50, 1.50),
(401, 1845, 87, 3, 7.00, 7.00),
(402, 1845, 87, 4, 6.00, 6.00),
(403, 1845, 88, 1, 1.00, 1.00),
(404, 1845, 88, 3, 1.00, 1.00),
(405, 1845, 88, 4, 3.00, 3.00),
(406, 1845, 89, 1, 3.50, 3.50),
(407, 1845, 89, 3, 4.00, 4.00),
(408, 1845, 89, 4, 7.00, 7.00),
(409, 1845, 90, 1, 2.50, 2.50),
(410, 1845, 90, 3, 4.00, 4.00),
(411, 1845, 90, 4, 4.00, 4.00),
(412, 1845, 91, 1, 4.50, 4.50),
(413, 1845, 91, 3, 5.00, 5.00),
(414, 1845, 91, 4, 1.00, 1.00),
(415, 1845, 92, 1, 5.00, 5.00),
(416, 1845, 92, 3, 4.00, 4.00),
(417, 1845, 92, 4, 6.00, 6.00),
(418, 1845, 93, 1, 3.50, 3.50),
(419, 1845, 93, 3, 3.00, 3.00),
(420, 1845, 93, 4, 5.00, 5.00),
(421, 289, 64, 4, 5.33, 5.33),
(422, 289, 65, 4, 4.33, 4.33),
(423, 289, 66, 4, 4.67, 4.67),
(424, 289, 67, 4, 3.33, 3.33),
(425, 289, 68, 4, 3.67, 3.67),
(426, 289, 69, 4, 5.00, 5.00),
(427, 289, 70, 4, 3.67, 3.67),
(428, 289, 71, 4, 5.00, 5.00),
(429, 289, 72, 4, 3.00, 3.00),
(430, 289, 73, 4, 4.33, 4.33),
(431, 289, 74, 4, 5.00, 5.00),
(432, 289, 75, 4, 4.33, 4.33),
(433, 289, 76, 4, 4.00, 4.00),
(434, 289, 77, 4, 6.33, 6.33),
(435, 289, 78, 4, 6.00, 6.00),
(436, 289, 79, 4, 5.67, 5.67),
(437, 289, 80, 4, 4.67, 4.67),
(438, 289, 81, 4, 3.00, 3.00),
(439, 289, 82, 4, 5.00, 5.00),
(440, 289, 83, 4, 6.67, 6.67),
(441, 289, 84, 4, 2.00, 2.00),
(442, 289, 85, 4, 3.00, 3.00),
(443, 289, 86, 4, 3.33, 3.33),
(444, 289, 87, 4, 2.67, 2.67),
(445, 289, 88, 4, 4.67, 4.67),
(446, 289, 89, 4, 5.33, 5.33),
(447, 289, 90, 4, 4.67, 4.67),
(448, 289, 91, 4, 4.67, 4.67),
(449, 289, 92, 4, 2.67, 2.67),
(450, 289, 93, 4, 2.33, 2.33),
(451, 944, 64, 1, 5.00, 5.00),
(452, 944, 65, 1, 2.00, 2.00),
(453, 944, 66, 1, 3.00, 3.00),
(454, 944, 67, 1, 6.00, 6.00),
(455, 944, 68, 1, 7.00, 7.00),
(456, 944, 69, 1, 3.00, 3.00),
(457, 944, 70, 1, 6.00, 6.00),
(458, 944, 71, 1, 2.00, 2.00),
(459, 944, 72, 1, 2.00, 2.00),
(460, 944, 73, 1, 6.00, 6.00),
(461, 944, 74, 1, 2.00, 2.00),
(462, 944, 75, 1, 4.00, 4.00),
(463, 944, 76, 1, 3.00, 3.00),
(464, 944, 77, 1, 5.00, 5.00),
(465, 944, 78, 1, 5.00, 5.00),
(466, 944, 79, 1, 2.00, 2.00),
(467, 944, 80, 1, 5.00, 5.00),
(468, 944, 81, 1, 2.00, 2.00),
(469, 944, 82, 1, 1.00, 1.00),
(470, 944, 83, 1, 7.00, 7.00),
(471, 944, 84, 1, 1.00, 1.00),
(472, 944, 85, 1, 4.00, 4.00),
(473, 944, 86, 1, 7.00, 7.00),
(474, 944, 87, 1, 2.00, 2.00),
(475, 944, 88, 1, 6.00, 6.00),
(476, 944, 89, 1, 1.00, 1.00),
(477, 944, 90, 1, 4.00, 4.00),
(478, 944, 91, 1, 2.00, 2.00),
(479, 944, 92, 1, 6.00, 6.00),
(480, 944, 93, 1, 6.00, 6.00),
(481, 1910, 64, 1, 2.00, 2.00),
(482, 1910, 64, 4, 3.00, 3.00),
(483, 1910, 65, 1, 1.00, 1.00),
(484, 1910, 65, 4, 1.00, 1.00),
(485, 1910, 66, 1, 5.00, 5.00),
(486, 1910, 66, 4, 2.00, 2.00),
(487, 1910, 67, 1, 5.00, 5.00),
(488, 1910, 67, 4, 5.00, 5.00),
(489, 1910, 68, 1, 6.00, 6.00),
(490, 1910, 68, 4, 4.00, 4.00),
(491, 1910, 69, 1, 5.00, 5.00),
(492, 1910, 69, 4, 3.00, 3.00),
(493, 1910, 70, 1, 6.00, 6.00),
(494, 1910, 70, 4, 1.00, 1.00),
(495, 1910, 71, 1, 2.00, 2.00),
(496, 1910, 71, 4, 3.00, 3.00),
(497, 1910, 72, 1, 4.00, 4.00),
(498, 1910, 72, 4, 4.00, 4.00),
(499, 1910, 73, 1, 4.00, 4.00),
(500, 1910, 73, 4, 4.00, 4.00),
(501, 1910, 74, 1, 6.00, 6.00),
(502, 1910, 74, 4, 5.00, 5.00),
(503, 1910, 75, 1, 5.00, 5.00),
(504, 1910, 75, 4, 6.00, 6.00),
(505, 1910, 76, 1, 7.00, 7.00),
(506, 1910, 76, 4, 1.00, 1.00),
(507, 1910, 77, 1, 2.00, 2.00),
(508, 1910, 77, 4, 4.00, 4.00),
(509, 1910, 78, 1, 7.00, 7.00),
(510, 1910, 78, 4, 3.00, 3.00),
(511, 1910, 79, 1, 1.00, 1.00),
(512, 1910, 79, 4, 1.00, 1.00),
(513, 1910, 80, 1, 2.00, 2.00),
(514, 1910, 80, 4, 5.00, 5.00),
(515, 1910, 81, 1, 2.00, 2.00),
(516, 1910, 81, 4, 7.00, 7.00),
(517, 1910, 82, 1, 7.00, 7.00),
(518, 1910, 82, 4, 2.00, 2.00),
(519, 1910, 83, 1, 5.00, 5.00),
(520, 1910, 83, 4, 2.00, 2.00),
(521, 1910, 84, 1, 7.00, 7.00),
(522, 1910, 84, 4, 2.00, 2.00),
(523, 1910, 85, 1, 2.00, 2.00),
(524, 1910, 85, 4, 4.00, 4.00),
(525, 1910, 86, 1, 2.00, 2.00),
(526, 1910, 86, 4, 1.00, 1.00),
(527, 1910, 87, 1, 6.00, 6.00),
(528, 1910, 87, 4, 7.00, 7.00),
(529, 1910, 88, 1, 2.00, 2.00),
(530, 1910, 88, 4, 7.00, 7.00),
(531, 1910, 89, 1, 2.00, 2.00),
(532, 1910, 89, 4, 1.00, 1.00),
(533, 1910, 90, 1, 5.00, 5.00),
(534, 1910, 90, 4, 6.00, 6.00),
(535, 1910, 91, 1, 5.00, 5.00),
(536, 1910, 91, 4, 4.00, 4.00),
(537, 1910, 92, 1, 4.00, 4.00),
(538, 1910, 92, 4, 5.00, 5.00),
(539, 1910, 93, 1, 2.00, 2.00),
(540, 1910, 93, 4, 2.00, 2.00),
(541, 1845, 64, 2, 1.00, 1.00),
(542, 1845, 65, 2, 6.00, 6.00),
(543, 1845, 66, 2, 6.00, 6.00),
(544, 1845, 67, 2, 4.00, 4.00),
(545, 1845, 68, 2, 4.00, 4.00),
(546, 1845, 69, 2, 7.00, 7.00),
(547, 1845, 70, 2, 6.00, 6.00),
(548, 1845, 71, 2, 2.00, 2.00),
(549, 1845, 72, 2, 4.00, 4.00),
(550, 1845, 73, 2, 5.00, 5.00),
(551, 1845, 74, 2, 5.00, 5.00),
(552, 1845, 75, 2, 7.00, 7.00),
(553, 1845, 76, 2, 7.00, 7.00),
(554, 1845, 77, 2, 6.00, 6.00),
(555, 1845, 78, 2, 7.00, 7.00),
(556, 1845, 79, 2, 3.00, 3.00),
(557, 1845, 80, 2, 2.00, 2.00),
(558, 1845, 81, 2, 6.00, 6.00),
(559, 1845, 82, 2, 6.00, 6.00),
(560, 1845, 83, 2, 6.00, 6.00),
(561, 1845, 84, 2, 2.00, 2.00),
(562, 1845, 85, 2, 5.00, 5.00),
(563, 1845, 86, 2, 7.00, 7.00),
(564, 1845, 87, 2, 7.00, 7.00),
(565, 1845, 88, 2, 2.00, 2.00),
(566, 1845, 89, 2, 7.00, 7.00),
(567, 1845, 90, 2, 2.00, 2.00),
(568, 1845, 91, 2, 7.00, 7.00),
(569, 1845, 92, 2, 1.00, 1.00),
(570, 1845, 93, 2, 4.00, 4.00),
(571, 81, 64, 2, 4.00, 4.00),
(572, 81, 65, 2, 2.40, 2.40),
(573, 81, 66, 2, 2.60, 2.60),
(574, 81, 67, 2, 3.40, 3.40),
(575, 81, 68, 2, 3.60, 3.60),
(576, 81, 69, 2, 3.00, 3.00),
(577, 81, 70, 2, 4.60, 4.60),
(578, 81, 71, 2, 4.00, 4.00),
(579, 81, 72, 2, 4.20, 4.20),
(580, 81, 73, 2, 4.20, 4.20),
(581, 81, 74, 2, 3.20, 3.20),
(582, 81, 75, 2, 5.20, 5.20),
(583, 81, 76, 2, 4.00, 4.00),
(584, 81, 77, 2, 4.60, 4.60),
(585, 81, 78, 2, 4.60, 4.60),
(586, 81, 79, 2, 5.20, 5.20),
(587, 81, 80, 2, 3.80, 3.80),
(588, 81, 81, 2, 3.00, 3.00),
(589, 81, 82, 2, 2.80, 2.80),
(590, 81, 83, 2, 4.00, 4.00),
(591, 81, 84, 2, 4.00, 4.00),
(592, 81, 85, 2, 4.00, 4.00),
(593, 81, 86, 2, 4.20, 4.20),
(594, 81, 87, 2, 4.60, 4.60),
(595, 81, 88, 2, 4.40, 4.40),
(596, 81, 89, 2, 3.60, 3.60),
(597, 81, 90, 2, 5.00, 5.00),
(598, 81, 91, 2, 4.00, 4.00),
(599, 81, 92, 2, 3.60, 3.60),
(600, 81, 93, 2, 4.20, 4.20);

-- --------------------------------------------------------

--
-- 資料表格式： `profile_competency`
--

CREATE TABLE IF NOT EXISTS `profile_competency` (
  `profile_competency_id` int(11) NOT NULL AUTO_INCREMENT,
  `user_id` int(11) NOT NULL,
  `competency_id` int(11) NOT NULL,
  `competency_level` int(11) NOT NULL,
  `arithmetic_avg` decimal(10,2) NOT NULL,
  `geometric_avg` decimal(10,2) NOT NULL,
  PRIMARY KEY (`profile_competency_id`)
) ENGINE=MyISAM  DEFAULT CHARSET=utf8 AUTO_INCREMENT=31 ;

--
-- 列出以下資料庫的數據： `profile_competency`
--

INSERT INTO `profile_competency` (`profile_competency_id`, `user_id`, `competency_id`, `competency_level`, `arithmetic_avg`, `geometric_avg`) VALUES
(1, 81, 95, 0, 3.89, 3.96),
(2, 81, 96, 0, 4.33, 4.36),
(3, 81, 97, 0, 4.34, 4.36),
(4, 81, 98, 0, 3.72, 3.75),
(5, 81, 99, 0, 4.12, 4.11),
(6, 81, 100, 0, 4.09, 4.08),
(7, 289, 95, 0, 3.92, 3.96),
(8, 289, 96, 0, 3.76, 3.64),
(9, 289, 97, 0, 3.88, 3.88),
(10, 289, 98, 0, 3.82, 3.94),
(11, 289, 99, 0, 3.76, 3.76),
(12, 289, 100, 0, 4.08, 4.34),
(13, 944, 95, 0, 4.15, 4.18),
(14, 944, 96, 0, 3.68, 3.71),
(15, 944, 97, 0, 3.85, 3.92),
(16, 944, 98, 0, 4.21, 4.17),
(17, 944, 99, 0, 4.02, 3.93),
(18, 944, 100, 0, 4.12, 4.17),
(19, 1910, 95, 0, 4.00, 3.95),
(20, 1910, 96, 0, 4.16, 4.24),
(21, 1910, 97, 0, 3.91, 3.89),
(22, 1910, 98, 0, 3.67, 3.58),
(23, 1910, 99, 0, 4.47, 4.57),
(24, 1910, 100, 0, 3.96, 4.08),
(25, 1845, 95, 0, 4.12, 4.17),
(26, 1845, 96, 0, 3.93, 3.96),
(27, 1845, 97, 0, 4.02, 3.92),
(28, 1845, 98, 0, 3.76, 3.82),
(29, 1845, 99, 0, 4.09, 4.32),
(30, 1845, 100, 0, 4.04, 3.98);

-- --------------------------------------------------------

--
-- 資料表格式： `profile_competency_detail`
--

CREATE TABLE IF NOT EXISTS `profile_competency_detail` (
  `profile_competency_detail_id` int(11) NOT NULL AUTO_INCREMENT,
  `user_id` int(11) NOT NULL,
  `evaluation_relation_id` int(11) NOT NULL,
  `competency_id` int(11) NOT NULL,
  `competency_level` int(11) NOT NULL,
  `arithmetic_avg` decimal(10,2) NOT NULL,
  `geometric_avg` decimal(10,2) NOT NULL,
  PRIMARY KEY (`profile_competency_detail_id`)
) ENGINE=MyISAM  DEFAULT CHARSET=utf8 AUTO_INCREMENT=121 ;

--
-- 列出以下資料庫的數據： `profile_competency_detail`
--

INSERT INTO `profile_competency_detail` (`profile_competency_detail_id`, `user_id`, `evaluation_relation_id`, `competency_id`, `competency_level`, `arithmetic_avg`, `geometric_avg`) VALUES
(1, 81, 1, 95, 0, 3.00, 0.00),
(2, 81, 2, 95, 0, 3.00, 0.00),
(3, 81, 3, 95, 0, 4.00, 0.00),
(4, 81, 4, 95, 0, 4.00, 0.00),
(5, 81, 1, 96, 0, 4.00, 0.00),
(6, 81, 2, 96, 0, 4.00, 0.00),
(7, 81, 3, 96, 0, 4.00, 0.00),
(8, 81, 4, 96, 0, 4.00, 0.00),
(9, 81, 1, 97, 0, 4.00, 0.00),
(10, 81, 2, 97, 0, 4.00, 0.00),
(11, 81, 3, 97, 0, 4.00, 0.00),
(12, 81, 4, 97, 0, 4.00, 0.00),
(13, 81, 1, 98, 0, 3.00, 0.00),
(14, 81, 2, 98, 0, 3.00, 0.00),
(15, 81, 3, 98, 0, 4.00, 0.00),
(16, 81, 4, 98, 0, 3.00, 0.00),
(17, 81, 1, 99, 0, 3.00, 0.00),
(18, 81, 2, 99, 0, 4.00, 0.00),
(19, 81, 3, 99, 0, 3.00, 0.00),
(20, 81, 4, 99, 0, 4.00, 0.00),
(21, 81, 1, 100, 0, 4.00, 0.00),
(22, 81, 2, 100, 0, 4.00, 0.00),
(23, 81, 3, 100, 0, 3.00, 0.00),
(24, 81, 4, 100, 0, 4.00, 0.00),
(25, 289, 1, 95, 0, 4.00, 0.00),
(26, 289, 2, 95, 0, 4.00, 0.00),
(27, 289, 3, 95, 0, 3.00, 0.00),
(28, 289, 4, 95, 0, 3.00, 0.00),
(29, 289, 1, 96, 0, 2.00, 0.00),
(30, 289, 2, 96, 0, 4.00, 0.00),
(31, 289, 3, 96, 0, 3.00, 0.00),
(32, 289, 4, 96, 0, 3.00, 0.00),
(33, 289, 1, 97, 0, 4.00, 0.00),
(34, 289, 2, 97, 0, 3.00, 0.00),
(35, 289, 3, 97, 0, 3.00, 0.00),
(36, 289, 4, 97, 0, 4.00, 0.00),
(37, 289, 1, 98, 0, 4.00, 0.00),
(38, 289, 2, 98, 0, 3.00, 0.00),
(39, 289, 3, 98, 0, 4.00, 0.00),
(40, 289, 4, 98, 0, 3.00, 0.00),
(41, 289, 1, 99, 0, 4.00, 0.00),
(42, 289, 2, 99, 0, 3.00, 0.00),
(43, 289, 3, 99, 0, 3.00, 0.00),
(44, 289, 4, 99, 0, 3.00, 0.00),
(45, 289, 1, 100, 0, 4.00, 0.00),
(46, 289, 2, 100, 0, 4.00, 0.00),
(47, 289, 3, 100, 0, 5.00, 0.00),
(48, 289, 4, 100, 0, 3.00, 0.00),
(49, 944, 1, 95, 0, 4.00, 0.00),
(50, 944, 2, 95, 0, 3.00, 0.00),
(51, 944, 3, 95, 0, 4.00, 0.00),
(52, 944, 4, 95, 0, 4.00, 0.00),
(53, 944, 1, 96, 0, 4.00, 0.00),
(54, 944, 2, 96, 0, 3.00, 0.00),
(55, 944, 3, 96, 0, 3.00, 0.00),
(56, 944, 4, 96, 0, 3.00, 0.00),
(57, 944, 1, 97, 0, 4.00, 0.00),
(58, 944, 2, 97, 0, 4.00, 0.00),
(59, 944, 3, 97, 0, 3.00, 0.00),
(60, 944, 4, 97, 0, 3.00, 0.00),
(61, 944, 1, 98, 0, 4.00, 0.00),
(62, 944, 2, 98, 0, 3.00, 0.00),
(63, 944, 3, 98, 0, 4.00, 0.00),
(64, 944, 4, 98, 0, 4.00, 0.00),
(65, 944, 1, 99, 0, 3.00, 0.00),
(66, 944, 2, 99, 0, 4.00, 0.00),
(67, 944, 3, 99, 0, 3.00, 0.00),
(68, 944, 4, 99, 0, 4.00, 0.00),
(69, 944, 1, 100, 0, 4.00, 0.00),
(70, 944, 2, 100, 0, 3.00, 0.00),
(71, 944, 3, 100, 0, 4.00, 0.00),
(72, 944, 4, 100, 0, 3.00, 0.00),
(73, 1910, 1, 95, 0, 4.00, 0.00),
(74, 1910, 2, 95, 0, 4.00, 0.00),
(75, 1910, 3, 95, 0, 3.00, 0.00),
(76, 1910, 4, 95, 0, 3.00, 0.00),
(77, 1910, 1, 96, 0, 4.00, 0.00),
(78, 1910, 2, 96, 0, 3.00, 0.00),
(79, 1910, 3, 96, 0, 4.00, 0.00),
(80, 1910, 4, 96, 0, 5.00, 0.00),
(81, 1910, 1, 97, 0, 4.00, 0.00),
(82, 1910, 2, 97, 0, 3.00, 0.00),
(83, 1910, 3, 97, 0, 3.00, 0.00),
(84, 1910, 4, 97, 0, 4.00, 0.00),
(85, 1910, 1, 98, 0, 3.00, 0.00),
(86, 1910, 2, 98, 0, 3.00, 0.00),
(87, 1910, 3, 98, 0, 3.00, 0.00),
(88, 1910, 4, 98, 0, 3.00, 0.00),
(89, 1910, 1, 99, 0, 4.00, 0.00),
(90, 1910, 2, 99, 0, 4.00, 0.00),
(91, 1910, 3, 99, 0, 4.00, 0.00),
(92, 1910, 4, 99, 0, 5.00, 0.00),
(93, 1910, 1, 100, 0, 4.00, 0.00),
(94, 1910, 2, 100, 0, 3.00, 0.00),
(95, 1910, 3, 100, 0, 3.00, 0.00),
(96, 1910, 4, 100, 0, 4.00, 0.00),
(97, 1845, 1, 95, 0, 3.00, 0.00),
(98, 1845, 2, 95, 0, 4.00, 0.00),
(99, 1845, 3, 95, 0, 4.00, 0.00),
(100, 1845, 4, 95, 0, 4.00, 0.00),
(101, 1845, 1, 96, 0, 3.00, 0.00),
(102, 1845, 2, 96, 0, 3.00, 0.00),
(103, 1845, 3, 96, 0, 4.00, 0.00),
(104, 1845, 4, 96, 0, 4.00, 0.00),
(105, 1845, 1, 97, 0, 4.00, 0.00),
(106, 1845, 2, 97, 0, 3.00, 0.00),
(107, 1845, 3, 97, 0, 3.00, 0.00),
(108, 1845, 4, 97, 0, 3.00, 0.00),
(109, 1845, 1, 98, 0, 2.00, 0.00),
(110, 1845, 2, 98, 0, 4.00, 0.00),
(111, 1845, 3, 98, 0, 3.00, 0.00),
(112, 1845, 4, 98, 0, 4.00, 0.00),
(113, 1845, 1, 99, 0, 3.00, 0.00),
(114, 1845, 2, 99, 0, 3.00, 0.00),
(115, 1845, 3, 99, 0, 5.00, 0.00),
(116, 1845, 4, 99, 0, 3.00, 0.00),
(117, 1845, 1, 100, 0, 4.00, 0.00),
(118, 1845, 2, 100, 0, 3.00, 0.00),
(119, 1845, 3, 100, 0, 4.00, 0.00),
(120, 1845, 4, 100, 0, 3.00, 0.00);

-- --------------------------------------------------------

--
-- 資料表格式： `profile_competency_model`
--

CREATE TABLE IF NOT EXISTS `profile_competency_model` (
  `profile_competency_model_id` int(11) NOT NULL AUTO_INCREMENT,
  `user_id` int(11) NOT NULL,
  `competency_model_id` int(11) NOT NULL,
  `arithmetic_avg` decimal(10,2) NOT NULL,
  `geometric_avg` decimal(10,2) NOT NULL,
  PRIMARY KEY (`profile_competency_model_id`)
) ENGINE=MyISAM  DEFAULT CHARSET=utf8 AUTO_INCREMENT=6 ;

--
-- 列出以下資料庫的數據： `profile_competency_model`
--

INSERT INTO `profile_competency_model` (`profile_competency_model_id`, `user_id`, `competency_model_id`, `arithmetic_avg`, `geometric_avg`) VALUES
(1, 81, 46, 4.08, 4.10),
(2, 289, 46, 3.87, 3.92),
(3, 944, 46, 4.01, 4.01),
(4, 1910, 46, 4.03, 4.05),
(5, 1845, 46, 3.99, 4.03);

-- --------------------------------------------------------

--
-- 資料表格式： `report_config`
--

CREATE TABLE IF NOT EXISTS `report_config` (
  `report_config_id` int(11) NOT NULL AUTO_INCREMENT,
  `report_config_desc` text NOT NULL,
  `method` varchar(10) NOT NULL,
  `id` int(11) NOT NULL,
  `basis_evaluation_table_id` int(11) NOT NULL,
  `base_value` decimal(10,2) NOT NULL,
  `avg_method` varchar(10) NOT NULL,
  `report_config_code` varchar(30) NOT NULL,
  `report_update` datetime NOT NULL,
  PRIMARY KEY (`report_config_id`)
) ENGINE=MyISAM  DEFAULT CHARSET=utf8 AUTO_INCREMENT=2 ;

--
-- 列出以下資料庫的數據： `report_config`
--

INSERT INTO `report_config` (`report_config_id`, `report_config_desc`, `method`, `id`, `basis_evaluation_table_id`, `base_value`, `avg_method`, `report_config_code`, `report_update`) VALUES
(1, '123', 'B', 46, 9, 5.00, '', 'TEST', '2015-05-29 09:47:38');

-- --------------------------------------------------------

--
-- 資料表格式： `report_group`
--

CREATE TABLE IF NOT EXISTS `report_group` (
  `report_group_id` int(10) unsigned NOT NULL AUTO_INCREMENT,
  `report_title_id` int(10) NOT NULL,
  `group_id` int(11) NOT NULL,
  `report_config_id` int(11) NOT NULL,
  `create_time` int(11) NOT NULL,
  PRIMARY KEY (`report_group_id`)
) ENGINE=MyISAM DEFAULT CHARSET=utf8 AUTO_INCREMENT=1 ;

--
-- 列出以下資料庫的數據： `report_group`
--


-- --------------------------------------------------------

--
-- 資料表格式： `report_personal`
--

CREATE TABLE IF NOT EXISTS `report_personal` (
  `report_id` int(10) unsigned NOT NULL AUTO_INCREMENT,
  `report_title_id` int(10) NOT NULL,
  `user_id` int(11) NOT NULL,
  `report_config_id` int(11) NOT NULL,
  `create_time` int(11) NOT NULL,
  PRIMARY KEY (`report_id`)
) ENGINE=MyISAM  DEFAULT CHARSET=utf8 AUTO_INCREMENT=7 ;

--
-- 列出以下資料庫的數據： `report_personal`
--

INSERT INTO `report_personal` (`report_id`, `report_title_id`, `user_id`, `report_config_id`, `create_time`) VALUES
(1, 1, 81, 1, 1432864635),
(2, 1, 944, 1, 1432864654),
(3, 1, 1910, 1, 0),
(4, 1, 1845, 1, 0),
(5, 1, 81, 1, 1432864642),
(6, 1, 289, 1, 1432864759);

-- --------------------------------------------------------

--
-- 資料表格式： `report_title`
--

CREATE TABLE IF NOT EXISTS `report_title` (
  `report_title_id` int(11) NOT NULL AUTO_INCREMENT,
  `report_title` varchar(30) NOT NULL,
  `report_type` varchar(30) NOT NULL,
  `report_method` varchar(30) NOT NULL,
  `report_kind` varchar(30) NOT NULL,
  `report_filename` varchar(50) NOT NULL,
  PRIMARY KEY (`report_title_id`)
) ENGINE=MyISAM  DEFAULT CHARSET=utf8 AUTO_INCREMENT=19 ;

--
-- 列出以下資料庫的數據： `report_title`
--

INSERT INTO `report_title` (`report_title_id`, `report_title`, `report_type`, `report_method`, `report_kind`, `report_filename`) VALUES
(1, '個人總覽', '', '', 'P', 'report_person_executive_summary.php'),
(2, '群體比較', '', '', 'P', 'report_normative_results.php'),
(3, '職能缺口強化訓練計劃', '', '', 'P', 'report_individual_development_plan.php'),
(4, '個人比較分析', '', '', 'P', 'report_individual_gap_analysis.php'),
(5, '個人雷達圖', '', '', 'P', 'report_personal_rader_chart.php'),
(6, '開放式建議', '', '', 'P', 'report_open_comment.php'),
(7, '360度雷達圖', '', '', 'P', 'report_360_degree_rader_chart.php'),
(8, '全體回饋明細', '', '', 'P', 'report_feedback.php'),
(9, '團體總覽', '', '', 'G', 'report_group_executive_summary.php'),
(10, '團體雷達圖', '', '', 'G', 'report_group_rader_chart.php'),
(11, '團體比較分析', '', '', 'G', 'report_group_gap_analysis.php'),
(12, '開放式建議', '', '', 'G', ''),
(13, '團體弱項分析', '', '', 'G', 'report_group_weaknesses_list.php'),
(14, '團體明細資料', '', '', 'G', 'report_group_detail_data.php'),
(15, '個人認知落差分析', '', '', 'G', ''),
(16, '各職能360度明細', '', '', 'G', 'report_group_all_360_degree_detail.php'),
(17, '個人落點區間分布圖', '', '', 'G', 'report_group_profile_match.php'),
(18, '未完成/部分完成名單', '', '', 'G', 'report_unfinished_list.php');

-- --------------------------------------------------------

--
-- 資料表格式： `smtp`
--

CREATE TABLE IF NOT EXISTS `smtp` (
  `smtp_account` varchar(30) NOT NULL,
  `smtp_password` varchar(30) NOT NULL,
  `smtp_server` varchar(30) NOT NULL,
  `smtp_ssl` varchar(1) NOT NULL,
  `smtp_port` tinyint(4) NOT NULL,
  UNIQUE KEY `smtp_server` (`smtp_server`),
  KEY `smtp_server_2` (`smtp_server`)
) ENGINE=MyISAM DEFAULT CHARSET=utf8;

--
-- 列出以下資料庫的數據： `smtp`
--

INSERT INTO `smtp` (`smtp_account`, `smtp_password`, `smtp_server`, `smtp_ssl`, `smtp_port`) VALUES
('ryan@inetar.net', '12332', 'smtp.exmail.qq.com', 'T', 127);

-- --------------------------------------------------------

--
-- 資料表格式： `term`
--

CREATE TABLE IF NOT EXISTS `term` (
  `term_id` int(10) unsigned NOT NULL AUTO_INCREMENT,
  `term_title` varchar(50) NOT NULL,
  `depend_on_id` int(10) NOT NULL,
  `term_language` varchar(10) NOT NULL,
  `term_content` varchar(100) NOT NULL,
  PRIMARY KEY (`term_id`)
) ENGINE=MyISAM  DEFAULT CHARSET=utf8 AUTO_INCREMENT=1591 ;

--
-- 列出以下資料庫的數據： `term`
--

INSERT INTO `term` (`term_id`, `term_title`, `depend_on_id`, `term_language`, `term_content`) VALUES
(496, 'competency_model_title', 33, 'tw', '中層管理職能模型'),
(497, 'competency_model_title', 33, 'cn', '中層管理職能模型'),
(498, 'competency_model_title', 33, 'en', ''),
(499, 'competency_title', 53, 'tw', '目標設定'),
(500, 'competency_title', 53, 'cn', '目标设定'),
(501, 'competency_title', 53, 'en', ''),
(502, 'competency_title', 54, 'tw', '計畫組織'),
(503, 'competency_title', 54, 'cn', '计划组织'),
(504, 'competency_title', 54, 'en', ''),
(505, 'competency_title', 55, 'tw', '團隊建立'),
(506, 'competency_title', 55, 'cn', '团队建立'),
(507, 'competency_title', 55, 'en', ''),
(508, 'training_teacher', 19, 'tw', '林雙桂'),
(509, 'training_teacher', 19, 'cn', ''),
(510, 'training_teacher', 19, 'en', ''),
(511, 'course_title', 52, 'tw', '團隊目標設定技巧'),
(512, 'course_title', 52, 'cn', ''),
(513, 'course_title', 52, 'en', ''),
(514, 'course_title', 53, 'tw', '目標設定實務研習'),
(515, 'course_title', 53, 'cn', ''),
(516, 'course_title', 53, 'en', ''),
(517, 'competency_model_title', 0, 'tw', '資訊專業職能模型'),
(518, 'competency_model_title', 0, 'cn', ''),
(519, 'competency_model_title', 0, 'en', ''),
(520, 'competency_model_title', 34, 'tw', '資訊專業職能模型'),
(521, 'competency_model_title', 34, 'cn', ''),
(522, 'competency_model_title', 34, 'en', ''),
(523, 'competency_model_title', 0, 'tw', '測試專業職能模型'),
(524, 'competency_model_title', 0, 'cn', ''),
(525, 'competency_model_title', 0, 'en', ''),
(526, 'competency_title', 56, 'tw', '系統整合與導入'),
(527, 'competency_title', 56, 'cn', ''),
(528, 'competency_title', 56, 'en', ''),
(529, 'competency_title', 57, 'tw', '系統分析'),
(530, 'competency_title', 57, 'cn', ''),
(531, 'competency_title', 57, 'en', ''),
(532, 'competency_title', 58, 'tw', '程式設計能力-程序導向'),
(533, 'competency_title', 58, 'cn', ''),
(534, 'competency_title', 58, 'en', ''),
(535, 'competency_title', 59, 'tw', '程式設計能力-物件導向'),
(536, 'competency_title', 59, 'cn', ''),
(537, 'competency_title', 59, 'en', ''),
(538, 'competency_title', 60, 'tw', '作業系統管理'),
(539, 'competency_title', 60, 'cn', ''),
(540, 'competency_title', 60, 'en', ''),
(541, 'competency_title', 61, 'tw', '網路建置維護'),
(542, 'competency_title', 61, 'cn', ''),
(543, 'competency_title', 61, 'en', ''),
(544, 'competency_title', 62, 'tw', '資訊安全管理'),
(545, 'competency_title', 62, 'cn', ''),
(546, 'competency_title', 62, 'en', ''),
(547, 'competency_level_title', 14, 'tw', '基礎'),
(548, 'competency_level_title', 14, 'cn', ''),
(549, 'competency_level_title', 14, 'en', ''),
(550, 'competency_level_title', 17, 'tw', '精通'),
(551, 'competency_level_title', 17, 'cn', ''),
(552, 'competency_level_title', 17, 'en', ''),
(553, 'competency_level_title', 18, 'tw', '精進'),
(554, 'competency_level_title', 18, 'cn', ''),
(555, 'competency_level_title', 18, 'en', ''),
(556, 'competency_level_title', 19, 'tw', '專家'),
(557, 'competency_level_title', 19, 'cn', ''),
(558, 'competency_level_title', 19, 'en', ''),
(559, 'ability_title', 5, 'tw', '基礎'),
(560, 'ability_title', 5, 'cn', ''),
(561, 'ability_title', 5, 'en', ''),
(562, 'ability_title', 6, 'tw', '基礎'),
(563, 'ability_title', 6, 'cn', ''),
(564, 'ability_title', 6, 'en', ''),
(565, 'job_family_title', 6, 'tw', '業務'),
(566, 'job_family_title', 6, 'cn', ''),
(567, 'job_family_title', 6, 'en', ''),
(568, 'job_type_title', 5, 'tw', '生技'),
(569, 'job_type_title', 5, 'cn', ''),
(570, 'job_type_title', 5, 'en', ''),
(571, 'job_type_title', 6, 'tw', '工程'),
(572, 'job_type_title', 6, 'cn', ''),
(573, 'job_type_title', 6, 'en', ''),
(574, 'job_type_title', 7, 'tw', '開發'),
(575, 'job_type_title', 7, 'cn', ''),
(576, 'job_type_title', 7, 'en', ''),
(577, 'job_family_title', 7, 'tw', '工程師'),
(578, 'job_family_title', 7, 'cn', ''),
(579, 'job_family_title', 7, 'en', ''),
(580, 'job_family_title', 8, 'tw', '行政'),
(581, 'job_family_title', 8, 'cn', ''),
(582, 'job_family_title', 8, 'en', ''),
(583, 'job_family_title', 9, 'tw', '測試員'),
(584, 'job_family_title', 9, 'cn', ''),
(585, 'job_family_title', 9, 'en', ''),
(586, 'job_family_title', 10, 'tw', '外務員'),
(587, 'job_family_title', 10, 'cn', ''),
(588, 'job_family_title', 10, 'en', ''),
(589, 'job_family_title', 11, 'tw', '檢驗員'),
(590, 'job_family_title', 11, 'cn', ''),
(591, 'job_family_title', 11, 'en', ''),
(592, 'job_title', 13, 'tw', '助理業務員'),
(593, 'job_title', 13, 'cn', ''),
(594, 'job_title', 13, 'en', ''),
(595, 'job_title', 14, 'tw', '業務員'),
(596, 'job_title', 14, 'cn', ''),
(597, 'job_title', 14, 'en', ''),
(598, 'job_title', 15, 'tw', '一級業務員'),
(599, 'job_title', 15, 'cn', ''),
(600, 'job_title', 15, 'en', ''),
(601, 'job_title', 16, 'tw', '高級業務員'),
(602, 'job_title', 16, 'cn', ''),
(603, 'job_title', 16, 'en', ''),
(604, 'job_title', 17, 'tw', '師級業務員'),
(605, 'job_title', 17, 'cn', ''),
(606, 'job_title', 17, 'en', ''),
(607, 'job_title', 18, 'tw', '資深業務員'),
(608, 'job_title', 18, 'cn', ''),
(609, 'job_title', 18, 'en', ''),
(610, 'job_title', 19, 'tw', '初級工程師'),
(611, 'job_title', 19, 'cn', ''),
(612, 'job_title', 19, 'en', ''),
(613, 'job_title', 20, 'tw', '助理工程師'),
(614, 'job_title', 20, 'cn', ''),
(615, 'job_title', 20, 'en', ''),
(616, 'job_title', 21, 'tw', '工程師'),
(617, 'job_title', 21, 'cn', ''),
(618, 'job_title', 21, 'en', ''),
(619, 'job_title', 22, 'tw', '二級工程師'),
(620, 'job_title', 22, 'cn', ''),
(621, 'job_title', 22, 'en', ''),
(622, 'job_title', 23, 'tw', '一級工程師'),
(623, 'job_title', 23, 'cn', ''),
(624, 'job_title', 23, 'en', ''),
(625, 'job_title', 24, 'tw', '高級工程師'),
(626, 'job_title', 24, 'cn', ''),
(627, 'job_title', 24, 'en', ''),
(628, 'job_title', 25, 'tw', '資深工程師'),
(629, 'job_title', 25, 'cn', ''),
(630, 'job_title', 25, 'en', ''),
(631, 'job_title', 26, 'tw', '行政助理'),
(632, 'job_title', 26, 'cn', ''),
(633, 'job_title', 26, 'en', ''),
(634, 'job_title', 27, 'tw', '初級管理師'),
(635, 'job_title', 27, 'cn', ''),
(636, 'job_title', 27, 'en', ''),
(637, 'job_title', 28, 'tw', '助理管理師'),
(638, 'job_title', 28, 'cn', ''),
(639, 'job_title', 28, 'en', ''),
(640, 'job_title', 29, 'tw', '管理師'),
(641, 'job_title', 29, 'cn', ''),
(642, 'job_title', 29, 'en', ''),
(643, 'job_title', 30, 'tw', '二級管理師'),
(644, 'job_title', 30, 'cn', ''),
(645, 'job_title', 30, 'en', ''),
(646, 'job_title', 31, 'tw', '一級管理師'),
(647, 'job_title', 31, 'cn', ''),
(648, 'job_title', 31, 'en', ''),
(649, 'job_title', 32, 'tw', '高級管理師'),
(650, 'job_title', 32, 'cn', ''),
(651, 'job_title', 32, 'en', ''),
(652, 'job_title', 33, 'tw', '資深管理師'),
(653, 'job_title', 33, 'cn', ''),
(654, 'job_title', 33, 'en', ''),
(655, 'job_title', 34, 'tw', ''),
(656, 'job_title', 34, 'cn', ''),
(657, 'job_title', 34, 'en', ''),
(658, 'job_title', 35, 'tw', '工程師'),
(659, 'job_title', 35, 'cn', ''),
(660, 'job_title', 35, 'en', ''),
(661, 'job_title', 36, 'tw', '二級工程師'),
(662, 'job_title', 36, 'cn', ''),
(663, 'job_title', 36, 'en', ''),
(664, 'job_title', 37, 'tw', '一級工程師'),
(665, 'job_title', 37, 'cn', ''),
(666, 'job_title', 37, 'en', ''),
(667, 'job_title', 38, 'tw', '高級工程師'),
(668, 'job_title', 38, 'cn', ''),
(669, 'job_title', 38, 'en', ''),
(670, 'b_evalu_table_title', 3, 'tw', '基層管理職能評鑑表'),
(671, 'b_evalu_table_title', 3, 'cn', ''),
(672, 'b_evalu_table_title', 3, 'en', ''),
(673, 'competency_model_title', 35, 'tw', '核心職能模型'),
(674, 'competency_model_title', 35, 'cn', '核心职能模型'),
(675, 'competency_model_title', 35, 'en', ''),
(676, 'competency_title', 63, 'tw', 'test'),
(677, 'competency_title', 63, 'cn', ''),
(678, 'competency_title', 63, 'en', ''),
(679, 'competency_title', 64, 'tw', 'test2'),
(680, 'competency_title', 64, 'cn', ''),
(681, 'competency_title', 64, 'en', ''),
(682, 'evaluation_relation_title', 1, 'tw', '自己'),
(683, 'evaluation_relation_title', 1, 'cn', ''),
(684, 'evaluation_relation_title', 1, 'en', ''),
(685, 'evaluation_relation_title', 2, 'tw', '直屬主管'),
(686, 'evaluation_relation_title', 2, 'cn', ''),
(687, 'evaluation_relation_title', 2, 'en', ''),
(688, 'evaluation_relation_title', 3, 'tw', '同事'),
(689, 'evaluation_relation_title', 3, 'cn', ''),
(690, 'evaluation_relation_title', 3, 'en', ''),
(691, 'evaluation_relation_title', 4, 'tw', '部屬'),
(692, 'evaluation_relation_title', 4, 'cn', ''),
(693, 'evaluation_relation_title', 4, 'en', ''),
(694, 'evaluation_scale_title', 1, 'tw', '七分量表'),
(695, 'evaluation_scale_title', 1, 'cn', ''),
(696, 'evaluation_scale_title', 1, 'en', ''),
(697, 'evaluation_scale_title', 2, 'tw', '五分量表'),
(698, 'evaluation_scale_title', 2, 'cn', ''),
(699, 'evaluation_scale_title', 2, 'en', ''),
(700, 'company_title', 1, 'tw', '緯任數位科技'),
(701, 'company_title', 1, 'cn', ''),
(702, 'company_title', 1, 'en', ''),
(703, 'group_title', 0, 'tw', '諮詢部'),
(704, 'group_title', 0, 'cn', ''),
(705, 'group_title', 0, 'en', ''),
(706, 'competency_level_title', 22, 'tw', '基礎'),
(707, 'competency_level_title', 22, 'cn', ''),
(708, 'competency_level_title', 22, 'en', ''),
(709, 'competency_level_title', 23, 'tw', '精通'),
(710, 'competency_level_title', 23, 'cn', ''),
(711, 'competency_level_title', 23, 'en', ''),
(712, 'competency_level_title', 24, 'tw', '精進'),
(713, 'competency_level_title', 24, 'cn', ''),
(714, 'competency_level_title', 24, 'en', ''),
(715, 'competency_level_title', 25, 'tw', '專家'),
(716, 'competency_level_title', 25, 'cn', ''),
(717, 'competency_level_title', 25, 'en', ''),
(718, 'ability_title', 7, 'tw', '基礎'),
(719, 'ability_title', 7, 'cn', ''),
(720, 'ability_title', 7, 'en', ''),
(721, 'ability_title', 8, 'tw', '基礎'),
(722, 'ability_title', 8, 'cn', ''),
(723, 'ability_title', 8, 'en', ''),
(724, 'training_teacher', 20, 'tw', '具有第2級能力者'),
(725, 'training_teacher', 20, 'cn', ''),
(726, 'training_teacher', 20, 'en', ''),
(727, 'training_teacher', 21, 'tw', '廠商'),
(728, 'training_teacher', 21, 'cn', ''),
(729, 'training_teacher', 21, 'en', ''),
(730, 'course_title', 54, 'tw', '系統整合與導入第一級課程'),
(731, 'course_title', 54, 'cn', ''),
(732, 'course_title', 54, 'en', ''),
(733, 'evaluation_scale_item_title', 1, 'tw', '有認知，大多未做到'),
(734, 'evaluation_scale_item_title', 1, 'cn', ''),
(735, 'evaluation_scale_item_title', 1, 'en', ''),
(736, 'evaluation_scale_item_title', 2, 'tw', '有認知，少部份能做到'),
(737, 'evaluation_scale_item_title', 2, 'cn', ''),
(738, 'evaluation_scale_item_title', 2, 'en', ''),
(739, 'evaluation_scale_item_title', 3, 'tw', '有認知，部份能做到'),
(740, 'evaluation_scale_item_title', 3, 'cn', ''),
(741, 'evaluation_scale_item_title', 3, 'en', ''),
(742, 'evaluation_scale_item_title', 4, 'tw', '有認知， 一般都能做到'),
(743, 'evaluation_scale_item_title', 4, 'cn', ''),
(744, 'evaluation_scale_item_title', 4, 'en', ''),
(745, 'evaluation_scale_item_title', 5, 'tw', '大部份能做到'),
(746, 'evaluation_scale_item_title', 5, 'cn', ''),
(747, 'evaluation_scale_item_title', 5, 'en', ''),
(748, 'evaluation_scale_item_title', 6, 'tw', '能做到且表現優秀'),
(749, 'evaluation_scale_item_title', 6, 'cn', ''),
(750, 'evaluation_scale_item_title', 6, 'en', ''),
(751, 'evaluation_scale_item_title', 7, 'tw', '能做到且表現卓越'),
(752, 'evaluation_scale_item_title', 7, 'cn', ''),
(753, 'evaluation_scale_item_title', 7, 'en', ''),
(754, 'competency_model_title', 36, 'tw', 'test'),
(755, 'competency_model_title', 36, 'cn', ''),
(756, 'competency_model_title', 36, 'en', ''),
(757, 'competency_title', 65, 'tw', '溝通'),
(758, 'competency_title', 65, 'cn', ''),
(759, 'competency_title', 65, 'en', ''),
(760, 'competency_model_title', 37, 'tw', '中層管理職能模型'),
(761, 'competency_model_title', 37, 'cn', ''),
(762, 'competency_model_title', 37, 'en', ''),
(763, 'ability_title', 9, 'tw', '精通'),
(764, 'ability_title', 9, 'cn', ''),
(765, 'ability_title', 9, 'en', ''),
(766, 'competency_title', 66, 'tw', 'SSSSSSS'),
(767, 'competency_title', 66, 'cn', ''),
(768, 'competency_title', 66, 'en', ''),
(769, 'competency_title', 67, 'tw', '感動服務'),
(770, 'competency_title', 67, 'cn', ''),
(771, 'competency_title', 67, 'en', ''),
(772, 'competency_model_title', 38, 'tw', '中華工程_高層管理職能模型'),
(773, 'competency_model_title', 38, 'cn', ''),
(774, 'competency_model_title', 38, 'en', ''),
(775, 'competency_model_title', 39, 'tw', '中華工程_中層管理職能模型'),
(776, 'competency_model_title', 39, 'cn', ''),
(777, 'competency_model_title', 39, 'en', ''),
(778, 'competency_model_title', 40, 'tw', '中華工程_基層管理職能模型'),
(779, 'competency_model_title', 40, 'cn', ''),
(780, 'competency_model_title', 40, 'en', ''),
(781, 'competency_title', 68, 'tw', '策略思考'),
(782, 'competency_title', 68, 'cn', ''),
(783, 'competency_title', 68, 'en', ''),
(784, 'competency_title', 69, 'tw', '組織領導'),
(785, 'competency_title', 69, 'cn', ''),
(786, 'competency_title', 69, 'en', ''),
(787, 'competency_title', 70, 'tw', '組織溝通與協調'),
(788, 'competency_title', 70, 'cn', ''),
(789, 'competency_title', 70, 'en', ''),
(790, 'competency_title', 71, 'tw', '人際影響'),
(791, 'competency_title', 71, 'cn', ''),
(792, 'competency_title', 71, 'en', ''),
(793, 'competency_title', 72, 'tw', '績效提升'),
(794, 'competency_title', 72, 'cn', ''),
(795, 'competency_title', 72, 'en', ''),
(796, 'competency_title', 73, 'tw', '培養組織優秀人才'),
(797, 'competency_title', 73, 'cn', ''),
(798, 'competency_title', 73, 'en', ''),
(799, 'competency_title', 74, 'tw', '目標設定'),
(800, 'competency_title', 74, 'cn', ''),
(801, 'competency_title', 74, 'en', ''),
(802, 'competency_title', 75, 'tw', '計畫組織'),
(803, 'competency_title', 75, 'cn', ''),
(804, 'competency_title', 75, 'en', ''),
(805, 'competency_title', 76, 'tw', '團隊建立'),
(806, 'competency_title', 76, 'cn', ''),
(807, 'competency_title', 76, 'en', ''),
(808, 'competency_title', 77, 'tw', '談判協商'),
(809, 'competency_title', 77, 'cn', ''),
(810, 'competency_title', 77, 'en', ''),
(811, 'competency_title', 78, 'tw', '效率意識'),
(812, 'competency_title', 78, 'cn', ''),
(813, 'competency_title', 78, 'en', ''),
(814, 'competency_title', 79, 'tw', '決策能力'),
(815, 'competency_title', 79, 'cn', ''),
(816, 'competency_title', 79, 'en', ''),
(817, 'competency_title', 80, 'tw', '計畫能力'),
(818, 'competency_title', 80, 'cn', ''),
(819, 'competency_title', 80, 'en', ''),
(820, 'competency_title', 81, 'tw', '團隊合作'),
(821, 'competency_title', 81, 'cn', ''),
(822, 'competency_title', 81, 'en', ''),
(823, 'competency_title', 82, 'tw', '溝通技巧'),
(824, 'competency_title', 82, 'cn', ''),
(825, 'competency_title', 82, 'en', ''),
(826, 'competency_title', 83, 'tw', '工作管理'),
(827, 'competency_title', 83, 'cn', ''),
(828, 'competency_title', 83, 'en', ''),
(829, 'competency_title', 84, 'tw', '問題解決能力'),
(830, 'competency_title', 84, 'cn', ''),
(831, 'competency_title', 84, 'en', ''),
(832, 'competency_model_title', 41, 'tw', 'aaaaaa'),
(833, 'competency_model_title', 41, 'cn', ''),
(834, 'competency_model_title', 41, 'en', ''),
(835, 'competency_model_title', 42, 'tw', '財務專業職能模型'),
(836, 'competency_model_title', 42, 'cn', '财务专业职能模型'),
(837, 'competency_model_title', 42, 'en', ''),
(838, 'competency_title', 85, 'tw', '快速報表產出及經營分析能力'),
(839, 'competency_title', 85, 'cn', ''),
(840, 'competency_title', 85, 'en', ''),
(841, 'competency_title', 86, 'tw', '快速報表產出及經營分析能力'),
(842, 'competency_title', 86, 'cn', ''),
(843, 'competency_title', 86, 'en', ''),
(844, 'competency_title', 87, 'tw', '帳務問題解決能力'),
(845, 'competency_title', 87, 'cn', ''),
(846, 'competency_title', 87, 'en', ''),
(847, 'competency_title', 88, 'tw', '內控內稽制度規劃執行管控能力'),
(848, 'competency_title', 88, 'cn', ''),
(849, 'competency_title', 88, 'en', ''),
(850, 'competency_title', 89, 'tw', '預算與專案規劃管理能力'),
(851, 'competency_title', 89, 'cn', ''),
(852, 'competency_title', 89, 'en', ''),
(853, 'competency_title', 90, 'tw', '投資理財及稅務規劃'),
(854, 'competency_title', 90, 'cn', ''),
(855, 'competency_title', 90, 'en', ''),
(856, 'competency_level_title', 46, 'tw', '編製執行'),
(857, 'competency_level_title', 46, 'cn', ''),
(858, 'competency_level_title', 46, 'en', ''),
(859, 'competency_level_title', 47, 'tw', '分析及運用'),
(860, 'competency_level_title', 47, 'cn', ''),
(861, 'competency_level_title', 47, 'en', ''),
(862, 'competency_level_title', 48, 'tw', '改善'),
(863, 'competency_level_title', 48, 'cn', ''),
(864, 'competency_level_title', 48, 'en', ''),
(865, 'competency_level_title', 49, 'tw', '規劃'),
(866, 'competency_level_title', 49, 'cn', ''),
(867, 'competency_level_title', 49, 'en', ''),
(868, 'ability_title', 10, 'tw', '編製執行'),
(869, 'ability_title', 10, 'cn', ''),
(870, 'ability_title', 10, 'en', ''),
(871, 'ability_title', 11, 'tw', '編製執行'),
(872, 'ability_title', 11, 'cn', ''),
(873, 'ability_title', 11, 'en', ''),
(874, 'ability_title', 12, 'tw', ''),
(875, 'ability_title', 12, 'cn', ''),
(876, 'ability_title', 12, 'en', ''),
(877, 'ability_title', 13, 'tw', ''),
(878, 'ability_title', 13, 'cn', ''),
(879, 'ability_title', 13, 'en', ''),
(880, 'ability_title', 14, 'tw', ''),
(881, 'ability_title', 14, 'cn', ''),
(882, 'ability_title', 14, 'en', ''),
(883, 'ability_title', 15, 'tw', ''),
(884, 'ability_title', 15, 'cn', ''),
(885, 'ability_title', 15, 'en', ''),
(886, 'ability_title', 16, 'tw', ''),
(887, 'ability_title', 16, 'cn', ''),
(888, 'ability_title', 16, 'en', ''),
(889, 'ability_title', 17, 'tw', ''),
(890, 'ability_title', 17, 'cn', ''),
(891, 'ability_title', 17, 'en', ''),
(892, 'ability_title', 18, 'tw', ''),
(893, 'ability_title', 18, 'cn', ''),
(894, 'ability_title', 18, 'en', ''),
(895, 'ability_title', 19, 'tw', ''),
(896, 'ability_title', 19, 'cn', ''),
(897, 'ability_title', 19, 'en', ''),
(898, 'ability_title', 20, 'tw', ''),
(899, 'ability_title', 20, 'cn', ''),
(900, 'ability_title', 20, 'en', ''),
(901, 'ability_title', 21, 'tw', ''),
(902, 'ability_title', 21, 'cn', ''),
(903, 'ability_title', 21, 'en', ''),
(904, 'competency_level_title', 50, 'tw', '執行'),
(905, 'competency_level_title', 50, 'cn', ''),
(906, 'competency_level_title', 50, 'en', ''),
(907, 'competency_level_title', 51, 'tw', '異常處理'),
(908, 'competency_level_title', 51, 'cn', ''),
(909, 'competency_level_title', 51, 'en', ''),
(910, 'competency_level_title', 52, 'tw', '改善'),
(911, 'competency_level_title', 52, 'cn', ''),
(912, 'competency_level_title', 52, 'en', ''),
(913, 'competency_level_title', 53, 'tw', '規劃'),
(914, 'competency_level_title', 53, 'cn', ''),
(915, 'competency_level_title', 53, 'en', ''),
(916, 'ability_title', 22, 'tw', ''),
(917, 'ability_title', 22, 'cn', ''),
(918, 'ability_title', 22, 'en', ''),
(919, 'ability_title', 23, 'tw', ''),
(920, 'ability_title', 23, 'cn', ''),
(921, 'ability_title', 23, 'en', ''),
(922, 'ability_title', 24, 'tw', ''),
(923, 'ability_title', 24, 'cn', ''),
(924, 'ability_title', 24, 'en', ''),
(925, 'ability_title', 25, 'tw', ''),
(926, 'ability_title', 25, 'cn', ''),
(927, 'ability_title', 25, 'en', ''),
(928, 'ability_title', 26, 'tw', ''),
(929, 'ability_title', 26, 'cn', ''),
(930, 'ability_title', 26, 'en', ''),
(931, 'ability_title', 27, 'tw', ''),
(932, 'ability_title', 27, 'cn', ''),
(933, 'ability_title', 27, 'en', ''),
(934, 'ability_title', 28, 'tw', ''),
(935, 'ability_title', 28, 'cn', ''),
(936, 'ability_title', 28, 'en', ''),
(937, 'ability_title', 29, 'tw', ''),
(938, 'ability_title', 29, 'cn', ''),
(939, 'ability_title', 29, 'en', ''),
(940, 'ability_title', 30, 'tw', ''),
(941, 'ability_title', 30, 'cn', ''),
(942, 'ability_title', 30, 'en', ''),
(943, 'ability_title', 31, 'tw', ''),
(944, 'ability_title', 31, 'cn', ''),
(945, 'ability_title', 31, 'en', ''),
(946, 'ability_title', 32, 'tw', ''),
(947, 'ability_title', 32, 'cn', ''),
(948, 'ability_title', 32, 'en', ''),
(949, 'ability_title', 33, 'tw', ''),
(950, 'ability_title', 33, 'cn', ''),
(951, 'ability_title', 33, 'en', ''),
(952, 'ability_title', 34, 'tw', ''),
(953, 'ability_title', 34, 'cn', ''),
(954, 'ability_title', 34, 'en', ''),
(955, 'ability_title', 35, 'tw', ''),
(956, 'ability_title', 35, 'cn', ''),
(957, 'ability_title', 35, 'en', ''),
(958, 'ability_title', 36, 'tw', ''),
(959, 'ability_title', 36, 'cn', ''),
(960, 'ability_title', 36, 'en', ''),
(961, 'ability_title', 37, 'tw', ''),
(962, 'ability_title', 37, 'cn', ''),
(963, 'ability_title', 37, 'en', ''),
(964, 'ability_title', 38, 'tw', ''),
(965, 'ability_title', 38, 'cn', ''),
(966, 'ability_title', 38, 'en', ''),
(967, 'ability_title', 39, 'tw', ''),
(968, 'ability_title', 39, 'cn', ''),
(969, 'ability_title', 39, 'en', ''),
(970, 'ability_title', 40, 'tw', ''),
(971, 'ability_title', 40, 'cn', ''),
(972, 'ability_title', 40, 'en', ''),
(973, 'ability_title', 41, 'tw', ''),
(974, 'ability_title', 41, 'cn', ''),
(975, 'ability_title', 41, 'en', ''),
(976, 'ability_title', 42, 'tw', ''),
(977, 'ability_title', 42, 'cn', ''),
(978, 'ability_title', 42, 'en', ''),
(979, 'ability_title', 43, 'tw', ''),
(980, 'ability_title', 43, 'cn', ''),
(981, 'ability_title', 43, 'en', ''),
(982, 'competency_level_title', 54, 'tw', '對公司規章制度了解'),
(983, 'competency_level_title', 54, 'cn', ''),
(984, 'competency_level_title', 54, 'en', ''),
(985, 'competency_level_title', 55, 'tw', '未符事項發覺'),
(986, 'competency_level_title', 55, 'cn', ''),
(987, 'competency_level_title', 55, 'en', ''),
(988, 'competency_level_title', 56, 'tw', '積極跟進'),
(989, 'competency_level_title', 56, 'cn', ''),
(990, 'competency_level_title', 56, 'en', ''),
(991, 'competency_level_title', 57, 'tw', '再發防止'),
(992, 'competency_level_title', 57, 'cn', ''),
(993, 'competency_level_title', 57, 'en', ''),
(994, 'ability_title', 44, 'tw', ''),
(995, 'ability_title', 44, 'cn', ''),
(996, 'ability_title', 44, 'en', ''),
(997, 'ability_title', 45, 'tw', ''),
(998, 'ability_title', 45, 'cn', ''),
(999, 'ability_title', 45, 'en', ''),
(1000, 'ability_title', 46, 'tw', ''),
(1001, 'ability_title', 46, 'cn', ''),
(1002, 'ability_title', 46, 'en', ''),
(1003, 'ability_title', 47, 'tw', ''),
(1004, 'ability_title', 47, 'cn', ''),
(1005, 'ability_title', 47, 'en', ''),
(1006, 'ability_title', 48, 'tw', ''),
(1007, 'ability_title', 48, 'cn', ''),
(1008, 'ability_title', 48, 'en', ''),
(1009, 'ability_title', 49, 'tw', ''),
(1010, 'ability_title', 49, 'cn', ''),
(1011, 'ability_title', 49, 'en', ''),
(1012, 'ability_title', 50, 'tw', ''),
(1013, 'ability_title', 50, 'cn', ''),
(1014, 'ability_title', 50, 'en', ''),
(1015, 'ability_title', 51, 'tw', ''),
(1016, 'ability_title', 51, 'cn', ''),
(1017, 'ability_title', 51, 'en', ''),
(1018, 'ability_title', 52, 'tw', ''),
(1019, 'ability_title', 52, 'cn', ''),
(1020, 'ability_title', 52, 'en', ''),
(1021, 'ability_title', 53, 'tw', ''),
(1022, 'ability_title', 53, 'cn', ''),
(1023, 'ability_title', 53, 'en', ''),
(1024, 'ability_title', 54, 'tw', ''),
(1025, 'ability_title', 54, 'cn', ''),
(1026, 'ability_title', 54, 'en', ''),
(1027, 'ability_title', 55, 'tw', ''),
(1028, 'ability_title', 55, 'cn', ''),
(1029, 'ability_title', 55, 'en', ''),
(1030, 'competency_level_title', 58, 'tw', '預算追踨管控及專案進度掌控'),
(1031, 'competency_level_title', 58, 'cn', ''),
(1032, 'competency_level_title', 58, 'en', ''),
(1033, 'competency_level_title', 59, 'tw', '編制指導及專案進度掌控'),
(1034, 'competency_level_title', 59, 'cn', ''),
(1035, 'competency_level_title', 59, 'en', ''),
(1036, 'competency_level_title', 60, 'tw', '問題排除及差異分析'),
(1037, 'competency_level_title', 60, 'cn', ''),
(1038, 'competency_level_title', 60, 'en', ''),
(1039, 'competency_level_title', 61, 'tw', '改善建議及對策及專案規劃'),
(1040, 'competency_level_title', 61, 'cn', ''),
(1041, 'competency_level_title', 61, 'en', ''),
(1042, 'competency_level_title', 62, 'tw', '基礎'),
(1043, 'competency_level_title', 62, 'cn', ''),
(1044, 'competency_level_title', 62, 'en', ''),
(1045, 'competency_level_title', 63, 'tw', '熟悉'),
(1046, 'competency_level_title', 63, 'cn', ''),
(1047, 'competency_level_title', 63, 'en', ''),
(1048, 'competency_level_title', 64, 'tw', '精進'),
(1049, 'competency_level_title', 64, 'cn', ''),
(1050, 'competency_level_title', 64, 'en', ''),
(1051, 'competency_level_title', 65, 'tw', '專家'),
(1052, 'competency_level_title', 65, 'cn', ''),
(1053, 'competency_level_title', 65, 'en', ''),
(1054, 'ability_title', 56, 'tw', ''),
(1055, 'ability_title', 56, 'cn', ''),
(1056, 'ability_title', 56, 'en', ''),
(1057, 'ability_title', 57, 'tw', ''),
(1058, 'ability_title', 57, 'cn', ''),
(1059, 'ability_title', 57, 'en', ''),
(1060, 'ability_title', 58, 'tw', ''),
(1061, 'ability_title', 58, 'cn', ''),
(1062, 'ability_title', 58, 'en', ''),
(1063, 'ability_title', 59, 'tw', ''),
(1064, 'ability_title', 59, 'cn', ''),
(1065, 'ability_title', 59, 'en', ''),
(1066, 'ability_title', 60, 'tw', ''),
(1067, 'ability_title', 60, 'cn', ''),
(1068, 'ability_title', 60, 'en', ''),
(1069, 'ability_title', 61, 'tw', ''),
(1070, 'ability_title', 61, 'cn', ''),
(1071, 'ability_title', 61, 'en', ''),
(1072, 'ability_title', 62, 'tw', ''),
(1073, 'ability_title', 62, 'cn', ''),
(1074, 'ability_title', 62, 'en', ''),
(1075, 'ability_title', 63, 'tw', ''),
(1076, 'ability_title', 63, 'cn', ''),
(1077, 'ability_title', 63, 'en', ''),
(1078, 'ability_title', 64, 'tw', ''),
(1079, 'ability_title', 64, 'cn', ''),
(1080, 'ability_title', 64, 'en', ''),
(1081, 'ability_title', 65, 'tw', ''),
(1082, 'ability_title', 65, 'cn', ''),
(1083, 'ability_title', 65, 'en', ''),
(1084, 'ability_title', 66, 'tw', ''),
(1085, 'ability_title', 66, 'cn', ''),
(1086, 'ability_title', 66, 'en', ''),
(1087, 'ability_title', 67, 'tw', ''),
(1088, 'ability_title', 67, 'cn', ''),
(1089, 'ability_title', 67, 'en', ''),
(1090, 'ability_title', 68, 'tw', ''),
(1091, 'ability_title', 68, 'cn', ''),
(1092, 'ability_title', 68, 'en', ''),
(1093, 'ability_title', 69, 'tw', ''),
(1094, 'ability_title', 69, 'cn', ''),
(1095, 'ability_title', 69, 'en', ''),
(1096, 'ability_title', 70, 'tw', ''),
(1097, 'ability_title', 70, 'cn', ''),
(1098, 'ability_title', 70, 'en', ''),
(1099, 'ability_title', 71, 'tw', ''),
(1100, 'ability_title', 71, 'cn', ''),
(1101, 'ability_title', 71, 'en', ''),
(1102, 'ability_title', 72, 'tw', ''),
(1103, 'ability_title', 72, 'cn', ''),
(1104, 'ability_title', 72, 'en', ''),
(1105, 'ability_title', 73, 'tw', ''),
(1106, 'ability_title', 73, 'cn', ''),
(1107, 'ability_title', 73, 'en', ''),
(1108, 'ability_title', 74, 'tw', ''),
(1109, 'ability_title', 74, 'cn', ''),
(1110, 'ability_title', 74, 'en', ''),
(1111, 'ability_title', 75, 'tw', ''),
(1112, 'ability_title', 75, 'cn', ''),
(1113, 'ability_title', 75, 'en', ''),
(1114, 'ability_title', 76, 'tw', ''),
(1115, 'ability_title', 76, 'cn', ''),
(1116, 'ability_title', 76, 'en', ''),
(1117, 'ability_title', 77, 'tw', ''),
(1118, 'ability_title', 77, 'cn', ''),
(1119, 'ability_title', 77, 'en', ''),
(1120, 'group_title', 1, 'tw', '總經理'),
(1121, 'group_title', 1, 'cn', ''),
(1122, 'group_title', 1, 'en', ''),
(1123, 'group_title', 2, 'tw', '研發部'),
(1124, 'group_title', 2, 'cn', ''),
(1125, 'group_title', 2, 'en', ''),
(1126, 'group_title', 3, 'tw', '業務部'),
(1127, 'group_title', 3, 'cn', ''),
(1128, 'group_title', 3, 'en', ''),
(1129, 'group_title', 4, 'tw', '市場部'),
(1130, 'group_title', 4, 'cn', ''),
(1131, 'group_title', 4, 'en', ''),
(1132, 'group_title', 5, 'tw', '顧問群'),
(1133, 'group_title', 5, 'cn', ''),
(1134, 'group_title', 5, 'en', ''),
(1135, 'group_title', 6, 'tw', '職能組'),
(1136, 'group_title', 6, 'cn', ''),
(1137, 'group_title', 6, 'en', ''),
(1138, 'group_title', 7, 'tw', '學習組'),
(1139, 'group_title', 7, 'cn', ''),
(1140, 'group_title', 7, 'en', ''),
(1141, 'competency_dic_title', 1, 'tw', '核1'),
(1142, 'competency_dic_title', 1, 'cn', ''),
(1143, 'competency_dic_title', 1, 'en', ''),
(1144, 'competency_dic_title', 3, 'tw', '核2'),
(1145, 'competency_dic_title', 3, 'cn', ''),
(1146, 'competency_dic_title', 3, 'en', ''),
(1147, 'competency_dic_title', 4, 'tw', '核3'),
(1148, 'competency_dic_title', 4, 'cn', ''),
(1149, 'competency_dic_title', 4, 'en', ''),
(1150, 'competency_dic_title', 2, 'tw', '核4'),
(1151, 'competency_dic_title', 2, 'cn', ''),
(1152, 'competency_dic_title', 2, 'en', ''),
(1153, 'course_title', 55, 'tw', 'Code1'),
(1154, 'course_title', 55, 'cn', ''),
(1155, 'course_title', 55, 'en', ''),
(1156, 'course_title', 56, 'tw', 'Code2'),
(1157, 'course_title', 56, 'cn', ''),
(1158, 'course_title', 56, 'en', ''),
(1159, 'competency_dic_title', 5, 'tw', '2'),
(1160, 'competency_dic_title', 5, 'cn', ''),
(1161, 'competency_dic_title', 5, 'en', ''),
(1162, 'course_title', 57, 'tw', '言牛目牛言言牛目牛言'),
(1163, 'course_title', 57, 'cn', ''),
(1164, 'course_title', 57, 'en', ''),
(1210, 'competency_title', 93, 'tw', 'C'),
(1204, 'competency_title', 91, 'tw', '職能A'),
(1203, 'competency_model_title', 44, 'en', ''),
(1202, 'competency_model_title', 44, 'cn', ''),
(1201, 'competency_model_title', 44, 'tw', 'TEST2'),
(1200, 'competency_model_title', 43, 'en', 'English'),
(1199, 'competency_model_title', 43, 'cn', '简体中文'),
(1198, 'competency_model_title', 43, 'tw', 'TEST'),
(1197, 'competency_dic_title', 21, 'en', '管理職能B'),
(1196, 'competency_dic_title', 21, 'cn', '管理職能B'),
(1195, 'competency_dic_title', 21, 'tw', '管理職能B'),
(1194, 'competency_dic_title', 20, 'en', '管理職能A'),
(1193, 'competency_dic_title', 20, 'cn', '管理職能A'),
(1192, 'competency_dic_title', 20, 'tw', '管理職能A'),
(1191, 'competency_dic_title', 19, 'en', 'Core Competency-B'),
(1190, 'competency_dic_title', 19, 'cn', '核心职能B'),
(1189, 'competency_dic_title', 19, 'tw', '核心職能B'),
(1188, 'competency_dic_title', 18, 'en', 'Core Competency'),
(1187, 'competency_dic_title', 18, 'cn', '核心职能'),
(1186, 'competency_dic_title', 18, 'tw', '核心職能'),
(1205, 'competency_title', 91, 'cn', ''),
(1206, 'competency_title', 91, 'en', ''),
(1207, 'competency_title', 92, 'tw', '職能B'),
(1208, 'competency_title', 92, 'cn', ''),
(1209, 'competency_title', 92, 'en', ''),
(1211, 'competency_title', 93, 'cn', ''),
(1212, 'competency_title', 93, 'en', ''),
(1213, 'competency_title', 94, 'tw', '核心職能核心職能'),
(1214, 'competency_title', 94, 'cn', ''),
(1215, 'competency_title', 94, 'en', ''),
(1216, 'competency_model_title', 45, 'tw', '繁體中文'),
(1217, 'competency_model_title', 45, 'cn', '简体中文'),
(1218, 'competency_model_title', 45, 'en', 'English'),
(1219, 'competency_level_title', 70, 'tw', '職能分級備註'),
(1220, 'competency_level_title', 70, 'cn', '職能分級備註'),
(1221, 'competency_level_title', 70, 'en', '職能分級備註'),
(1222, 'b_evalu_table_title', 4, 'tw', '評鑑表評A號卷'),
(1223, 'b_evalu_table_title', 4, 'cn', ''),
(1224, 'b_evalu_table_title', 4, 'en', ''),
(1225, 'b_evalu_table_title', 0, 'tw', 'TEST123'),
(1226, 'b_evalu_table_title', 0, 'cn', 'TEST123'),
(1227, 'b_evalu_table_title', 0, 'en', 'TEST123'),
(1228, 'b_evalu_table_title', 0, 'tw', 'TEST123456'),
(1229, 'b_evalu_table_title', 0, 'cn', ''),
(1230, 'b_evalu_table_title', 0, 'en', ''),
(1231, 'b_evalu_table_title', 0, 'tw', '2'),
(1232, 'b_evalu_table_title', 0, 'cn', ''),
(1233, 'b_evalu_table_title', 0, 'en', ''),
(1234, 'b_evalu_table_title', 0, 'tw', '3'),
(1235, 'b_evalu_table_title', 0, 'cn', '2'),
(1236, 'b_evalu_table_title', 0, 'en', '3'),
(1237, 'b_evalu_table_title', 5, 'tw', '代碼'),
(1238, 'b_evalu_table_title', 5, 'cn', '代碼'),
(1239, 'b_evalu_table_title', 5, 'en', '代碼'),
(1240, 'b_evalu_table_title', 6, 'tw', '123'),
(1241, 'b_evalu_table_title', 6, 'cn', '2321'),
(1242, 'b_evalu_table_title', 6, 'en', '321'),
(1243, 'b_evalu_table_title', 7, 'tw', 'AA'),
(1244, 'b_evalu_table_title', 7, 'cn', 'AA'),
(1245, 'b_evalu_table_title', 7, 'en', 'AA'),
(1246, 'b_evalu_table_title', 8, 'tw', 'FD'),
(1247, 'b_evalu_table_title', 8, 'cn', 'FD'),
(1248, 'b_evalu_table_title', 8, 'en', 'FDS'),
(1249, 'course_title', 58, 'tw', 'B'),
(1250, 'course_title', 58, 'cn', 'B'),
(1251, 'course_title', 58, 'en', 'B'),
(1252, 'course_type', 58, 'tw', '課程類型'),
(1253, 'course_type', 58, 'cn', '課程類型'),
(1254, 'course_type', 58, 'en', '課程類型'),
(1255, 'training-course_type', 21, 'tw', '課程類'),
(1256, 'training-course_type', 21, 'cn', '課程類'),
(1257, 'training-course_type', 21, 'en', '課程類'),
(1258, 'competency_dic_title', 22, 'tw', '1'),
(1259, 'competency_dic_title', 22, 'cn', ''),
(1260, 'competency_dic_title', 22, 'en', ''),
(1261, 'competency_model_title', 46, 'tw', '童綜合醫院_高層管理職能模型'),
(1262, 'competency_model_title', 46, 'cn', ''),
(1263, 'competency_model_title', 46, 'en', ''),
(1264, 'competency_model_title', 47, 'tw', '童綜合醫院_中層管理職能模型'),
(1265, 'competency_model_title', 47, 'cn', ''),
(1266, 'competency_model_title', 47, 'en', ''),
(1267, 'competency_model_title', 48, 'tw', '童綜合醫院_基層管理職能模型'),
(1268, 'competency_model_title', 48, 'cn', ''),
(1269, 'competency_model_title', 48, 'en', ''),
(1270, 'competency_title', 95, 'tw', '溝通協調能力'),
(1271, 'competency_title', 95, 'cn', ''),
(1272, 'competency_title', 95, 'en', ''),
(1273, 'competency_title', 96, 'tw', '人際關係建立'),
(1274, 'competency_title', 96, 'cn', ''),
(1275, 'competency_title', 96, 'en', ''),
(1276, 'competency_title', 97, 'tw', '顧客導向'),
(1277, 'competency_title', 97, 'cn', ''),
(1278, 'competency_title', 97, 'en', ''),
(1279, 'competency_title', 98, 'tw', '領導統御'),
(1280, 'competency_title', 98, 'cn', ''),
(1281, 'competency_title', 98, 'en', ''),
(1282, 'competency_title', 99, 'tw', '目標決策規劃與授權'),
(1283, 'competency_title', 99, 'cn', ''),
(1284, 'competency_title', 99, 'en', ''),
(1285, 'competency_title', 100, 'tw', '跨團隊合作精神與建立'),
(1286, 'competency_title', 100, 'cn', ''),
(1287, 'competency_title', 100, 'en', ''),
(1288, 'competency_title', 101, 'tw', '溝通協調能力'),
(1289, 'competency_title', 101, 'cn', ''),
(1290, 'competency_title', 101, 'en', ''),
(1291, 'competency_title', 102, 'tw', '執行能力'),
(1292, 'competency_title', 102, 'cn', ''),
(1293, 'competency_title', 102, 'en', ''),
(1294, 'competency_title', 103, 'tw', '人際關係建立'),
(1295, 'competency_title', 103, 'cn', ''),
(1296, 'competency_title', 103, 'en', ''),
(1297, 'competency_title', 104, 'tw', '有效授權'),
(1298, 'competency_title', 104, 'cn', ''),
(1299, 'competency_title', 104, 'en', ''),
(1300, 'competency_title', 105, 'tw', '決策能力'),
(1301, 'competency_title', 105, 'cn', ''),
(1302, 'competency_title', 105, 'en', ''),
(1303, 'competency_title', 106, 'tw', '分析思考能力'),
(1304, 'competency_title', 106, 'cn', ''),
(1305, 'competency_title', 106, 'en', ''),
(1306, 'competency_title', 107, 'tw', '執行能力'),
(1307, 'competency_title', 107, 'cn', ''),
(1308, 'competency_title', 107, 'en', ''),
(1309, 'competency_title', 108, 'tw', '溝通技巧能力'),
(1310, 'competency_title', 108, 'cn', ''),
(1311, 'competency_title', 108, 'en', ''),
(1312, 'competency_title', 109, 'tw', '工作管理'),
(1313, 'competency_title', 109, 'cn', ''),
(1314, 'competency_title', 109, 'en', ''),
(1315, 'competency_title', 110, 'tw', '團隊合作'),
(1316, 'competency_title', 110, 'cn', ''),
(1317, 'competency_title', 110, 'en', ''),
(1318, 'competency_title', 111, 'tw', '問題解決能力'),
(1319, 'competency_title', 111, 'cn', ''),
(1320, 'competency_title', 111, 'en', ''),
(1321, 'competency_title', 112, 'tw', '顧客服務導向'),
(1322, 'competency_title', 112, 'cn', ''),
(1323, 'competency_title', 112, 'en', ''),
(1324, 'course_type', 59, 'tw', '基礎'),
(1325, 'course_type', 59, 'cn', ''),
(1326, 'course_type', 59, 'en', ''),
(1327, 'course_title', 59, 'tw', '領導者的溝通'),
(1328, 'course_title', 59, 'cn', ''),
(1329, 'course_title', 59, 'en', ''),
(1330, 'course_type', 60, 'tw', '進階'),
(1331, 'course_type', 60, 'cn', ''),
(1332, 'course_type', 60, 'en', ''),
(1333, 'course_title', 60, 'tw', '組織溝通與協調的技巧'),
(1334, 'course_title', 60, 'cn', ''),
(1335, 'course_title', 60, 'en', ''),
(1336, 'course_type', 61, 'tw', '基礎'),
(1337, 'course_type', 61, 'cn', ''),
(1338, 'course_type', 61, 'en', ''),
(1339, 'course_title', 61, 'tw', '人際關係的拓展'),
(1340, 'course_title', 61, 'cn', ''),
(1341, 'course_title', 61, 'en', ''),
(1342, 'course_type', 62, 'tw', '進階'),
(1343, 'course_type', 62, 'cn', ''),
(1344, 'course_type', 62, 'en', ''),
(1345, 'course_title', 62, 'tw', '人際關係影響力'),
(1346, 'course_title', 62, 'cn', ''),
(1347, 'course_title', 62, 'en', ''),
(1348, 'course_type', 63, 'tw', '基礎'),
(1349, 'course_type', 63, 'cn', ''),
(1350, 'course_type', 63, 'en', ''),
(1351, 'course_title', 63, 'tw', '顧客導向的服務研習'),
(1352, 'course_title', 63, 'cn', '顧客導向的服務研習'),
(1353, 'course_title', 63, 'en', ''),
(1354, 'course_type', 64, 'tw', '進階'),
(1355, 'course_type', 64, 'cn', ''),
(1356, 'course_type', 64, 'en', ''),
(1357, 'course_title', 64, 'tw', '顧客導向的服務文化教導與價值傳承'),
(1358, 'course_title', 64, 'cn', ''),
(1359, 'course_title', 64, 'en', ''),
(1360, 'course_type', 65, 'tw', '基礎'),
(1361, 'course_type', 65, 'cn', ''),
(1362, 'course_type', 65, 'en', ''),
(1363, 'course_title', 65, 'tw', '領導統御的藝術'),
(1364, 'course_title', 65, 'cn', ''),
(1365, 'course_title', 65, 'en', ''),
(1366, 'course_type', 66, 'tw', '進階'),
(1367, 'course_type', 66, 'cn', ''),
(1368, 'course_type', 66, 'en', ''),
(1369, 'course_title', 66, 'tw', '組織領導的技巧'),
(1370, 'course_title', 66, 'cn', ''),
(1371, 'course_title', 66, 'en', ''),
(1372, 'course_type', 67, 'tw', '基礎'),
(1373, 'course_type', 67, 'cn', ''),
(1374, 'course_type', 67, 'en', ''),
(1375, 'course_title', 67, 'tw', '目標決策的分析與規劃'),
(1376, 'course_title', 67, 'cn', ''),
(1377, 'course_title', 67, 'en', ''),
(1378, 'course_type', 68, 'tw', '進階'),
(1379, 'course_type', 68, 'cn', ''),
(1380, 'course_type', 68, 'en', ''),
(1381, 'course_title', 68, 'tw', '有效的授權與賦能'),
(1382, 'course_title', 68, 'cn', ''),
(1383, 'course_title', 68, 'en', ''),
(1384, 'course_type', 69, 'tw', '基礎'),
(1385, 'course_type', 69, 'cn', ''),
(1386, 'course_type', 69, 'en', ''),
(1387, 'course_title', 69, 'tw', '如何有效的進行跨團隊協作'),
(1388, 'course_title', 69, 'cn', ''),
(1389, 'course_title', 69, 'en', ''),
(1390, 'course_type', 70, 'tw', '進階'),
(1391, 'course_type', 70, 'cn', ''),
(1392, 'course_type', 70, 'en', ''),
(1393, 'course_title', 70, 'tw', '跨團隊合作精神建立研習班'),
(1394, 'course_title', 70, 'cn', ''),
(1395, 'course_title', 70, 'en', ''),
(1396, 'course_type', 71, 'tw', '基礎'),
(1397, 'course_type', 71, 'cn', ''),
(1398, 'course_type', 71, 'en', ''),
(1399, 'course_title', 71, 'tw', '高效率團隊溝通'),
(1400, 'course_title', 71, 'cn', ''),
(1401, 'course_title', 71, 'en', ''),
(1402, 'course_type', 72, 'tw', '進階'),
(1403, 'course_type', 72, 'cn', ''),
(1404, 'course_type', 72, 'en', ''),
(1405, 'course_title', 72, 'tw', '跨部門溝通協調及衝突管理'),
(1406, 'course_title', 72, 'cn', ''),
(1407, 'course_title', 72, 'en', ''),
(1408, 'course_type', 73, 'tw', '基礎'),
(1409, 'course_type', 73, 'cn', ''),
(1410, 'course_type', 73, 'en', ''),
(1411, 'course_title', 73, 'tw', '有效的執行力技巧研習'),
(1412, 'course_title', 73, 'cn', ''),
(1413, 'course_title', 73, 'en', ''),
(1414, 'course_type', 74, 'tw', '進階'),
(1415, 'course_type', 74, 'cn', ''),
(1416, 'course_type', 74, 'en', ''),
(1417, 'course_title', 74, 'tw', '當責與執行力'),
(1418, 'course_title', 74, 'cn', ''),
(1419, 'course_title', 74, 'en', ''),
(1420, 'course_type', 75, 'tw', '基礎'),
(1421, 'course_type', 75, 'cn', ''),
(1422, 'course_type', 75, 'en', ''),
(1423, 'course_title', 75, 'tw', '建立人際關係，實現工作目標'),
(1424, 'course_title', 75, 'cn', ''),
(1425, 'course_title', 75, 'en', ''),
(1426, 'course_type', 76, 'tw', '進階'),
(1427, 'course_type', 76, 'cn', ''),
(1428, 'course_type', 76, 'en', ''),
(1429, 'course_title', 76, 'tw', '人際關係建立研習班'),
(1430, 'course_title', 76, 'cn', ''),
(1431, 'course_title', 76, 'en', ''),
(1432, 'course_type', 77, 'tw', '基礎'),
(1433, 'course_type', 77, 'cn', ''),
(1434, 'course_type', 77, 'en', ''),
(1435, 'course_title', 77, 'tw', '有效的授權技巧'),
(1436, 'course_title', 77, 'cn', ''),
(1437, 'course_title', 77, 'en', ''),
(1438, 'course_type', 78, 'tw', '進階'),
(1439, 'course_type', 78, 'cn', ''),
(1440, 'course_type', 78, 'en', ''),
(1441, 'course_title', 78, 'tw', '授權的實務研習'),
(1442, 'course_title', 78, 'cn', ''),
(1443, 'course_title', 78, 'en', ''),
(1444, 'course_type', 79, 'tw', '基礎'),
(1445, 'course_type', 79, 'cn', ''),
(1446, 'course_type', 79, 'en', ''),
(1447, 'course_title', 79, 'tw', '問題分析與決策能力'),
(1448, 'course_title', 79, 'cn', ''),
(1449, 'course_title', 79, 'en', ''),
(1450, 'course_type', 80, 'tw', '進階'),
(1451, 'course_type', 80, 'cn', ''),
(1452, 'course_type', 80, 'en', ''),
(1453, 'course_title', 80, 'tw', '系統化問題分析與決策能力養成班'),
(1454, 'course_title', 80, 'cn', ''),
(1455, 'course_title', 80, 'en', ''),
(1456, 'course_type', 81, 'tw', '基礎'),
(1457, 'course_type', 81, 'cn', ''),
(1458, 'course_type', 81, 'en', ''),
(1459, 'course_title', 81, 'tw', '分析思考技巧'),
(1460, 'course_title', 81, 'cn', ''),
(1461, 'course_title', 81, 'en', ''),
(1462, 'course_type', 82, 'tw', '進階'),
(1463, 'course_type', 82, 'cn', ''),
(1464, 'course_type', 82, 'en', ''),
(1465, 'course_title', 82, 'tw', '分析思考力研習班'),
(1466, 'course_title', 82, 'cn', ''),
(1467, 'course_title', 82, 'en', ''),
(1468, 'course_type', 83, 'tw', '基礎'),
(1469, 'course_type', 83, 'cn', ''),
(1470, 'course_type', 83, 'en', ''),
(1471, 'course_title', 83, 'tw', '執行力研習班'),
(1472, 'course_title', 83, 'cn', ''),
(1473, 'course_title', 83, 'en', ''),
(1474, 'course_type', 84, 'tw', '進階'),
(1475, 'course_type', 84, 'cn', ''),
(1476, 'course_type', 84, 'en', ''),
(1477, 'course_title', 84, 'tw', '執行力技巧'),
(1478, 'course_title', 84, 'cn', ''),
(1479, 'course_title', 84, 'en', ''),
(1480, 'course_type', 85, 'tw', '基礎'),
(1481, 'course_type', 85, 'cn', ''),
(1482, 'course_type', 85, 'en', ''),
(1483, 'course_title', 85, 'tw', '溝通技巧'),
(1484, 'course_title', 85, 'cn', ''),
(1485, 'course_title', 85, 'en', ''),
(1486, 'course_type', 86, 'tw', '進階'),
(1487, 'course_type', 86, 'cn', ''),
(1488, 'course_type', 86, 'en', ''),
(1489, 'course_title', 86, 'tw', '口才表達與人際溝通能力'),
(1490, 'course_title', 86, 'cn', ''),
(1491, 'course_title', 86, 'en', ''),
(1492, 'course_type', 87, 'tw', '基礎'),
(1493, 'course_type', 87, 'cn', ''),
(1494, 'course_type', 87, 'en', ''),
(1495, 'course_title', 87, 'tw', '工作管理技巧'),
(1496, 'course_title', 87, 'cn', ''),
(1497, 'course_title', 87, 'en', ''),
(1498, 'course_type', 88, 'tw', '進階'),
(1499, 'course_type', 88, 'cn', ''),
(1500, 'course_type', 88, 'en', ''),
(1501, 'course_title', 88, 'tw', '工作管理與改善研習班'),
(1502, 'course_title', 88, 'cn', ''),
(1503, 'course_title', 88, 'en', ''),
(1504, 'course_type', 89, 'tw', '基礎'),
(1505, 'course_type', 89, 'cn', ''),
(1506, 'course_type', 89, 'en', ''),
(1507, 'course_title', 89, 'tw', '團隊的形成與合作發展'),
(1508, 'course_title', 89, 'cn', ''),
(1509, 'course_title', 89, 'en', ''),
(1510, 'course_type', 90, 'tw', '進階'),
(1511, 'course_type', 90, 'cn', ''),
(1512, 'course_type', 90, 'en', ''),
(1513, 'course_title', 90, 'tw', '高效能的團隊合作研習班'),
(1514, 'course_title', 90, 'cn', ''),
(1515, 'course_title', 90, 'en', ''),
(1516, 'course_type', 91, 'tw', '基礎'),
(1517, 'course_type', 91, 'cn', ''),
(1518, 'course_type', 91, 'en', ''),
(1519, 'course_title', 91, 'tw', '問題解決實務研習'),
(1520, 'course_title', 91, 'cn', ''),
(1521, 'course_title', 91, 'en', ''),
(1522, 'course_type', 92, 'tw', '進階'),
(1523, 'course_type', 92, 'cn', ''),
(1524, 'course_type', 92, 'en', ''),
(1525, 'course_title', 92, 'tw', '問題分析與解決進階研習'),
(1526, 'course_title', 92, 'cn', ''),
(1527, 'course_title', 92, 'en', ''),
(1528, 'course_type', 93, 'tw', '基礎'),
(1529, 'course_type', 93, 'cn', ''),
(1530, 'course_type', 93, 'en', ''),
(1531, 'course_title', 93, 'tw', '顧客服務實戰技巧'),
(1532, 'course_title', 93, 'cn', ''),
(1533, 'course_title', 93, 'en', ''),
(1534, 'course_type', 94, 'tw', '進階'),
(1535, 'course_type', 94, 'cn', ''),
(1536, 'course_type', 94, 'en', ''),
(1537, 'course_title', 94, 'tw', '全方位顧客滿意服務'),
(1538, 'course_title', 94, 'cn', ''),
(1539, 'course_title', 94, 'en', ''),
(1540, 'b_evalu_table_title', 9, 'tw', '童醫院_高層現任管理職能評鑑表'),
(1541, 'b_evalu_table_title', 9, 'cn', ''),
(1542, 'b_evalu_table_title', 9, 'en', ''),
(1543, 'company_title', 0, 'tw', '童綜合醫療社團法人童綜合醫院'),
(1544, 'company_title', 0, 'cn', ''),
(1545, 'company_title', 0, 'en', ''),
(1546, 'company_title', 0, 'tw', '童綜合醫療社團法人童綜合醫院'),
(1547, 'company_title', 0, 'cn', ''),
(1548, 'company_title', 0, 'en', ''),
(1549, 'group_title', 0, 'tw', 'term_content'),
(1550, 'group_title', 9, 'tw', '護理部'),
(1551, 'group_title', 10, 'tw', '院本部'),
(1552, 'group_title', 11, 'tw', '藥劑部'),
(1553, 'group_title', 12, 'tw', '護理部'),
(1554, 'group_title', 13, 'tw', '院本部'),
(1555, 'group_title', 14, 'tw', '藥劑部'),
(1556, 'group_title', 15, 'tw', '護理部'),
(1557, 'group_title', 16, 'tw', '院本部'),
(1558, 'group_title', 17, 'tw', '藥劑部'),
(1559, 'group_title', 18, 'tw', '護本部'),
(1560, 'group_title', 19, 'tw', '10A'),
(1561, 'group_title', 20, 'tw', 'OPD'),
(1562, 'group_title', 21, 'tw', 'ANES'),
(1563, 'group_title', 22, 'tw', 'OR'),
(1564, 'group_title', 23, 'tw', '17A'),
(1565, 'group_title', 24, 'tw', '15A'),
(1566, 'group_title', 25, 'tw', '16B'),
(1567, 'group_title', 26, 'tw', '18B'),
(1568, 'group_title', 27, 'tw', '8I1'),
(1569, 'group_title', 28, 'tw', '9I2'),
(1570, 'group_title', 29, 'tw', '10PI'),
(1571, 'group_title', 30, 'tw', '社區'),
(1572, 'group_title', 31, 'tw', '14A'),
(1573, 'group_title', 32, 'tw', '10SN'),
(1574, 'group_title', 33, 'tw', 'ER'),
(1575, 'group_title', 34, 'tw', '13B'),
(1576, 'group_title', 35, 'tw', '5A'),
(1577, 'group_title', 36, 'tw', '特門診'),
(1578, 'group_title', 37, 'tw', '14B'),
(1579, 'group_title', 38, 'tw', '8F'),
(1580, 'group_title', 39, 'tw', '6F'),
(1581, 'group_title', 40, 'tw', '內本部'),
(1582, 'group_title', 41, 'tw', '外本部'),
(1583, 'group_title', 42, 'tw', '直外科'),
(1584, 'group_title', 43, 'tw', '院長室'),
(1585, 'group_title', 44, 'tw', '藥本部'),
(1586, 'group_title', 45, 'tw', 'RCC'),
(1587, 'group_title', 46, 'tw', '腎臟科'),
(1588, 'group_title', 47, 'tw', '神內科'),
(1589, 'group_title', 48, 'tw', '泌尿科'),
(1590, 'group_title', 49, 'tw', '心外科');

-- --------------------------------------------------------

--
-- 資料表格式： `text`
--

CREATE TABLE IF NOT EXISTS `text` (
  `term_id` int(10) unsigned NOT NULL AUTO_INCREMENT,
  `term_title` varchar(30) NOT NULL,
  `depend_on_id` int(10) NOT NULL,
  `term_language` varchar(10) NOT NULL,
  `text_content` text NOT NULL,
  PRIMARY KEY (`term_id`)
) ENGINE=MyISAM  DEFAULT CHARSET=utf8 AUTO_INCREMENT=1969 ;

--
-- 列出以下資料庫的數據： `text`
--

INSERT INTO `text` (`term_id`, `term_title`, `depend_on_id`, `term_language`, `text_content`) VALUES
(628, 'competency_model_definition', 33, 'tw', '中層管理職能模型 for demo'),
(629, 'competency_model_definition', 33, 'cn', '中层管理职能模型 for demo'),
(630, 'competency_model_definition', 33, 'en', ''),
(631, 'competency_definition', 53, 'tw', '依據公司策略發展需求，訂定部門/單位的短中長期目標，做為部門/單位努力的方向。'),
(632, 'competency_definition', 53, 'cn', '依据公司策略发展需求，订定部门/单位的短中长期目标，做为部门/单位努力的方向。'),
(633, 'competency_definition', 53, 'en', ''),
(634, 'competency_definition', 54, 'tw', '能辨識任務的優先等級，擬訂縝密的行動計畫，有效安排所需的人力與資源，建立系統的工作方法與步驟，以確保有效達成既定目標。'),
(635, 'competency_definition', 54, 'cn', '能辨识任务的优先等级，拟订缜密的行动计划，有效安排所需的人力与资源，建立系统的工作方法与步骤，以确保有效达成既定目标。'),
(636, 'competency_definition', 54, 'en', ''),
(637, 'competency_definition', 55, 'tw', '能塑造明確的團隊文化及瞭解個別成員的能力和特性，運用適當、具彈性的互動模式，激勵及指引團隊成功的完成任務。'),
(638, 'competency_definition', 55, 'cn', '能塑造明确的团队文化及了解个别成员的能力和特性，运用适当、具弹性的互动模式，激励及指引团队成功的完成任务。'),
(639, 'competency_definition', 55, 'en', ''),
(640, 'behavior_definition', 14, 'tw', '能依據組織的目標進行部門/單位的目標分解，以明確各職務應承接的個人目標。'),
(641, 'behavior_definition', 14, 'cn', ''),
(642, 'behavior_definition', 14, 'en', ''),
(643, 'behavior_definition', 15, 'tw', '能依據組織的目標進行部門/單位的目標分解，以明確各職務應承接的個人目標。'),
(644, 'behavior_definition', 15, 'cn', ''),
(645, 'behavior_definition', 15, 'en', ''),
(646, 'behavior_definition', 16, 'tw', '除組織的既定目標外，能針對組織的發展需求，訂定本部門更高或更具挑戰性的目標。'),
(647, 'behavior_definition', 16, 'cn', ''),
(648, 'behavior_definition', 16, 'en', ''),
(649, 'behavior_definition', 17, 'tw', '能設定部門階段性目標，以配合組織短、中、長期的發展目標需求。'),
(650, 'behavior_definition', 17, 'cn', ''),
(651, 'behavior_definition', 17, 'en', ''),
(652, 'behavior_definition', 18, 'tw', '能設定部門階段性目標，以配合組織短、中、長期的發展目標需求。'),
(653, 'behavior_definition', 18, 'cn', ''),
(654, 'behavior_definition', 18, 'en', ''),
(655, 'behavior_definition', 19, 'tw', '能依據組織目前與未來目標需求，設定具體的、且彼此關聯與互補的部門/單位績效指標。'),
(656, 'behavior_definition', 19, 'cn', ''),
(657, 'behavior_definition', 19, 'en', ''),
(658, 'behavior_definition', 20, 'tw', '根據組織目標需求，規劃、設定與其他部門/單位的整體性協作目標，做為跨部門合作的方向。'),
(659, 'behavior_definition', 20, 'cn', ''),
(660, 'behavior_definition', 20, 'en', ''),
(661, 'training_method', 10, 'tw', '內部培訓'),
(662, 'training_method', 10, 'cn', ''),
(663, 'training_method', 10, 'en', ''),
(664, 'training_method', 11, 'tw', '派外訓練'),
(665, 'training_method', 11, 'cn', ''),
(666, 'training_method', 11, 'en', ''),
(667, 'training_method', 12, 'tw', '導師制 (工作教導)'),
(668, 'training_method', 12, 'cn', ''),
(669, 'training_method', 12, 'en', ''),
(670, 'course_desc', 52, 'tw', '【課程大綱】\r\n1.設定目標的指導原則\r\n2.瞭解目標設定的要素\r\n3.讓團隊的成員參與設定目標\r\n4.目標設定的績效檢核指標\r\n5.工作目標分解的策略與規劃'),
(671, 'course_desc', 52, 'cn', ''),
(672, 'course_desc', 52, 'en', ''),
(673, 'course_desc', 53, 'tw', '【課程大綱】\r\n1.KPI日常管理要領\r\n2.MBO目標管理實務\r\n3.工作計劃擬定與展開技巧\r\n4.方針管理與衡量指標建置\r\n5.預算編制與管理控制'),
(674, 'course_desc', 53, 'cn', ''),
(675, 'course_desc', 53, 'en', ''),
(676, 'training_material', 12, 'tw', '團隊目標設定技巧學員手冊'),
(677, 'training_material', 12, 'cn', ''),
(678, 'training_material', 12, 'en', ''),
(679, 'training_material', 13, 'tw', '目標設定實務研習指導手冊'),
(680, 'training_material', 13, 'cn', ''),
(681, 'training_material', 13, 'en', ''),
(682, 'behavior_definition', 21, 'tw', '瞭解部門工作的重要性和急迫性，知道該依何種比例，將手邊握有的資源分配在各項工作上。'),
(683, 'behavior_definition', 21, 'cn', ''),
(684, 'behavior_definition', 21, 'en', ''),
(685, 'behavior_definition', 22, 'tw', '能展開及分解計畫，並精確估算執行計畫所需的人力、物力和時間，充分調配部門/單位內可用的資源，使計畫能井然有序並有效的完成。'),
(686, 'behavior_definition', 22, 'cn', ''),
(687, 'behavior_definition', 22, 'en', ''),
(688, 'behavior_definition', 23, 'tw', '在計畫執行過程中，能按時程表檢視與計畫相關的各類最新資訊，並迅速有效的進行資源與時間的調度。'),
(689, 'behavior_definition', 23, 'cn', ''),
(690, 'behavior_definition', 23, 'en', ''),
(691, 'behavior_definition', 24, 'tw', '能同步進行多樣且複雜的計畫，並依據事先做好的詳細規劃，讓各計畫的執行都維持在正常的進度上。'),
(692, 'behavior_definition', 24, 'cn', ''),
(693, 'behavior_definition', 24, 'en', ''),
(694, 'behavior_definition', 25, 'tw', '能在考量公司未來策略方針、內外環境狀況與組織內部資源下，擬訂部門/單位未來發展的規劃藍圖。'),
(695, 'behavior_definition', 25, 'cn', ''),
(696, 'behavior_definition', 25, 'en', ''),
(697, 'behavior_definition', 26, 'tw', '瞭解各類型成員的行事風格及專長差異，能將團隊成員依屬性、專長加以分類並按此分配任務。'),
(698, 'behavior_definition', 26, 'cn', ''),
(699, 'behavior_definition', 26, 'en', ''),
(700, 'behavior_definition', 27, 'tw', '能設計團隊成員的交流活動，增進團隊成員間的瞭解和互動，以建立團隊意識。'),
(701, 'behavior_definition', 27, 'cn', ''),
(702, 'behavior_definition', 27, 'en', ''),
(703, 'behavior_definition', 28, 'tw', '能讓團隊成員清楚瞭解團隊目標，並以實際行動來展現和強化團隊達成目標的承諾。'),
(704, 'behavior_definition', 28, 'cn', ''),
(705, 'behavior_definition', 28, 'en', ''),
(706, 'behavior_definition', 29, 'tw', '會設計獎勵措施來營造團隊合作精神，鼓勵成員的傑出表現。'),
(707, 'behavior_definition', 29, 'cn', ''),
(708, 'behavior_definition', 29, 'en', ''),
(709, 'behavior_definition', 30, 'tw', '對團隊成員充分授權，以建立團隊的自治精神，在必要時提供相應的協助與支持。'),
(710, 'behavior_definition', 30, 'cn', ''),
(711, 'behavior_definition', 30, 'en', ''),
(712, 'competency_model_definition', 0, 'tw', '資訊專業職能模型 for demo'),
(713, 'competency_model_definition', 0, 'cn', ''),
(714, 'competency_model_definition', 0, 'en', ''),
(715, 'competency_model_definition', 34, 'tw', '資訊專業職能模型 for demo'),
(716, 'competency_model_definition', 34, 'cn', ''),
(717, 'competency_model_definition', 34, 'en', ''),
(718, 'competency_model_definition', 0, 'tw', '測試專業職能模型'),
(719, 'competency_model_definition', 0, 'cn', ''),
(720, 'competency_model_definition', 0, 'en', ''),
(721, 'competency_definition', 56, 'tw', '整合企業營運資源，將公司業務流程作最佳e化。'),
(722, 'competency_definition', 56, 'cn', ''),
(723, 'competency_definition', 56, 'en', ''),
(724, 'competency_definition', 57, 'tw', '運用科學的分析工具和方法﹐取得系統的確切需求，作為系統設計﹑系統決策﹑系統實施依據。'),
(725, 'competency_definition', 57, 'cn', ''),
(726, 'competency_definition', 57, 'en', ''),
(727, 'competency_definition', 58, 'tw', '將特定需求轉化為電腦可執行指令並產出預期結果，通常透過某種設計語言為工具，過程包括設計、編碼、編譯、測試、除錯等階段。'),
(728, 'competency_definition', 58, 'cn', ''),
(729, 'competency_definition', 58, 'en', ''),
(730, 'competency_definition', 59, 'tw', '支援發展企業入口網站、流程平台、整合外部商務流程。'),
(731, 'competency_definition', 59, 'cn', ''),
(732, 'competency_definition', 59, 'en', ''),
(733, 'competency_definition', 60, 'tw', '熟悉作業系統之操作、運作、設定與維護，提供穩定快速的資訊服務。'),
(734, 'competency_definition', 60, 'cn', ''),
(735, 'competency_definition', 60, 'en', ''),
(736, 'competency_definition', 61, 'tw', '建構安全、穩定的電腦使用環境。'),
(737, 'competency_definition', 61, 'cn', ''),
(738, 'competency_definition', 61, 'en', ''),
(739, 'competency_definition', 62, 'tw', '維護公司資訊安全，達成高可用性、完整性、機密性、即時性的目標。'),
(740, 'competency_definition', 62, 'cn', ''),
(741, 'competency_definition', 62, 'en', ''),
(742, 'ability_def', 5, 'tw', '熟悉企業組織及業務流程\r\n'),
(743, 'ability_def', 5, 'cn', ''),
(744, 'ability_def', 5, 'en', ''),
(745, 'ability_def', 6, 'tw', '檢定或經驗具下列至少一項：a.參與模組導入經驗、b.顧問認證合格、c.內訓通過檢定\r\n'),
(746, 'ability_def', 6, 'cn', ''),
(747, 'ability_def', 6, 'en', ''),
(748, 'competency_evalation_content', 7, 'tw', '1.簡報審查\r\n2.a.參與專案證明\r\n    b.外部證照\r\n    c.案例實作'),
(749, 'competency_evalation_content', 7, 'cn', ''),
(750, 'competency_evalation_content', 7, 'en', ''),
(751, 'competency_evalation_method', 7, 'tw', '1.處主管\r\n2.具有第2級能力者\r\n3.廠商'),
(752, 'competency_evalation_method', 7, 'cn', ''),
(753, 'competency_evalation_method', 7, 'en', ''),
(754, 'training_method', 13, 'tw', '內訓'),
(755, 'training_method', 13, 'cn', ''),
(756, 'training_method', 13, 'en', ''),
(757, 'training_method', 14, 'tw', '參與專案'),
(758, 'training_method', 14, 'cn', ''),
(759, 'training_method', 14, 'en', ''),
(760, 'training_method', 15, 'tw', '外訓'),
(761, 'training_method', 15, 'cn', ''),
(762, 'training_method', 15, 'en', ''),
(763, 'training_material', 14, 'tw', 'ttt'),
(764, 'training_material', 14, 'cn', ''),
(765, 'training_material', 14, 'en', ''),
(766, 'job_family_dsec', 6, 'tw', ''),
(767, 'job_family_dsec', 6, 'cn', ''),
(768, 'job_family_dsec', 6, 'en', ''),
(769, 'job_family_dsec', 7, 'tw', ''),
(770, 'job_family_dsec', 7, 'cn', ''),
(771, 'job_family_dsec', 7, 'en', ''),
(772, 'job_family_dsec', 8, 'tw', ''),
(773, 'job_family_dsec', 8, 'cn', ''),
(774, 'job_family_dsec', 8, 'en', ''),
(775, 'job_family_dsec', 9, 'tw', ''),
(776, 'job_family_dsec', 9, 'cn', ''),
(777, 'job_family_dsec', 9, 'en', ''),
(778, 'job_family_dsec', 10, 'tw', ''),
(779, 'job_family_dsec', 10, 'cn', ''),
(780, 'job_family_dsec', 10, 'en', ''),
(781, 'job_family_dsec', 11, 'tw', ''),
(782, 'job_family_dsec', 11, 'cn', ''),
(783, 'job_family_dsec', 11, 'en', ''),
(784, 'b_evalu_table_desc', 3, 'tw', '緯任數位科技的基層主管管理職能評鑑表'),
(785, 'b_evalu_table_desc', 3, 'cn', ''),
(786, 'b_evalu_table_desc', 3, 'en', ''),
(787, 'competency_model_definition', 35, 'tw', '核心職能模型 for demo'),
(788, 'competency_model_definition', 35, 'cn', '核心职能模型 for demo'),
(789, 'competency_model_definition', 35, 'en', ''),
(790, 'competency_definition', 63, 'tw', ''),
(791, 'competency_definition', 63, 'cn', ''),
(792, 'competency_definition', 63, 'en', ''),
(793, 'competency_definition', 64, 'tw', ''),
(794, 'competency_definition', 64, 'cn', ''),
(795, 'competency_definition', 64, 'en', ''),
(796, 'company_desc', 1, 'tw', '提供人才發展(HRD)整體解決方案'),
(797, 'company_desc', 1, 'cn', ''),
(798, 'company_desc', 1, 'en', ''),
(799, 'group_desc', 0, 'tw', ''),
(800, 'group_desc', 0, 'cn', ''),
(801, 'group_desc', 0, 'en', ''),
(802, 'ability_def', 7, 'tw', '熟悉企業組織及業務流程'),
(803, 'ability_def', 7, 'cn', ''),
(804, 'ability_def', 7, 'en', ''),
(805, 'ability_def', 8, 'tw', '檢定或經驗具下列至少一項：a.參與模組導入經驗、b.顧問認證合格、c.內訓通過檢定\r\n'),
(806, 'ability_def', 8, 'cn', ''),
(807, 'ability_def', 8, 'en', ''),
(808, 'training_method', 16, 'tw', '內訓\r\n'),
(865, 'training_method', 17, 'tw', '參與專案'),
(809, 'training_method', 16, 'cn', ''),
(810, 'training_method', 16, 'en', ''),
(811, 'competency_evaluator', 22, 'tw', '1.處主管、2.具有第2級能力者、3.廠商\r\n'),
(812, 'competency_evaluator', 22, 'cn', ''),
(813, 'competency_evaluator', 22, 'en', ''),
(814, 'competency_evaluation_method', 22, 'tw', '1.簡報審查、2.參與專案證明、3.外部證照、4.案例實作\r\n'),
(815, 'competency_evaluation_method', 22, 'cn', ''),
(816, 'competency_evaluation_method', 22, 'en', ''),
(817, 'training_material', 14, 'tw', '業務流程與組織文件'),
(820, 'training_material', 15, 'tw', '工作說明書'),
(818, 'training_material', 14, 'cn', ''),
(819, 'training_material', 14, 'en', ''),
(821, 'training_material', 15, 'cn', ''),
(822, 'training_material', 15, 'en', ''),
(823, 'training_material', 16, 'tw', '外部教材'),
(824, 'training_material', 16, 'cn', ''),
(825, 'training_material', 16, 'en', ''),
(826, 'training_material', 17, 'tw', '專案文件'),
(827, 'training_material', 17, 'cn', ''),
(828, 'training_material', 17, 'en', ''),
(829, 'course_desc', 54, 'tw', '系統整合與導入的第一級課程，由資訊部自行開發'),
(830, 'course_desc', 54, 'cn', ''),
(831, 'course_desc', 54, 'en', ''),
(832, 'evaluation_scale_item_desc', 1, 'tw', '約有20%能觀察到此行為表現'),
(833, 'evaluation_scale_item_desc', 1, 'cn', ''),
(834, 'evaluation_scale_item_desc', 1, 'en', ''),
(835, 'evaluation_scale_item_desc', 2, 'tw', '約有21%~40%能觀察到此行為表現'),
(836, 'evaluation_scale_item_desc', 2, 'cn', ''),
(837, 'evaluation_scale_item_desc', 2, 'en', ''),
(838, 'evaluation_scale_item_desc', 3, 'tw', '約有41%~50%能觀察到此行為表現'),
(839, 'evaluation_scale_item_desc', 3, 'cn', ''),
(840, 'evaluation_scale_item_desc', 3, 'en', ''),
(841, 'evaluation_scale_item_desc', 4, 'tw', '約有51%~60%能觀察到此行為表現'),
(842, 'evaluation_scale_item_desc', 4, 'cn', ''),
(843, 'evaluation_scale_item_desc', 4, 'en', ''),
(844, 'evaluation_scale_item_desc', 5, 'tw', '約有61%~80%能觀察到此行為表現'),
(845, 'evaluation_scale_item_desc', 5, 'cn', ''),
(846, 'evaluation_scale_item_desc', 5, 'en', ''),
(847, 'evaluation_scale_item_desc', 6, 'tw', '約有81%~90%能觀察到此行為表現'),
(848, 'evaluation_scale_item_desc', 6, 'cn', ''),
(849, 'evaluation_scale_item_desc', 6, 'en', ''),
(850, 'evaluation_scale_item_desc', 7, 'tw', '約有91%以上能觀察到此行為表現'),
(851, 'evaluation_scale_item_desc', 7, 'cn', ''),
(852, 'evaluation_scale_item_desc', 7, 'en', ''),
(853, 'competency_model_definition', 36, 'tw', 'test22222'),
(854, 'competency_model_definition', 36, 'cn', ''),
(855, 'competency_model_definition', 36, 'en', ''),
(856, 'competency_definition', 65, 'tw', ''),
(857, 'competency_definition', 65, 'cn', ''),
(858, 'competency_definition', 65, 'en', ''),
(859, 'competency_model_definition', 37, 'tw', '緯任數位科技中層管理 for demo'),
(860, 'competency_model_definition', 37, 'cn', ''),
(861, 'competency_model_definition', 37, 'en', ''),
(862, 'ability_def', 9, 'tw', 'sssss'),
(863, 'ability_def', 9, 'cn', ''),
(864, 'ability_def', 9, 'en', ''),
(866, 'training_method', 17, 'cn', ''),
(867, 'training_method', 17, 'en', ''),
(868, 'training_method', 18, 'tw', '外訓'),
(869, 'training_method', 18, 'cn', ''),
(870, 'training_method', 18, 'en', ''),
(871, 'training_method', 19, 'tw', '內訓'),
(872, 'training_method', 19, 'cn', ''),
(873, 'training_method', 19, 'en', ''),
(874, 'competency_definition', 66, 'tw', ''),
(875, 'competency_definition', 66, 'cn', ''),
(876, 'competency_definition', 66, 'en', ''),
(877, 'competency_definition', 67, 'tw', ''),
(878, 'competency_definition', 67, 'cn', ''),
(879, 'competency_definition', 67, 'en', ''),
(880, 'competency_model_definition', 38, 'tw', '中華工程的高層管理職能模型'),
(881, 'competency_model_definition', 38, 'cn', ''),
(882, 'competency_model_definition', 38, 'en', ''),
(883, 'competency_model_definition', 39, 'tw', '中華工程的中層管理職能模型'),
(884, 'competency_model_definition', 39, 'cn', ''),
(885, 'competency_model_definition', 39, 'en', ''),
(886, 'competency_model_definition', 40, 'tw', '中華工程的基層管理職能模型'),
(887, 'competency_model_definition', 40, 'cn', ''),
(888, 'competency_model_definition', 40, 'en', ''),
(889, 'competency_definition', 68, 'tw', '能夠掌握產業趨勢，分析組織在產業競爭態勢中所具備的優、劣勢與所面對的機會與威脅，進而擬定公司的發展策略。'),
(890, 'competency_definition', 68, 'cn', ''),
(891, 'competency_definition', 68, 'en', ''),
(892, 'competency_definition', 69, 'tw', '能建立組織的願景及目標、凝聚組織成員的向心力，促進組織內成員的合作以達成組織目標。'),
(893, 'competency_definition', 69, 'cn', ''),
(894, 'competency_definition', 69, 'en', ''),
(895, 'competency_definition', 70, 'tw', '有同理心，瞭解他人的感受、需要和觀點，並能清楚表達自己的語意讓對方明瞭；具備對上、下與同儕間的工作說明與協調能力，以達成團隊協作的目標。'),
(896, 'competency_definition', 70, 'cn', ''),
(897, 'competency_definition', 70, 'en', ''),
(898, 'competency_definition', 71, 'tw', '在跨組織或對外關係上，能運用對他人的理解，以不同的方法、技巧或形式，來達到說服、影響或感動他人，使他人接受自己的觀點或建議，以產生特定的影響。'),
(899, 'competency_definition', 71, 'cn', ''),
(900, 'competency_definition', 71, 'en', ''),
(901, 'competency_definition', 72, 'tw', '能針對部屬的工作表現，給予客觀的評比和充分的回饋，與部屬共同討論擬定績效改善措施及未來績效發展計畫。'),
(902, 'competency_definition', 72, 'cn', ''),
(903, 'competency_definition', 72, 'en', ''),
(904, 'competency_definition', 73, 'tw', '營造一個適合員工發揮能力的工作環境，發掘、培育發展、及儲備公司內優秀人才，以支持組織長期發展目標的達成。'),
(905, 'competency_definition', 73, 'cn', ''),
(906, 'competency_definition', 73, 'en', ''),
(907, 'behavior_definition', 31, 'tw', '清楚掌握內部環境資訊，能瞭解公司未來發展方向及在產業中所具備的優、劣勢，但尚未能提出有效的策略規劃。'),
(908, 'behavior_definition', 31, 'cn', ''),
(909, 'behavior_definition', 31, 'en', ''),
(910, 'behavior_definition', 32, 'tw', '清楚公司目前的策略定位及未來走向，制定明確的績效指標做為工作上的規劃及執行成效的考核依據。'),
(911, 'behavior_definition', 32, 'cn', ''),
(912, 'behavior_definition', 32, 'en', ''),
(913, 'behavior_definition', 33, 'tw', '收集內外部環境的相關資訊並加以分析，能應對市場變化提出策略上的回應。'),
(914, 'behavior_definition', 33, 'cn', ''),
(915, 'behavior_definition', 33, 'en', ''),
(916, 'behavior_definition', 34, 'tw', '能掌握產業趨勢及市場發展的機會點，提出下一步策略規劃，以發揮公司強處、維持競爭優勢。'),
(917, 'behavior_definition', 34, 'cn', ''),
(918, 'behavior_definition', 34, 'en', ''),
(919, 'behavior_definition', 35, 'tw', '隨時留意產業的動態變化，做出明確的分析與判斷，擬訂公司中長期發展方針與策略規劃。'),
(920, 'behavior_definition', 35, 'cn', ''),
(921, 'behavior_definition', 35, 'en', ''),
(922, 'behavior_definition', 36, 'tw', '與組織成員溝通；當決策與組織成員相關時，能將決策內容適時向成員們充分告知與說明。'),
(923, 'behavior_definition', 36, 'cn', ''),
(924, 'behavior_definition', 36, 'en', ''),
(925, 'behavior_definition', 37, 'tw', '促進組織成員合作；確保組織成員瞭解並接受任務與計畫，使組織成員一起努力達成目標。'),
(926, 'behavior_definition', 37, 'cn', ''),
(927, 'behavior_definition', 37, 'en', ''),
(928, 'behavior_definition', 38, 'tw', '提升組織效能；能運用有效的策略或方法提升組織的士氣和產值。'),
(929, 'behavior_definition', 38, 'cn', ''),
(930, 'behavior_definition', 38, 'en', ''),
(931, 'behavior_definition', 39, 'tw', '增進組織成員忠誠度；付出心力，公平的使用職權對待組織成員。'),
(932, 'behavior_definition', 39, 'cn', ''),
(933, 'behavior_definition', 39, 'en', ''),
(934, 'behavior_definition', 40, 'tw', '凝聚組織成員向心力；能設定具挑戰性的目標，並提出合理且足以激勵人心的獎勵措施。'),
(935, 'behavior_definition', 40, 'cn', ''),
(936, 'behavior_definition', 40, 'en', ''),
(937, 'behavior_definition', 41, 'tw', '不先入為主、排除自我意識、能傾聽並接受別人所欲傳達的訊息。'),
(938, 'behavior_definition', 41, 'cn', ''),
(939, 'behavior_definition', 41, 'en', ''),
(940, 'behavior_definition', 42, 'tw', '以同理心，站在對方立場與對方展開良性互動以排除問題或障礙。'),
(941, 'behavior_definition', 42, 'cn', ''),
(942, 'behavior_definition', 42, 'en', ''),
(943, 'behavior_definition', 43, 'tw', '能運用各種不同的媒介，清楚的對上、對下或對同儕說明表達工作協作的相關訊息。'),
(944, 'behavior_definition', 43, 'cn', ''),
(945, 'behavior_definition', 43, 'en', ''),
(946, 'behavior_definition', 44, 'tw', '處事圓融，能耐心處理，聆聽內、外部顧客抱怨，能控制情緒不使衝突發生。'),
(947, 'behavior_definition', 44, 'cn', ''),
(948, 'behavior_definition', 44, 'en', ''),
(949, 'behavior_definition', 45, 'tw', '能視不同狀況調整溝通技巧，順利與組織內外部成員溝通。'),
(950, 'behavior_definition', 45, 'cn', ''),
(951, 'behavior_definition', 45, 'en', ''),
(952, 'behavior_definition', 46, 'tw', '會嘗試找出多方面的例證或說法來支持自己的論點，或加以說服、影響別人。'),
(953, 'behavior_definition', 46, 'cn', ''),
(954, 'behavior_definition', 46, 'en', ''),
(955, 'behavior_definition', 47, 'tw', '會採取適當的行動來印證自己的觀點，以說服或影響他人。'),
(956, 'behavior_definition', 47, 'cn', ''),
(957, 'behavior_definition', 47, 'en', ''),
(958, 'behavior_definition', 48, 'tw', '能預期計劃中的行動會產生那些特定人、事、物的影響，並會利用群體影響效應來達成其目的。'),
(959, 'behavior_definition', 48, 'cn', ''),
(960, 'behavior_definition', 48, 'en', ''),
(961, 'behavior_definition', 49, 'tw', '能訂出一些檢核指標，來檢視或評估因自己的溝通和行動結果而影響他人的程度。'),
(962, 'behavior_definition', 49, 'cn', ''),
(963, 'behavior_definition', 49, 'en', ''),
(964, 'behavior_definition', 50, 'tw', '能針對特定情境設計不同的策略，運用外部人際關係力量來改變他人的決定，以達到影響他人、達成公司營運目標的效果。'),
(965, 'behavior_definition', 50, 'cn', ''),
(966, 'behavior_definition', 50, 'en', ''),
(967, 'behavior_definition', 51, 'tw', '針對部屬的工作表現，依據設定目標及公司績效評核規則，進行客觀、公平的考核。'),
(968, 'behavior_definition', 51, 'cn', ''),
(969, 'behavior_definition', 51, 'en', ''),
(970, 'behavior_definition', 52, 'tw', '協助部屬找出應發展的能力領域，共同討論擬訂績效改善措施及未來績效發展計畫。'),
(971, 'behavior_definition', 52, 'cn', ''),
(972, 'behavior_definition', 52, 'en', ''),
(973, 'behavior_definition', 53, 'tw', '提供部屬足夠的資源與機會，來提升、發展個人的能力與績效。'),
(974, 'behavior_definition', 53, 'cn', ''),
(975, 'behavior_definition', 53, 'en', ''),
(976, 'behavior_definition', 54, 'tw', '幫助部屬克服學習障礙，鼓勵「自我學習」強化自我提升改善的效能。'),
(977, 'behavior_definition', 54, 'cn', ''),
(978, 'behavior_definition', 54, 'en', ''),
(979, 'behavior_definition', 55, 'tw', '利用指導、訓練及工作指派等方式，來加強部屬的知識與技能、提昇部屬的工作績效。'),
(980, 'behavior_definition', 55, 'cn', ''),
(981, 'behavior_definition', 55, 'en', ''),
(982, 'behavior_definition', 56, 'tw', '針對公司現在及未來發展目標，能訂定出目前組織成員需要發展與尚待培養的能力。'),
(983, 'behavior_definition', 56, 'cn', ''),
(984, 'behavior_definition', 56, 'en', ''),
(985, 'behavior_definition', 57, 'tw', '願意提供實質的、詳細的指導與諮詢，來幫助組織成員解決工作上的問題。'),
(986, 'behavior_definition', 57, 'cn', ''),
(987, 'behavior_definition', 57, 'en', ''),
(988, 'behavior_definition', 58, 'tw', '對組織成員充分授權，以提升組織成員勇於面對問題與承擔責任的勇氣與能力。'),
(989, 'behavior_definition', 58, 'cn', ''),
(990, 'behavior_definition', 58, 'en', ''),
(991, 'behavior_definition', 59, 'tw', '對於具發展潛力的人才，能給予具挑戰性的工作，並幫助其建立信心、做好未來職涯發展規劃。'),
(992, 'behavior_definition', 59, 'cn', ''),
(993, 'behavior_definition', 59, 'en', ''),
(994, 'behavior_definition', 60, 'tw', '能將個人專業知識、工作和管理經驗，做有系統的整理與分享，提供部屬學習與參考。'),
(995, 'behavior_definition', 60, 'cn', ''),
(996, 'behavior_definition', 60, 'en', ''),
(997, 'competency_definition', 74, 'tw', '依據公司策略發展需求，訂定部門/單位的短中長期目標，做為部門/單位努力的方向。'),
(998, 'competency_definition', 74, 'cn', ''),
(999, 'competency_definition', 74, 'en', ''),
(1000, 'competency_definition', 75, 'tw', '能辨識任務的優先等級，擬訂縝密的行動計畫，有效安排所需的人力與資源，建立系統的工作方法與步驟，以確保有效達成既定目標。'),
(1001, 'competency_definition', 75, 'cn', ''),
(1002, 'competency_definition', 75, 'en', ''),
(1003, 'competency_definition', 76, 'tw', '能塑造明確的團隊文化及瞭解個別成員的能力和特性，運用適當、具彈性的互動模式，激勵及指引團隊成功的完成任務。'),
(1004, 'competency_definition', 76, 'cn', ''),
(1005, 'competency_definition', 76, 'en', ''),
(1006, 'competency_definition', 77, 'tw', '能運用策略及技巧，促成他人與己互動，並能設法影響及說服他人接受自己的想法、採取行動或促進目標的達成。'),
(1007, 'competency_definition', 77, 'cn', ''),
(1008, 'competency_definition', 77, 'en', ''),
(1009, 'competency_definition', 78, 'tw', '對於預定的工作計畫或上司交辦的事項，能意識到時間的急迫性，在既定的時間內迅速、有效的加以完成，以達成預定的工作目標。'),
(1010, 'competency_definition', 78, 'cn', ''),
(1011, 'competency_definition', 78, 'en', ''),
(1012, 'competency_definition', 79, 'tw', '遇到問題時，能蒐集決策所需的資訊進行分析思考，依據決策標準考量相關影響，選擇合適、有效的方案加以執行。'),
(1013, 'competency_definition', 79, 'cn', ''),
(1014, 'competency_definition', 79, 'en', ''),
(1015, 'competency_definition', 80, 'tw', '能依單位工作或專案任務預先擬定良好的執行步驟、時程進度與應變方案，並事先協調整合所需資源，以確保任務順利完成。'),
(1016, 'competency_definition', 80, 'cn', ''),
(1017, 'competency_definition', 80, 'en', ''),
(1018, 'competency_definition', 81, 'tw', '在工作執行過程中，能帶領團隊成員透過彼此的互信、分工合作、和支援協調等，共同解決工作上所發生的問題，並達成團隊的目標。'),
(1019, 'competency_definition', 81, 'cn', ''),
(1020, 'competency_definition', 81, 'en', ''),
(1021, 'competency_definition', 82, 'tw', '能視談話對象調整溝通方式，有條理的清楚表達想法，並正確解讀與回應他人所傳達的訊息。'),
(1022, 'competency_definition', 82, 'cn', ''),
(1023, 'competency_definition', 82, 'en', ''),
(1024, 'competency_definition', 83, 'tw', '運用組織各種相關資源，透過一定的作業程序，將計畫或任務有效落實，當過程中出現異常時，能彈性做出調整、排除障礙，達成單位既定的目標。'),
(1025, 'competency_definition', 83, 'cn', ''),
(1026, 'competency_definition', 83, 'en', ''),
(1027, 'competency_definition', 84, 'tw', '能發掘單位執行任務時的問題點，針對發生障礙的原因擬定對策，找出排除困難的執行方法。'),
(1028, 'competency_definition', 84, 'cn', ''),
(1029, 'competency_definition', 84, 'en', ''),
(1030, 'competency_model_definition', 41, 'tw', 'aaaaaaa'),
(1031, 'competency_model_definition', 41, 'cn', ''),
(1032, 'competency_model_definition', 41, 'en', ''),
(1033, 'competency_model_definition', 42, 'tw', '財務專業職能模型 for Demo'),
(1034, 'competency_model_definition', 42, 'cn', '财务专业职能模型 For Demo'),
(1035, 'competency_model_definition', 42, 'en', ''),
(1036, 'competency_definition', 85, 'tw', '能快速了解交易事實並靈活操作資訊系統以快速及正確的提供財務報表並能於閱讀分析後提供有效的經營資訊。'),
(1037, 'competency_definition', 85, 'cn', ''),
(1038, 'competency_definition', 85, 'en', ''),
(1039, 'competency_definition', 86, 'tw', '能快速了解交易事實並靈活操作資訊系統以快速及正確的提供財務報表並能於閱讀分析後提供有效的經營資訊。'),
(1040, 'competency_definition', 86, 'cn', ''),
(1041, 'competency_definition', 86, 'en', ''),
(1042, 'competency_definition', 87, 'tw', '針對帳務、稅務問題能有發現問題、解決問題的能力，並可透過問題分析以進行工作改善及流程合理化，以提升部門績效。'),
(1043, 'competency_definition', 87, 'cn', ''),
(1044, 'competency_definition', 87, 'en', ''),
(1045, 'competency_definition', 88, 'tw', '能依據交易行為規劃及執行合宜的內控、內稽制度，以確保公司權益。'),
(1046, 'competency_definition', 88, 'cn', ''),
(1047, 'competency_definition', 88, 'en', ''),
(1048, 'competency_definition', 89, 'tw', '有效溝通部門間的運作，以順利推動(規劃.展開)及控制專案進度。'),
(1049, 'competency_definition', 89, 'cn', ''),
(1050, 'competency_definition', 89, 'en', ''),
(1051, 'competency_definition', 90, 'tw', '能以正確的方法、專業的水準來規劃執行財稅相關政策制度。'),
(1052, 'competency_definition', 90, 'cn', ''),
(1053, 'competency_definition', 90, 'en', ''),
(1054, 'ability_def', 10, 'tw', '公司經營交易(產品.通路習性)流程的了解。'),
(1055, 'ability_def', 10, 'cn', ''),
(1056, 'ability_def', 10, 'en', ''),
(1057, 'ability_def', 11, 'tw', '基本經營管理知識(折讓率,邊際貢獻,價量差..等)'),
(1058, 'ability_def', 11, 'cn', ''),
(1059, 'ability_def', 11, 'en', ''),
(1060, 'ability_def', 12, 'tw', '資訊系統操作能力(EIS) '),
(1061, 'ability_def', 12, 'cn', ''),
(1062, 'ability_def', 12, 'en', ''),
(1063, 'ability_def', 13, 'tw', '基本報表彙編能力'),
(1064, 'ability_def', 13, 'cn', ''),
(1065, 'ability_def', 13, 'en', ''),
(1066, 'ability_def', 14, 'tw', '財務管理報表擬定原則規劃能力'),
(1067, 'ability_def', 14, 'cn', ''),
(1068, 'ability_def', 14, 'en', ''),
(1069, 'ability_def', 15, 'tw', '財務報表分析知識'),
(1070, 'ability_def', 15, 'cn', ''),
(1071, 'ability_def', 15, 'en', ''),
(1072, 'ability_def', 16, 'tw', '能審查財務報表.判斷問題點'),
(1073, 'ability_def', 16, 'cn', ''),
(1074, 'ability_def', 16, 'en', ''),
(1075, 'ability_def', 17, 'tw', '能透過財報解析.提出經營改善方向'),
(1076, 'ability_def', 17, 'cn', ''),
(1077, 'ability_def', 17, 'en', ''),
(1078, 'ability_def', 18, 'tw', '推動各部門經營改善'),
(1079, 'ability_def', 18, 'cn', ''),
(1080, 'ability_def', 18, 'en', ''),
(1081, 'ability_def', 19, 'tw', '具財務目標擬定能力'),
(1082, 'ability_def', 19, 'cn', ''),
(1083, 'ability_def', 19, 'en', ''),
(1084, 'ability_def', 20, 'tw', '具財務目標執行及追蹤改善能力'),
(1085, 'ability_def', 20, 'cn', ''),
(1086, 'ability_def', 20, 'en', ''),
(1087, 'ability_def', 21, 'tw', '具財務預警能力'),
(1088, 'ability_def', 21, 'cn', ''),
(1089, 'ability_def', 21, 'en', ''),
(1090, 'ability_def', 22, 'tw', '熟悉作業標準流程'),
(1091, 'ability_def', 22, 'cn', ''),
(1092, 'ability_def', 22, 'en', ''),
(1093, 'ability_def', 23, 'tw', '初會觀念知識 '),
(1094, 'ability_def', 23, 'cn', ''),
(1095, 'ability_def', 23, 'en', ''),
(1096, 'ability_def', 24, 'tw', '熟悉基本資訊系統操作'),
(1097, 'ability_def', 24, 'cn', ''),
(1098, 'ability_def', 24, 'en', ''),
(1099, 'ability_def', 25, 'tw', '會計實務運用'),
(1100, 'ability_def', 25, 'cn', ''),
(1101, 'ability_def', 25, 'en', ''),
(1102, 'ability_def', 26, 'tw', '資訊工具連結實務運用'),
(1103, 'ability_def', 26, 'cn', ''),
(1104, 'ability_def', 26, 'en', ''),
(1105, 'ability_def', 27, 'tw', '具備初級會計知識'),
(1106, 'ability_def', 27, 'cn', ''),
(1107, 'ability_def', 27, 'en', ''),
(1108, 'ability_def', 28, 'tw', '具備中級會計及成本會計知識'),
(1109, 'ability_def', 28, 'cn', ''),
(1110, 'ability_def', 28, 'en', ''),
(1111, 'ability_def', 29, 'tw', '具備管理會計知識 '),
(1112, 'ability_def', 29, 'cn', ''),
(1113, 'ability_def', 29, 'en', ''),
(1114, 'ability_def', 30, 'tw', '具備各項稅法知識'),
(1115, 'ability_def', 30, 'cn', ''),
(1116, 'ability_def', 30, 'en', ''),
(1117, 'ability_def', 31, 'tw', '具備票據法相關知識'),
(1118, 'ability_def', 31, 'cn', ''),
(1119, 'ability_def', 31, 'en', ''),
(1120, 'ability_def', 32, 'tw', '獨立解決問題,作出決策'),
(1121, 'ability_def', 32, 'cn', ''),
(1122, 'ability_def', 32, 'en', ''),
(1123, 'ability_def', 33, 'tw', '了解各項稅務規劃方式'),
(1124, 'ability_def', 33, 'cn', ''),
(1125, 'ability_def', 33, 'en', ''),
(1126, 'ability_def', 34, 'tw', '公司交易流程熟悉並整合能力'),
(1127, 'ability_def', 34, 'cn', ''),
(1128, 'ability_def', 34, 'en', ''),
(1129, 'ability_def', 35, 'tw', '對最新政策法規能解讀,分析進而建議因應對策'),
(1130, 'ability_def', 35, 'cn', ''),
(1131, 'ability_def', 35, 'en', ''),
(1132, 'ability_def', 36, 'tw', '與國稅局溝通協調及談判能力'),
(1133, 'ability_def', 36, 'cn', ''),
(1134, 'ability_def', 36, 'en', ''),
(1135, 'ability_def', 37, 'tw', '簡化改善流程提高效率與正確性'),
(1136, 'ability_def', 37, 'cn', ''),
(1137, 'ability_def', 37, 'en', ''),
(1138, 'ability_def', 38, 'tw', '協助指導團隊會計實務'),
(1139, 'ability_def', 38, 'cn', ''),
(1140, 'ability_def', 38, 'en', ''),
(1141, 'ability_def', 39, 'tw', '提出系統改善提升效率'),
(1142, 'ability_def', 39, 'cn', ''),
(1143, 'ability_def', 39, 'en', ''),
(1144, 'ability_def', 40, 'tw', '合法節稅的實務操作'),
(1145, 'ability_def', 40, 'cn', ''),
(1146, 'ability_def', 40, 'en', ''),
(1147, 'ability_def', 41, 'tw', '作業時程及管控人員安排'),
(1148, 'ability_def', 41, 'cn', ''),
(1149, 'ability_def', 41, 'en', ''),
(1150, 'ability_def', 42, 'tw', '流程規劃能力'),
(1151, 'ability_def', 42, 'cn', ''),
(1152, 'ability_def', 42, 'en', ''),
(1153, 'ability_def', 43, 'tw', '財務規劃能力'),
(1154, 'ability_def', 43, 'cn', ''),
(1155, 'ability_def', 43, 'en', ''),
(1156, 'ability_def', 44, 'tw', '熟悉內稽實務觀念'),
(1157, 'ability_def', 44, 'cn', ''),
(1158, 'ability_def', 44, 'en', ''),
(1159, 'ability_def', 45, 'tw', '熟悉公司交易流程及制度規章'),
(1160, 'ability_def', 45, 'cn', ''),
(1161, 'ability_def', 45, 'en', ''),
(1162, 'ability_def', 46, 'tw', '熟悉內控制度規範'),
(1163, 'ability_def', 46, 'cn', ''),
(1164, 'ability_def', 46, 'en', ''),
(1165, 'ability_def', 47, 'tw', '熟悉勞基法'),
(1166, 'ability_def', 47, 'cn', ''),
(1167, 'ability_def', 47, 'en', ''),
(1168, 'ability_def', 48, 'tw', '可清楚陳述作業程序'),
(1169, 'ability_def', 48, 'cn', ''),
(1170, 'ability_def', 48, 'en', ''),
(1171, 'ability_def', 49, 'tw', '熟悉公司法'),
(1172, 'ability_def', 49, 'cn', ''),
(1173, 'ability_def', 49, 'en', ''),
(1174, 'ability_def', 50, 'tw', '內稽異常問題流程發現能力'),
(1175, 'ability_def', 50, 'cn', ''),
(1176, 'ability_def', 50, 'en', ''),
(1177, 'ability_def', 51, 'tw', '分析內控風險與評估'),
(1178, 'ability_def', 51, 'cn', ''),
(1179, 'ability_def', 51, 'en', ''),
(1180, 'ability_def', 52, 'tw', '改善提升內稽流程'),
(1181, 'ability_def', 52, 'cn', ''),
(1182, 'ability_def', 52, 'en', ''),
(1183, 'ability_def', 53, 'tw', '風險管理提出有效內控改善'),
(1184, 'ability_def', 53, 'cn', ''),
(1185, 'ability_def', 53, 'en', ''),
(1186, 'ability_def', 54, 'tw', '規劃控制及制度改善'),
(1187, 'ability_def', 54, 'cn', ''),
(1188, 'ability_def', 54, 'en', ''),
(1189, 'ability_def', 55, 'tw', '持續評估並提升內控有效性'),
(1190, 'ability_def', 55, 'cn', ''),
(1191, 'ability_def', 55, 'en', ''),
(1192, 'ability_def', 56, 'tw', '對專案提案內容熟悉'),
(1193, 'ability_def', 56, 'cn', ''),
(1194, 'ability_def', 56, 'en', ''),
(1195, 'ability_def', 57, 'tw', '對專案計晝方向了解'),
(1196, 'ability_def', 57, 'cn', ''),
(1197, 'ability_def', 57, 'en', ''),
(1198, 'ability_def', 58, 'tw', '對提案內容定義問題需求及設定目標範疇的能力'),
(1199, 'ability_def', 58, 'cn', ''),
(1200, 'ability_def', 58, 'en', ''),
(1201, 'ability_def', 59, 'tw', '對組織運作及成員能力的了解'),
(1202, 'ability_def', 59, 'cn', ''),
(1203, 'ability_def', 59, 'en', ''),
(1204, 'ability_def', 60, 'tw', '對專案計劃之整合及規劃“人、事、時、地、物、財”之能力'),
(1205, 'ability_def', 60, 'cn', ''),
(1206, 'ability_def', 60, 'en', ''),
(1207, 'ability_def', 61, 'tw', '對專案執行能力產出工作任務各階段及最終實際成果的能力'),
(1208, 'ability_def', 61, 'cn', ''),
(1209, 'ability_def', 61, 'en', ''),
(1210, 'ability_def', 62, 'tw', '對專案控管之追蹤、查核、記錄、分析、報告、及更正的能力'),
(1211, 'ability_def', 62, 'cn', ''),
(1212, 'ability_def', 62, 'en', ''),
(1213, 'ability_def', 63, 'tw', '對專案結案之驗收、檢討、改善各階段及最終成果的能力'),
(1214, 'ability_def', 63, 'cn', ''),
(1215, 'ability_def', 63, 'en', ''),
(1216, 'ability_def', 64, 'tw', '規劃專案管理能力有效地掌控工作任務的「範疇」、「時間」、「預算」、「資源」、「品質」、「風險」、「團隊」、「溝通」等重要活動元素，有效的產出最佳的績效成果'),
(1217, 'ability_def', 64, 'cn', ''),
(1218, 'ability_def', 64, 'en', ''),
(1219, 'ability_def', 65, 'tw', '具最新政策法規的蒐集能力'),
(1220, 'ability_def', 65, 'cn', ''),
(1221, 'ability_def', 65, 'en', ''),
(1222, 'ability_def', 66, 'tw', '票據法'),
(1223, 'ability_def', 66, 'cn', ''),
(1224, 'ability_def', 66, 'en', ''),
(1225, 'ability_def', 67, 'tw', '金融相關知識'),
(1226, 'ability_def', 67, 'cn', ''),
(1227, 'ability_def', 67, 'en', ''),
(1228, 'ability_def', 68, 'tw', '各項投資商品知識'),
(1229, 'ability_def', 68, 'cn', ''),
(1230, 'ability_def', 68, 'en', ''),
(1231, 'ability_def', 69, 'tw', '銀行及財經知識'),
(1232, 'ability_def', 69, 'cn', ''),
(1233, 'ability_def', 69, 'en', ''),
(1234, 'ability_def', 70, 'tw', '具備金融相關知識'),
(1235, 'ability_def', 70, 'cn', ''),
(1236, 'ability_def', 70, 'en', ''),
(1237, 'ability_def', 71, 'tw', '投資理財商品的操作'),
(1238, 'ability_def', 71, 'cn', ''),
(1239, 'ability_def', 71, 'en', ''),
(1240, 'ability_def', 72, 'tw', '銀行實務操作'),
(1241, 'ability_def', 72, 'cn', ''),
(1242, 'ability_def', 72, 'en', ''),
(1243, 'ability_def', 73, 'tw', '對最新政策法規能解讀,分析進而建議因應對策'),
(1244, 'ability_def', 73, 'cn', ''),
(1245, 'ability_def', 73, 'en', ''),
(1246, 'ability_def', 74, 'tw', '稅務規劃能力'),
(1247, 'ability_def', 74, 'cn', ''),
(1248, 'ability_def', 74, 'en', ''),
(1249, 'ability_def', 75, 'tw', '資金規劃能力'),
(1250, 'ability_def', 75, 'cn', ''),
(1251, 'ability_def', 75, 'en', ''),
(1252, 'ability_def', 76, 'tw', '資金風險管理'),
(1253, 'ability_def', 76, 'cn', ''),
(1254, 'ability_def', 76, 'en', ''),
(1255, 'ability_def', 77, 'tw', '規劃財稅相閞政策及制度建立能力'),
(1256, 'ability_def', 77, 'cn', ''),
(1257, 'ability_def', 77, 'en', ''),
(1258, 'group_desc', 1, 'tw', '總經理'),
(1259, 'group_desc', 1, 'cn', ''),
(1260, 'group_desc', 1, 'en', ''),
(1261, 'group_desc', 2, 'tw', '研發部'),
(1262, 'group_desc', 2, 'cn', ''),
(1263, 'group_desc', 2, 'en', ''),
(1264, 'group_desc', 3, 'tw', '業務部'),
(1265, 'group_desc', 3, 'cn', ''),
(1266, 'group_desc', 3, 'en', ''),
(1267, 'group_desc', 4, 'tw', '市場部'),
(1268, 'group_desc', 4, 'cn', ''),
(1269, 'group_desc', 4, 'en', ''),
(1270, 'group_desc', 5, 'tw', '顧問群'),
(1271, 'group_desc', 5, 'cn', ''),
(1272, 'group_desc', 5, 'en', ''),
(1273, 'group_desc', 6, 'tw', '職能組'),
(1274, 'group_desc', 6, 'cn', ''),
(1275, 'group_desc', 6, 'en', ''),
(1276, 'group_desc', 7, 'tw', '學習組'),
(1277, 'group_desc', 7, 'cn', ''),
(1278, 'group_desc', 7, 'en', ''),
(1279, 'competency_dic_definition', 1, 'tw', '核1核1'),
(1280, 'competency_dic_definition', 1, 'cn', '核1核1'),
(1281, 'competency_dic_definition', 1, 'en', '核1核1'),
(1282, 'competency_dic_definition', 3, 'tw', '核2'),
(1283, 'competency_dic_definition', 3, 'cn', ''),
(1284, 'competency_dic_definition', 3, 'en', ''),
(1285, 'competency_dic_definition', 4, 'tw', '核3'),
(1286, 'competency_dic_definition', 4, 'cn', ''),
(1287, 'competency_dic_definition', 4, 'en', ''),
(1288, 'competency_dic_definition', 2, 'tw', '核4'),
(1289, 'competency_dic_definition', 2, 'cn', ''),
(1290, 'competency_dic_definition', 2, 'en', ''),
(1291, 'course_desc', 55, 'tw', 'Code1'),
(1292, 'course_desc', 55, 'cn', ''),
(1293, 'course_desc', 55, 'en', ''),
(1294, 'course_desc', 56, 'tw', 'Code2'),
(1295, 'course_desc', 56, 'cn', ''),
(1296, 'course_desc', 56, 'en', ''),
(1297, 'competency_dic_definition', 5, 'tw', '3'),
(1298, 'competency_dic_definition', 5, 'cn', ''),
(1299, 'competency_dic_definition', 5, 'en', ''),
(1300, 'course_desc', 57, 'tw', '言牛目牛言言牛目牛言土日革土人日'),
(1301, 'course_desc', 57, 'cn', ''),
(1302, 'course_desc', 57, 'en', ''),
(1337, 'competency_model_definition', 44, 'cn', ''),
(1336, 'competency_model_definition', 44, 'tw', 'TEST2'),
(1335, 'competency_model_definition', 43, 'en', 'English'),
(1334, 'competency_model_definition', 43, 'cn', '中文'),
(1333, 'competency_model_definition', 43, 'tw', 'TEST'),
(1332, 'competency_dic_definition', 21, 'en', '管理職能B'),
(1331, 'competency_dic_definition', 21, 'cn', '管理職能B'),
(1330, 'competency_dic_definition', 21, 'tw', '管理職能B'),
(1329, 'competency_dic_definition', 20, 'en', '管理職能A'),
(1328, 'competency_dic_definition', 20, 'cn', '管理職能A'),
(1327, 'competency_dic_definition', 20, 'tw', '管理職能A'),
(1326, 'competency_dic_definition', 19, 'en', 'Core Competency desc-B'),
(1325, 'competency_dic_definition', 19, 'cn', '核心职能解釋-B'),
(1324, 'competency_dic_definition', 19, 'tw', '核心職能解釋-B'),
(1323, 'competency_dic_definition', 18, 'en', 'Core Competency desc'),
(1322, 'competency_dic_definition', 18, 'cn', '核心职能解釋'),
(1321, 'competency_dic_definition', 18, 'tw', '核心職能解釋'),
(1338, 'competency_model_definition', 44, 'en', ''),
(1339, 'competency_definition', 91, 'tw', '核心模型下的職能A'),
(1340, 'competency_definition', 91, 'cn', ''),
(1341, 'competency_definition', 91, 'en', ''),
(1342, 'competency_definition', 92, 'tw', '核心模型下的職能B'),
(1343, 'competency_definition', 92, 'cn', ''),
(1344, 'competency_definition', 92, 'en', ''),
(1345, 'competency_definition', 93, 'tw', 'C'),
(1346, 'competency_definition', 93, 'cn', ''),
(1347, 'competency_definition', 93, 'en', ''),
(1348, 'behavior_definition', 61, 'tw', '關鍵行為描述1'),
(1349, 'behavior_definition', 61, 'cn', '關鍵行為描述1'),
(1350, 'behavior_definition', 61, 'en', '關鍵行為描述1'),
(1351, 'behavior_definition', 62, 'tw', '關鍵行為描述2'),
(1352, 'behavior_definition', 62, 'cn', '關鍵行為描述2'),
(1353, 'behavior_definition', 62, 'en', '關鍵行為描述2'),
(1354, 'behavior_definition', 63, 'tw', '關鍵行為描述3'),
(1355, 'behavior_definition', 63, 'cn', '關鍵行為描述3'),
(1356, 'behavior_definition', 63, 'en', '關鍵行為描述3'),
(1357, 'competency_definition', 94, 'tw', '核心職能核心職能'),
(1358, 'competency_definition', 94, 'cn', ''),
(1359, 'competency_definition', 94, 'en', ''),
(1360, 'competency_model_definition', 45, 'tw', '職能模型定義'),
(1361, 'competency_model_definition', 45, 'cn', '简体中文'),
(1362, 'competency_model_definition', 45, 'en', 'English'),
(1363, 'b_evalu_table_desc', 4, 'tw', ''),
(1364, 'b_evalu_table_desc', 4, 'cn', ''),
(1365, 'b_evalu_table_desc', 4, 'en', ''),
(1366, 'b_evalu_table_desc', 0, 'tw', ''),
(1367, 'b_evalu_table_desc', 0, 'cn', ''),
(1368, 'b_evalu_table_desc', 0, 'en', ''),
(1369, 'b_evalu_table_desc', 0, 'tw', ''),
(1370, 'b_evalu_table_desc', 0, 'cn', ''),
(1371, 'b_evalu_table_desc', 0, 'en', ''),
(1372, 'b_evalu_table_desc', 0, 'tw', ''),
(1373, 'b_evalu_table_desc', 0, 'cn', ''),
(1374, 'b_evalu_table_desc', 0, 'en', ''),
(1375, 'b_evalu_table_desc', 0, 'tw', ''),
(1376, 'b_evalu_table_desc', 0, 'cn', ''),
(1377, 'b_evalu_table_desc', 0, 'en', ''),
(1378, 'b_evalu_table_desc', 5, 'tw', ''),
(1379, 'b_evalu_table_desc', 5, 'cn', ''),
(1380, 'b_evalu_table_desc', 5, 'en', ''),
(1381, 'b_evalu_table_desc', 6, 'tw', ''),
(1382, 'b_evalu_table_desc', 6, 'cn', ''),
(1383, 'b_evalu_table_desc', 6, 'en', ''),
(1384, 'b_evalu_table_desc', 7, 'tw', ''),
(1385, 'b_evalu_table_desc', 7, 'cn', ''),
(1386, 'b_evalu_table_desc', 7, 'en', ''),
(1387, 'b_evalu_table_desc', 8, 'tw', ''),
(1388, 'b_evalu_table_desc', 8, 'cn', ''),
(1389, 'b_evalu_table_desc', 8, 'en', ''),
(1390, 'training_method', 20, 'tw', 'A'),
(1391, 'training_method', 20, 'cn', 'A'),
(1392, 'training_method', 20, 'en', 'A'),
(1393, 'course_desc', 58, 'tw', 'C'),
(1394, 'course_desc', 58, 'cn', 'C'),
(1395, 'course_desc', 58, 'en', 'C'),
(1396, 'training_material', 18, 'tw', 'x'),
(1397, 'training_material', 18, 'cn', ''),
(1398, 'training_material', 18, 'en', ''),
(1399, 'training_material', 58, 'tw', '培訓教材：A'),
(1400, 'training_material', 58, 'cn', '培訓教材：B'),
(1401, 'training_material', 58, 'en', '培訓教材：C'),
(1402, 'training_method', 21, 'tw', 'AA培訓方法：	'),
(1403, 'training_method', 21, 'cn', '培訓方法：	'),
(1404, 'training_method', 21, 'en', '培訓方法：	'),
(1405, 'training-course_type', 21, 'tw', '課程類型：'),
(1406, 'training-course_type', 21, 'cn', '課程類型：'),
(1407, 'training-course_type', 21, 'en', '課程類型：'),
(1408, 'competency_dic_definition', 22, 'tw', ''),
(1409, 'competency_dic_definition', 22, 'cn', ''),
(1410, 'competency_dic_definition', 22, 'en', ''),
(1411, 'competency_model_definition', 46, 'tw', '2014年版童綜合醫院的高層管理職能模型'),
(1412, 'competency_model_definition', 46, 'cn', ''),
(1413, 'competency_model_definition', 46, 'en', ''),
(1414, 'competency_model_definition', 47, 'tw', '2014年版童綜合醫院的中層管理職能模型'),
(1415, 'competency_model_definition', 47, 'cn', ''),
(1416, 'competency_model_definition', 47, 'en', ''),
(1417, 'competency_model_definition', 48, 'tw', '2014年版童綜合醫院的基層管理職能模型'),
(1418, 'competency_model_definition', 48, 'cn', ''),
(1419, 'competency_model_definition', 48, 'en', ''),
(1420, 'competency_definition', 95, 'tw', '能正確同理他人的感受、需要和觀點，並能清楚表達自己的語意讓對方明瞭；以及具備「對上下與同儕進行工作說明，以達成目標結果，協調過程中，能隨時做出適當反應與改善」的能力。'),
(1421, 'competency_definition', 95, 'cn', ''),
(1422, 'competency_definition', 95, 'en', ''),
(1423, 'competency_definition', 96, 'tw', '能與內外部顧客建立並維持友善的關係或聯繫網絡。'),
(1424, 'competency_definition', 96, 'cn', ''),
(1425, 'competency_definition', 96, 'en', ''),
(1426, 'competency_definition', 97, 'tw', '指將顧客的需要視為第一要務；與顧客建立及維持良性的互動關係。'),
(1427, 'competency_definition', 97, 'cn', ''),
(1428, 'competency_definition', 97, 'en', ''),
(1429, 'competency_definition', 98, 'tw', '能夠影響、塑造部門單位或團隊成員正向的態度與行為；能夠激發並引導部門單位或團隊成員達成預定的目標。'),
(1430, 'competency_definition', 98, 'cn', ''),
(1431, 'competency_definition', 98, 'en', ''),
(1432, 'competency_definition', 99, 'tw', '根據醫院願景、現況資源，設定目標，制定醫院發展的決策，規劃系列的行動方案；並能依部屬的能力授予適當權力，清楚說明授權範圍，尊重部屬所做的決策，並適時提供諮詢，以達成醫院的願景與目標。'),
(1433, 'competency_definition', 99, 'cn', ''),
(1434, 'competency_definition', 99, 'en', ''),
(1435, 'competency_definition', 100, 'tw', '能清楚說明團隊目標，提供團隊所需資源與資訊，進行有效分工，促進團隊合作。'),
(1436, 'competency_definition', 100, 'cn', ''),
(1437, 'competency_definition', 100, 'en', ''),
(1438, 'behavior_definition', 64, 'tw', '不預設立場，願意花時間傾聽他人的看法、意見，並能以自身經驗與他人分享以取得共識。'),
(1439, 'behavior_definition', 64, 'cn', ''),
(1440, 'behavior_definition', 64, 'en', ''),
(1441, 'behavior_definition', 65, 'tw', '訊息的傳達能確保對方充分瞭解，並取得雙方的認同。'),
(1442, 'behavior_definition', 65, 'cn', ''),
(1443, 'behavior_definition', 65, 'en', ''),
(1444, 'behavior_definition', 66, 'tw', '能耐心處理、聆聽內外部顧客抱怨，具同理心，不易與人發生衝突。'),
(1445, 'behavior_definition', 66, 'cn', ''),
(1446, 'behavior_definition', 66, 'en', ''),
(1447, 'behavior_definition', 67, 'tw', '懂得忍讓的智慧，並有冷靜處理以避免衝突的能力。'),
(1448, 'behavior_definition', 67, 'cn', ''),
(1449, 'behavior_definition', 67, 'en', '');
INSERT INTO `text` (`term_id`, `term_title`, `depend_on_id`, `term_language`, `text_content`) VALUES
(1450, 'behavior_definition', 68, 'tw', '能以直接溝通來排除問題與障礙，或婉轉誠實的回應他人所傳達的訊息。'),
(1451, 'behavior_definition', 68, 'cn', ''),
(1452, 'behavior_definition', 68, 'en', ''),
(1453, 'behavior_definition', 69, 'tw', '透過不同的機會對內外部顧客，表達自己的友好和善意，能與他人友善和睦的相處。'),
(1454, 'behavior_definition', 69, 'cn', ''),
(1455, 'behavior_definition', 69, 'en', ''),
(1456, 'behavior_definition', 70, 'tw', '會主動關心他人 (部屬/同事) 的近況及需求。'),
(1457, 'behavior_definition', 70, 'cn', ''),
(1458, 'behavior_definition', 70, 'en', ''),
(1459, 'behavior_definition', 71, 'tw', '能運用現有資源建立並維持良好的人際網絡關係。'),
(1460, 'behavior_definition', 71, 'cn', ''),
(1461, 'behavior_definition', 71, 'en', ''),
(1462, 'behavior_definition', 72, 'tw', '遇到困難時，能善用人際網絡有效解決問題。'),
(1463, 'behavior_definition', 72, 'cn', ''),
(1464, 'behavior_definition', 72, 'en', ''),
(1465, 'behavior_definition', 73, 'tw', '願意擔任社團、公學會領導人、理監事等，以培養領導才能及尋求有利於工作推動的人際網絡關係。'),
(1466, 'behavior_definition', 73, 'cn', ''),
(1467, 'behavior_definition', 73, 'en', ''),
(1468, 'behavior_definition', 74, 'tw', '能了解顧客的需求及期望，主動提供服務，以滿足顧客的需求。'),
(1469, 'behavior_definition', 74, 'cn', ''),
(1470, 'behavior_definition', 74, 'en', ''),
(1471, 'behavior_definition', 75, 'tw', '運用人際溝通技巧，以尊重、同理心與顧客建立良好的互動與關係。'),
(1472, 'behavior_definition', 75, 'cn', ''),
(1473, 'behavior_definition', 75, 'en', ''),
(1474, 'behavior_definition', 76, 'tw', '能有效評估顧客的不滿意問題，進行檢討與改善。'),
(1475, 'behavior_definition', 76, 'cn', ''),
(1476, 'behavior_definition', 76, 'en', ''),
(1477, 'behavior_definition', 77, 'tw', '會運用有效的方法來了解、評估病患及其家屬的考量或問題，並能設法滿足病患或家屬的潛在需求。'),
(1478, 'behavior_definition', 77, 'cn', ''),
(1479, 'behavior_definition', 77, 'en', ''),
(1480, 'behavior_definition', 78, 'tw', '能提供滿意的醫療服務，視病猶親，提昇病患或家屬對本院的信任與依賴度。'),
(1481, 'behavior_definition', 78, 'cn', ''),
(1482, 'behavior_definition', 78, 'en', ''),
(1483, 'behavior_definition', 79, 'tw', '會依據事實來行使職權，並對每個成員一視同仁，公平的對待。'),
(1484, 'behavior_definition', 79, 'cn', ''),
(1485, 'behavior_definition', 79, 'en', ''),
(1486, 'behavior_definition', 80, 'tw', '會使用激勵的方法以提昇團隊的士氣或生產力。'),
(1487, 'behavior_definition', 80, 'cn', ''),
(1488, 'behavior_definition', 80, 'en', ''),
(1489, 'behavior_definition', 81, 'tw', '主持會議時，懂得如何讓與會人員的意見相互交流。'),
(1490, 'behavior_definition', 81, 'cn', ''),
(1491, 'behavior_definition', 81, 'en', ''),
(1492, 'behavior_definition', 82, 'tw', '能讓部屬接受領導者的理念、目標或工作分派。'),
(1493, 'behavior_definition', 82, 'cn', ''),
(1494, 'behavior_definition', 82, 'en', ''),
(1495, 'behavior_definition', 83, 'tw', '能建立團隊目標，並帶領部屬完成其工作任務，是個可信賴的領導者。'),
(1496, 'behavior_definition', 83, 'cn', ''),
(1497, 'behavior_definition', 83, 'en', ''),
(1498, 'behavior_definition', 84, 'tw', '能根據現況、資源及醫院價值觀，制定目標、決策，並規劃系列的行動方案。'),
(1499, 'behavior_definition', 84, 'cn', ''),
(1500, 'behavior_definition', 84, 'en', ''),
(1501, 'behavior_definition', 85, 'tw', '能蒐集決策所需資訊，提出各種可能方案，並依據決策標準，考量相關主管、部屬意見，適時選擇有效方案，加以執行。'),
(1502, 'behavior_definition', 85, 'cn', ''),
(1503, 'behavior_definition', 85, 'en', ''),
(1504, 'behavior_definition', 86, 'tw', '能依醫院決策提出方案，並要求所屬單位依據決策標準有效執行，以達成醫院的願景與目標。'),
(1505, 'behavior_definition', 86, 'cn', ''),
(1506, 'behavior_definition', 86, 'en', ''),
(1507, 'behavior_definition', 87, 'tw', '能依部屬的職權範圍授與自我管理的權力，讓他們朝組織目標發展。'),
(1508, 'behavior_definition', 87, 'cn', ''),
(1509, 'behavior_definition', 87, 'en', ''),
(1510, 'behavior_definition', 88, 'tw', '在部屬的授權範圍內，能尊重他人所做的決定，並適時提供諮詢，協助其成長，以達成目標。'),
(1511, 'behavior_definition', 88, 'cn', ''),
(1512, 'behavior_definition', 88, 'en', ''),
(1513, 'behavior_definition', 89, 'tw', '規劃或執行團隊工作時，能從醫院或部門單位的整體利益考量著想。'),
(1514, 'behavior_definition', 89, 'cn', ''),
(1515, 'behavior_definition', 89, 'en', ''),
(1516, 'behavior_definition', 90, 'tw', '能尊重團隊成員意見，支持團隊決定，共同合作達成團隊目標。'),
(1517, 'behavior_definition', 90, 'cn', ''),
(1518, 'behavior_definition', 90, 'en', ''),
(1519, 'behavior_definition', 91, 'tw', '在團隊合作過程中，會主動積極地排除困難，並且提供有益於最後問題解決的方案。'),
(1520, 'behavior_definition', 91, 'cn', ''),
(1521, 'behavior_definition', 91, 'en', ''),
(1522, 'behavior_definition', 92, 'tw', '能視工作需要與其他部門建立良好團隊關係，協同合作，以達成團隊合作的目標。'),
(1523, 'behavior_definition', 92, 'cn', ''),
(1524, 'behavior_definition', 92, 'en', ''),
(1525, 'behavior_definition', 93, 'tw', '能主動提出有助於跨團隊合作衝突的排除或是團隊士氣的激勵方法，以達成組織目標。'),
(1526, 'behavior_definition', 93, 'cn', ''),
(1527, 'behavior_definition', 93, 'en', ''),
(1528, 'competency_definition', 101, 'tw', '能正確同理他人的感受、需要和觀點，並能清楚表達自己的語意讓對方明瞭；以及具備對內、外部顧客的工作說明，以達成團體協作結果的能力。'),
(1529, 'competency_definition', 101, 'cn', ''),
(1530, 'competency_definition', 101, 'en', ''),
(1531, 'competency_definition', 102, 'tw', '能夠運用組織各種相關資源，透過標準作業流程，將策略或計畫有效落實，達到組織既定的目標；有效的管理時間和資源，確保工作有效率的完成。'),
(1532, 'competency_definition', 102, 'cn', ''),
(1533, 'competency_definition', 102, 'en', ''),
(1534, 'competency_definition', 103, 'tw', '整合與管理部屬/同事與自己之間工作關係的互動，並主動維繫與建立對醫院有益的人際網絡。'),
(1535, 'competency_definition', 103, 'cn', ''),
(1536, 'competency_definition', 103, 'en', ''),
(1537, 'competency_definition', 104, 'tw', '能依部屬能力授予適當權力，清楚說明授權範圍，並尊重部屬所做的決定，且適時提供指導。'),
(1538, 'competency_definition', 104, 'cn', ''),
(1539, 'competency_definition', 104, 'en', ''),
(1540, 'competency_definition', 105, 'tw', '蒐集決策所需資訊，提出各種可能方案，依據職權範圍並參酌相關人員意見，適時選擇有效方案，加以執行。'),
(1541, 'competency_definition', 105, 'cn', ''),
(1542, 'competency_definition', 105, 'en', ''),
(1543, 'competency_definition', 106, 'tw', '能蒐集、整合及有效運用不同來源的資料，以統計工具或經驗針對議題進行邏輯性、系統性的分析，以找出決策或問題解決的方案。'),
(1544, 'competency_definition', 106, 'cn', ''),
(1545, 'competency_definition', 106, 'en', ''),
(1546, 'behavior_definition', 94, 'tw', '處事圓融，能視不同狀況調整溝通技巧，以與他人溝通。'),
(1547, 'behavior_definition', 94, 'cn', ''),
(1548, 'behavior_definition', 94, 'en', ''),
(1549, 'behavior_definition', 95, 'tw', '願意花時間傾聽並引導內外部顧客的問題，能耐心處理、回應他人所傳達的訊息，並取得雙方平衡點。'),
(1550, 'behavior_definition', 95, 'cn', ''),
(1551, 'behavior_definition', 95, 'en', ''),
(1552, 'behavior_definition', 96, 'tw', '以同理心與上司、同事、部屬、顧客溝通，並能視談話對象有條理的清楚表達想法。'),
(1553, 'behavior_definition', 96, 'cn', ''),
(1554, 'behavior_definition', 96, 'en', ''),
(1555, 'behavior_definition', 97, 'tw', '跨部門協調時，會主動與該部門主管先行知會說明，達到意見整合，完成共識。'),
(1556, 'behavior_definition', 97, 'cn', ''),
(1557, 'behavior_definition', 97, 'en', ''),
(1558, 'behavior_definition', 98, 'tw', '跨部門協調遇障礙時，會運用上司資源進行協調，以達成雙贏的結果。'),
(1559, 'behavior_definition', 98, 'cn', ''),
(1560, 'behavior_definition', 98, 'en', ''),
(1561, 'behavior_definition', 99, 'tw', '了解醫院各種相關資源與醫院目標之間的關聯，能妥善利用資源，積極辦理與落實醫院各項決策。'),
(1562, 'behavior_definition', 99, 'cn', ''),
(1563, 'behavior_definition', 99, 'en', ''),
(1564, 'behavior_definition', 100, 'tw', '能使部門單位中的人員瞭解執行成功的重要性，注意執行的過程與方法是否達到效率與效益。'),
(1565, 'behavior_definition', 100, 'cn', ''),
(1566, 'behavior_definition', 100, 'en', ''),
(1567, 'behavior_definition', 101, 'tw', '能有效管理時間和資源，確保工作能有效率的完成。'),
(1568, 'behavior_definition', 101, 'cn', ''),
(1569, 'behavior_definition', 101, 'en', ''),
(1570, 'behavior_definition', 102, 'tw', '會檢討工作執行的成效，並找出改善方案持續的改進，讓工作品質或效率都能比上一次更好。'),
(1571, 'behavior_definition', 102, 'cn', ''),
(1572, 'behavior_definition', 102, 'en', ''),
(1573, 'behavior_definition', 103, 'tw', '能確實向所屬單位宣導本院政策，推動政策執行，監督成效，回報成果。'),
(1574, 'behavior_definition', 103, 'cn', ''),
(1575, 'behavior_definition', 103, 'en', ''),
(1576, 'behavior_definition', 104, 'tw', '會花費心思與他人友善的相處，並建立朋友/同事關係。'),
(1577, 'behavior_definition', 104, 'cn', ''),
(1578, 'behavior_definition', 104, 'en', ''),
(1579, 'behavior_definition', 105, 'tw', '願意下班後多與同事或外部顧客聯繫，以建立人際情感。'),
(1580, 'behavior_definition', 105, 'cn', ''),
(1581, 'behavior_definition', 105, 'en', ''),
(1582, 'behavior_definition', 106, 'tw', '能與不同背景的同事和睦共事，建立工作所需的良好人際關係網絡。'),
(1583, 'behavior_definition', 106, 'cn', ''),
(1584, 'behavior_definition', 106, 'en', ''),
(1585, 'behavior_definition', 107, 'tw', '遇到困難時，能主動尋求有益於解決問題的人際關係協助，並有效管理、維繫雙方的長期合作關係。'),
(1586, 'behavior_definition', 107, 'cn', ''),
(1587, 'behavior_definition', 107, 'en', ''),
(1588, 'behavior_definition', 108, 'tw', '願意參與社團、公學會，以建立有益於工作的人際網絡。'),
(1589, 'behavior_definition', 108, 'cn', ''),
(1590, 'behavior_definition', 108, 'en', ''),
(1591, 'behavior_definition', 109, 'tw', '進行授權時，能清楚說明所授予部屬權力的職責與範圍。'),
(1592, 'behavior_definition', 109, 'cn', ''),
(1593, 'behavior_definition', 109, 'en', ''),
(1594, 'behavior_definition', 110, 'tw', '能給予部屬發揮空間，在部屬有問題時，適時指導。'),
(1595, 'behavior_definition', 110, 'cn', ''),
(1596, 'behavior_definition', 110, 'en', ''),
(1597, 'behavior_definition', 111, 'tw', '知人善任，並能依他人能力授與適當權力，以執行任務。'),
(1598, 'behavior_definition', 111, 'cn', ''),
(1599, 'behavior_definition', 111, 'en', ''),
(1600, 'behavior_definition', 112, 'tw', '在授權範圍內，尊重他人所做的決定，並確保他人能完成交付的工作或任務。'),
(1601, 'behavior_definition', 112, 'cn', ''),
(1602, 'behavior_definition', 112, 'en', ''),
(1603, 'behavior_definition', 113, 'tw', '能夠給予員工自我管理的機會，容許其犯錯，協助其成長。'),
(1604, 'behavior_definition', 113, 'cn', ''),
(1605, 'behavior_definition', 113, 'en', ''),
(1606, 'behavior_definition', 114, 'tw', '在職權範圍內進行決策時，會參酌相關人員的意見進行思考規劃。'),
(1607, 'behavior_definition', 114, 'cn', ''),
(1608, 'behavior_definition', 114, 'en', ''),
(1609, 'behavior_definition', 115, 'tw', '能蒐集醫院決策所需的資訊，儘管資源有限，還是可以提出決策的方案。'),
(1610, 'behavior_definition', 115, 'cn', ''),
(1611, 'behavior_definition', 115, 'en', ''),
(1612, 'behavior_definition', 116, 'tw', '在決策規劃時，會依據職權範圍內的決策標準考量，超出權限核准範圍，則會請示上級主管的裁示與支援。'),
(1613, 'behavior_definition', 116, 'cn', ''),
(1614, 'behavior_definition', 116, 'en', ''),
(1615, 'behavior_definition', 117, 'tw', '會比較各個方案需動用的資源 (人力、物力) 與可能的結果後，選擇較適合的方案來執行'),
(1616, 'behavior_definition', 117, 'cn', ''),
(1617, 'behavior_definition', 117, 'en', ''),
(1618, 'behavior_definition', 118, 'tw', '在職權範圍內進行決策時，會考慮到與醫院其他相關專案所產生的關聯性，降低不良的影響關係。'),
(1619, 'behavior_definition', 118, 'cn', ''),
(1620, 'behavior_definition', 118, 'en', ''),
(1621, 'behavior_definition', 119, 'tw', '遇到問題、情境時，能蒐集及有效運用不同來源的資料，逐步探究問題、情境所顯示的意涵，以有系統地將各部分的問題、情境整合起來。'),
(1622, 'behavior_definition', 119, 'cn', ''),
(1623, 'behavior_definition', 119, 'en', ''),
(1624, 'behavior_definition', 120, 'tw', '對於無法數值化的事物，能夠運用本身的洞察力來協助釐清問題、情境的多重關聯性，以找出問題、情境組成部分之間的因果關係。'),
(1625, 'behavior_definition', 120, 'cn', ''),
(1626, 'behavior_definition', 120, 'en', ''),
(1627, 'behavior_definition', 121, 'tw', '能夠列出各種情況的假設條件和限制，分辨問題組成間因素的關聯性，以確立在解決問題程序時的優先順序。'),
(1628, 'behavior_definition', 121, 'cn', ''),
(1629, 'behavior_definition', 121, 'en', ''),
(1630, 'behavior_definition', 122, 'tw', '在面對問題時，能運用統計工具或經驗進行邏輯性的分析，以找出數個方向進行檢討評估。'),
(1631, 'behavior_definition', 122, 'cn', ''),
(1632, 'behavior_definition', 122, 'en', ''),
(1633, 'behavior_definition', 123, 'tw', '能夠用分析技巧找出幾個解決方案，並客觀、有效的評估解決問題方法的效益，以決定最終的解決方案。'),
(1634, 'behavior_definition', 123, 'cn', ''),
(1635, 'behavior_definition', 123, 'en', ''),
(1636, 'competency_definition', 107, 'tw', '有效的運用人力、物力資源，確保在計劃時間內，有效率的完成工作。'),
(1637, 'competency_definition', 107, 'cn', ''),
(1638, 'competency_definition', 107, 'en', ''),
(1639, 'competency_definition', 108, 'tw', '能夠利用不同的媒介或方式，對他人或團體清楚的表達訊息或意見；在表達的過程中，能吸引他人的注意，使他人理解所要表達的重點。'),
(1640, 'competency_definition', 108, 'cn', ''),
(1641, 'competency_definition', 108, 'en', ''),
(1642, 'competency_definition', 109, 'tw', '指有效的管理自己的工作時間及可用資源，以確保工作能如期、如質的有效率完成。'),
(1643, 'competency_definition', 109, 'cn', ''),
(1644, 'competency_definition', 109, 'en', ''),
(1645, 'competency_definition', 110, 'tw', '能與他人通力合作，成為團隊的一份子，彼此互相協助，以解決問題或共同完成目標，而非各自工作或相互競爭。'),
(1646, 'competency_definition', 110, 'cn', ''),
(1647, 'competency_definition', 110, 'en', ''),
(1648, 'competency_definition', 111, 'tw', '指能確認、了解議題或問題的本質，並能比較不同來源的資料，做出可行的方案，以供選擇。'),
(1649, 'competency_definition', 111, 'cn', ''),
(1650, 'competency_definition', 111, 'en', ''),
(1651, 'competency_definition', 112, 'tw', '在行動或制定計劃時，能考量對顧客的影響，主動瞭解內外部顧客的需求，迅速回應，並提供所需服務。'),
(1652, 'competency_definition', 112, 'cn', ''),
(1653, 'competency_definition', 112, 'en', ''),
(1654, 'behavior_definition', 124, 'tw', '能妥善利用人力、物力資源，積極辦理與落實醫院各項決策的進行。'),
(1655, 'behavior_definition', 124, 'cn', ''),
(1656, 'behavior_definition', 124, 'en', ''),
(1657, 'behavior_definition', 125, 'tw', '能確實向所屬單位宣導本院政策，推動政策的執行及成效的管控。'),
(1658, 'behavior_definition', 125, 'cn', ''),
(1659, 'behavior_definition', 125, 'en', ''),
(1660, 'behavior_definition', 126, 'tw', '能按時間表追縱工作進度，在預定時間內完成工作任務。'),
(1661, 'behavior_definition', 126, 'cn', ''),
(1662, 'behavior_definition', 126, 'en', ''),
(1663, 'behavior_definition', 127, 'tw', '注重工作時效，能妥善運用自己的時間與資源，有效管理工作的流程與進度。'),
(1664, 'behavior_definition', 127, 'cn', ''),
(1665, 'behavior_definition', 127, 'en', ''),
(1666, 'behavior_definition', 128, 'tw', '會依任務的不同性質，主動回報主管或夥伴階段性或最終的執行成果。'),
(1667, 'behavior_definition', 128, 'cn', ''),
(1668, 'behavior_definition', 128, 'en', ''),
(1669, 'behavior_definition', 129, 'tw', '在溝通過程中，能清楚的表明此次溝通的目的，會以詢問或重述的方式來確認對方已了解所要表達的訊息。'),
(1670, 'behavior_definition', 129, 'cn', ''),
(1671, 'behavior_definition', 129, 'en', ''),
(1672, 'behavior_definition', 130, 'tw', '能視溝通的對象，採取不同的談話方式 (例如：按邏輯順序或直接重點表明…等)，音量、速度皆適中，並具有抑揚頓挫。'),
(1673, 'behavior_definition', 130, 'cn', ''),
(1674, 'behavior_definition', 130, 'en', ''),
(1675, 'behavior_definition', 131, 'tw', '使用聽者慣用的語言來與對方溝通，並能避免使用對方聽不懂的術語。'),
(1676, 'behavior_definition', 131, 'cn', ''),
(1677, 'behavior_definition', 131, 'en', ''),
(1678, 'behavior_definition', 132, 'tw', '能運用例子、比喻、輔助工具或肢體語言，來吸引對方注意或幫助其溝通理解。'),
(1679, 'behavior_definition', 132, 'cn', ''),
(1680, 'behavior_definition', 132, 'en', ''),
(1681, 'behavior_definition', 133, 'tw', '確保自己了解對方的問題，能尊重不同的意見，並給予適當的回應。'),
(1682, 'behavior_definition', 133, 'cn', ''),
(1683, 'behavior_definition', 133, 'en', ''),
(1684, 'behavior_definition', 134, 'tw', '能清楚分辨事情及任務的輕重緩急，適時調整執行的優先次序。'),
(1685, 'behavior_definition', 134, 'cn', ''),
(1686, 'behavior_definition', 134, 'en', ''),
(1687, 'behavior_definition', 135, 'tw', '能確保所需的器材、物品或文件檔案準備妥當，使得自己或他人的工作能有效的完成。'),
(1688, 'behavior_definition', 135, 'cn', ''),
(1689, 'behavior_definition', 135, 'en', ''),
(1690, 'behavior_definition', 136, 'tw', '能有效分配自己的時間，協調本身與他人的時間表，以避免時間衝突。'),
(1691, 'behavior_definition', 136, 'cn', ''),
(1692, 'behavior_definition', 136, 'en', ''),
(1693, 'behavior_definition', 137, 'tw', '能善用既有資源 (包括可運用的人力、作業流程、相關部門及工具等)，以有效的達成工作結果。'),
(1694, 'behavior_definition', 137, 'cn', ''),
(1695, 'behavior_definition', 137, 'en', ''),
(1696, 'behavior_definition', 138, 'tw', '能協同部屬共同設定目標，適時給予回饋，定時追蹤目標達成的結果。'),
(1697, 'behavior_definition', 138, 'cn', ''),
(1698, 'behavior_definition', 138, 'en', ''),
(1699, 'behavior_definition', 139, 'tw', '願意配合團隊的決議或方案，並依循團隊的決議行動，徹底執行。'),
(1700, 'behavior_definition', 139, 'cn', ''),
(1701, 'behavior_definition', 139, 'en', ''),
(1702, 'behavior_definition', 140, 'tw', '與他人共事時，能與人相處融洽，營造成員間彼此和諧的關係。'),
(1703, 'behavior_definition', 140, 'cn', ''),
(1704, 'behavior_definition', 140, 'en', ''),
(1705, 'behavior_definition', 141, 'tw', '會避免衝突的發生，或避免產生衝突的各種行為，保持互動的關係。'),
(1706, 'behavior_definition', 141, 'cn', ''),
(1707, 'behavior_definition', 141, 'en', ''),
(1708, 'behavior_definition', 142, 'tw', '不固執個人立場，能放下個人利益，配合團隊活動。'),
(1709, 'behavior_definition', 142, 'cn', ''),
(1710, 'behavior_definition', 142, 'en', ''),
(1711, 'behavior_definition', 143, 'tw', '在團隊當中能與他人共事，具備團隊忠誠度。'),
(1712, 'behavior_definition', 143, 'cn', ''),
(1713, 'behavior_definition', 143, 'en', ''),
(1714, 'behavior_definition', 144, 'tw', '能找出工作中面臨的議題或問題，發展並採取必要的行動。'),
(1715, 'behavior_definition', 144, 'cn', ''),
(1716, 'behavior_definition', 144, 'en', ''),
(1717, 'behavior_definition', 145, 'tw', '會搜集並查證資料的正確性，以更了解所面臨的議題或問題 (例如：詢問他人、查閱檔案、報表文件等)。'),
(1718, 'behavior_definition', 145, 'cn', ''),
(1719, 'behavior_definition', 145, 'en', ''),
(1720, 'behavior_definition', 146, 'tw', '會整合不同來源的資料，並從中發現所有資料的相關趨勢、關聯性及因果關係。'),
(1721, 'behavior_definition', 146, 'cn', ''),
(1722, 'behavior_definition', 146, 'en', ''),
(1723, 'behavior_definition', 147, 'tw', '針對自身權限範圍內的問題，發展出多項可行方案/解決方法，以達成最終期望的結果。'),
(1724, 'behavior_definition', 147, 'cn', ''),
(1725, 'behavior_definition', 147, 'en', ''),
(1726, 'behavior_definition', 148, 'tw', '不但能有效的解決問題，還能將解決問題的知識與技巧傳承，做為以後遇到相同狀況時的處理模式。'),
(1727, 'behavior_definition', 148, 'cn', ''),
(1728, 'behavior_definition', 148, 'en', ''),
(1729, 'behavior_definition', 149, 'tw', '能快速回應內外部顧客的問題，即時提供顧客所需的服務。'),
(1730, 'behavior_definition', 149, 'cn', ''),
(1731, 'behavior_definition', 149, 'en', ''),
(1732, 'behavior_definition', 150, 'tw', '對顧客展現服務熱忱，能以自身專業知識有效滿足內外部顧客的需求或解決問題，進而提高顧客滿意度。'),
(1733, 'behavior_definition', 150, 'cn', ''),
(1734, 'behavior_definition', 150, 'en', ''),
(1735, 'behavior_definition', 151, 'tw', '在制訂計劃或日常行為中，能時時為內外部顧客的需求著想，以替醫院維持良好的顧客關係'),
(1736, 'behavior_definition', 151, 'cn', ''),
(1737, 'behavior_definition', 151, 'en', ''),
(1738, 'behavior_definition', 152, 'tw', '能冷靜與鎮定的處理內外部顧客的衝突，並共同尋求解決方案。'),
(1739, 'behavior_definition', 152, 'cn', ''),
(1740, 'behavior_definition', 152, 'en', ''),
(1741, 'behavior_definition', 153, 'tw', '提供內外部顧客所需資訊，協助醫院與顧客建立良好的互動關係。'),
(1742, 'behavior_definition', 153, 'cn', ''),
(1743, 'behavior_definition', 153, 'en', ''),
(1744, 'course_desc', 59, 'tw', '1.清楚的表達、2.如何提問的技巧、3.解決衝突、4.利用溝通來提高個人影響力'),
(1745, 'course_desc', 59, 'cn', ''),
(1746, 'course_desc', 59, 'en', ''),
(1747, 'training_material', 59, 'tw', ''),
(1748, 'training_material', 59, 'cn', ''),
(1749, 'training_material', 59, 'en', ''),
(1750, 'course_desc', 60, 'tw', '1.組織溝通存在的問題、2.人際風格分析在的溝通應用、3.指導員工的溝通技巧、4.	教練式溝通技巧、5.	360度溝通協調法在組織運作的技巧、6.跨部門溝通協調的技巧、7.溝通中的說服技巧、8.如何化解組織間溝通的衝突'),
(1751, 'course_desc', 60, 'cn', ''),
(1752, 'course_desc', 60, 'en', ''),
(1753, 'training_material', 60, 'tw', ''),
(1754, 'training_material', 60, 'cn', ''),
(1755, 'training_material', 60, 'en', ''),
(1756, 'course_desc', 61, 'tw', '1.如何運用溝通技巧對同事表達關懷、2.	如何面對群眾表達善意、3.運用個人公關做好自我行銷、4.	成為人際關係高手的成功心法、5.拓展職場人脈網絡的要訣'),
(1757, 'course_desc', 61, 'cn', ''),
(1758, 'course_desc', 61, 'en', ''),
(1759, 'training_material', 61, 'tw', ''),
(1760, 'training_material', 61, 'cn', ''),
(1761, 'training_material', 61, 'en', ''),
(1762, 'course_desc', 62, 'tw', '1.以人際風格為基礎、2.增強人際互動的方法、3.增強組織人際互動的方法、4.	人際網絡的建立'),
(1763, 'course_desc', 62, 'cn', ''),
(1764, 'course_desc', 62, 'en', ''),
(1765, 'training_material', 62, 'tw', ''),
(1766, 'training_material', 62, 'cn', ''),
(1767, 'training_material', 62, 'en', ''),
(1768, 'course_desc', 63, 'tw', '1.服務稽核與管理、2.顧客滿意度的衡量與分析、3.顧客服務品質管理、4.顧客服務技巧的關鍵\r\n'),
(1769, 'course_desc', 63, 'cn', ''),
(1770, 'course_desc', 63, 'en', ''),
(1771, 'training_material', 63, 'tw', ''),
(1772, 'training_material', 63, 'cn', ''),
(1773, 'training_material', 63, 'en', ''),
(1774, 'course_desc', 64, 'tw', '1.企業「顧客滿意經營」的服務價值、2.顧客滿意經營的文化塑造、3.服務氣氛營造及服務品質建立、4.對顧客服務同理心的培養與運用、5.對顧客服務敏感度的養成、6.服務文化的教導與傳承\r\n'),
(1775, 'course_desc', 64, 'cn', ''),
(1776, 'course_desc', 64, 'en', ''),
(1777, 'training_material', 64, 'tw', ''),
(1778, 'training_material', 64, 'cn', ''),
(1779, 'training_material', 64, 'en', ''),
(1780, 'course_desc', 65, 'tw', '1.	成為一名領導者的所應規避的錯誤觀念。、2.領導的基本特徵與模範。、3.不同情境中，適用的領導風格。、4.自我領導所應遵循的基本原則。、5.影響你的同事，對他們的行為進行修正。、6.建立和諧人際關係的技巧。、7.案例練習(在情境案例中出現了哪一類指導的錯誤)。\r\n'),
(1781, 'course_desc', 65, 'cn', ''),
(1782, 'course_desc', 65, 'en', ''),
(1783, 'training_material', 65, 'tw', ''),
(1784, 'training_material', 65, 'cn', ''),
(1785, 'training_material', 65, 'en', ''),
(1786, 'course_desc', 66, 'tw', '1.以領導代替管理的時代、2.領導力的發揮、3.團隊共識建立與凝聚、4.如何展現獨特的領導能力\r\n'),
(1787, 'course_desc', 66, 'cn', ''),
(1788, 'course_desc', 66, 'en', ''),
(1789, 'training_material', 66, 'tw', ''),
(1790, 'training_material', 66, 'cn', ''),
(1791, 'training_material', 66, 'en', ''),
(1792, 'course_desc', 67, 'tw', '1.澄清目標與選擇方案、2.評估風險及制定決策、3.最適方案選擇分析評核、4.計劃的執行與管控\r\n'),
(1793, 'course_desc', 67, 'cn', ''),
(1794, 'course_desc', 67, 'en', ''),
(1795, 'training_material', 67, 'tw', ''),
(1796, 'training_material', 67, 'cn', ''),
(1797, 'training_material', 67, 'en', ''),
(1798, 'course_desc', 68, 'tw', '1.策略規劃程序、2.組織目標的管理與展開、3.計劃的執行與管控\r\n'),
(1799, 'course_desc', 68, 'cn', ''),
(1800, 'course_desc', 68, 'en', ''),
(1801, 'training_material', 68, 'tw', ''),
(1802, 'training_material', 68, 'cn', ''),
(1803, 'training_material', 68, 'en', ''),
(1804, 'course_desc', 69, 'tw', '1.成功完成目標的意義與價值、2.問題背後的問題－學習用什麽方法來確認問題、3.如何與團隊成員一起設定目標、4.學習用於收集和修改解決方案的工具和方法、5.規劃解決方案的實施步驟練習、6.跨團隊合作執行的管控技巧、7.七個步驟成功完成任務的方法、8.跨團隊合作執行結果的檢視與確認\r\n'),
(1805, 'course_desc', 69, 'cn', ''),
(1806, 'course_desc', 69, 'en', ''),
(1807, 'training_material', 69, 'tw', ''),
(1808, 'training_material', 69, 'cn', ''),
(1809, 'training_material', 69, 'en', ''),
(1810, 'course_desc', 70, 'tw', '1.團隊精神與工作團隊協作能力、2.團隊要件與運作型態、3.團隊領導與共同力量之發揮、4.團隊的共同意志與互動協作方式\r\n'),
(1811, 'course_desc', 70, 'cn', ''),
(1812, 'course_desc', 70, 'en', ''),
(1813, 'training_material', 70, 'tw', ''),
(1814, 'training_material', 70, 'cn', ''),
(1815, 'training_material', 70, 'en', ''),
(1816, 'course_desc', 71, 'tw', '1.口頭上溝通障礙的狀況與原因、2.具有建設性的回饋意見對有效溝通的價值、3.應用開放式溝通的技巧、4.以團隊會議為例，維護開放式溝通的策略、5.傾聽團隊成員表達觀點的技巧、6.對員工提出否定意見回饋的技巧\r\n'),
(1817, 'course_desc', 71, 'cn', ''),
(1818, 'course_desc', 71, 'en', ''),
(1819, 'training_material', 71, 'tw', ''),
(1820, 'training_material', 71, 'cn', ''),
(1821, 'training_material', 71, 'en', ''),
(1822, 'course_desc', 72, 'tw', '1.了解組織的溝通模式、2.跨部門溝通的難處與處理、3.有效組織對話程序與正確訊息傳遞、4.了解組織衝突管理模式、5.人際衝突的點線面、6.衝突管理的策略與化解方法\r\n'),
(1823, 'course_desc', 72, 'cn', ''),
(1824, 'course_desc', 72, 'en', ''),
(1825, 'training_material', 72, 'tw', ''),
(1826, 'training_material', 72, 'cn', ''),
(1827, 'training_material', 72, 'en', ''),
(1828, 'course_desc', 73, 'tw', '1.有效執行力的關鍵因素、2.運用目標引導執行力、3.建立團隊文化以助益執行力的達成、4.改善流程支撐執行力、5.強調控制確保執行力\r\n'),
(1829, 'course_desc', 73, 'cn', ''),
(1830, 'course_desc', 73, 'en', ''),
(1831, 'training_material', 73, 'tw', ''),
(1832, 'training_material', 73, 'cn', ''),
(1833, 'training_material', 73, 'en', ''),
(1834, 'course_desc', 74, 'tw', '1.個人當責：職業人應具備的角色與職責、2.團隊當責:當責的團隊意識建立、3.組織當責：團隊工作執行衝突的解決技巧\r\n'),
(1835, 'course_desc', 74, 'cn', ''),
(1836, 'course_desc', 74, 'en', ''),
(1837, 'training_material', 74, 'tw', ''),
(1838, 'training_material', 74, 'cn', ''),
(1839, 'training_material', 74, 'en', ''),
(1840, 'course_desc', 75, 'tw', '1.表達你對同事關心的方法、2.如何與同事之間建立親密的關係、3.為實現目標，建立信任感的重要性、4.確認能夠贏得同事信任的方法、5.向同事表明你誠懇正直的方式、6.在職場中，採取應付衝突的方法、7.運用互助互惠的關係以達成目標\r\n'),
(1841, 'course_desc', 75, 'cn', ''),
(1842, 'course_desc', 75, 'en', ''),
(1843, 'training_material', 75, 'tw', ''),
(1844, 'training_material', 75, 'cn', ''),
(1845, 'training_material', 75, 'en', ''),
(1846, 'course_desc', 76, 'tw', '1.人際關係的六種型態、2.做個好的表達者、3.傾聽的層次 、4.用心傾聽的技巧 、5.換位思考的關鍵點 、6.「同理心」的應用、7.人際互動的「周哈里窗」、8.五種衝突處理的模式：競爭、遷就、迴避、合作、妥協、9.衝突的解決與預防技巧、10.贏在影響力:人際關係的法則\r\n'),
(1847, 'course_desc', 76, 'cn', ''),
(1848, 'course_desc', 76, 'en', ''),
(1849, 'training_material', 76, 'tw', ''),
(1850, 'training_material', 76, 'cn', ''),
(1851, 'training_material', 76, 'en', ''),
(1852, 'course_desc', 77, 'tw', '1.為什麼要授權、2.準備授權、3.執行授權、4.授權任務的檢視與管控\r\n'),
(1853, 'course_desc', 77, 'cn', ''),
(1854, 'course_desc', 77, 'en', ''),
(1855, 'training_material', 77, 'tw', ''),
(1856, 'training_material', 77, 'cn', ''),
(1857, 'training_material', 77, 'en', ''),
(1858, 'course_desc', 78, 'tw', '1.主管授權的意義、2.主管授權的建立、3.主管授權的流程、4.主管授權與部屬工作投入度的掌握、5.授權與確保工作品質\r\n'),
(1859, 'course_desc', 78, 'cn', ''),
(1860, 'course_desc', 78, 'en', ''),
(1861, 'training_material', 78, 'tw', ''),
(1862, 'training_material', 78, 'cn', ''),
(1863, 'training_material', 78, 'en', ''),
(1864, 'course_desc', 79, 'tw', '1.問題分析與決策應有態度、2.問題三大構面分析與要素、3.提昇決策能力的教戰守則、4.要因與方案分析的決策方法、5.掌握改善目標訂定到執行、6.確保問題有效解決的技巧\r\n'),
(1865, 'course_desc', 79, 'cn', ''),
(1866, 'course_desc', 79, 'en', ''),
(1867, 'training_material', 79, 'tw', ''),
(1868, 'training_material', 79, 'cn', ''),
(1869, 'training_material', 79, 'en', ''),
(1870, 'course_desc', 80, 'tw', '1.問題分析的思考邏輯、、2.問題的層次與管理行為、3.面對問題的態度、4.系統化問題分析與解決架構SPCGAID、5.決策階段的工具應用\r\n'),
(1871, 'course_desc', 80, 'cn', ''),
(1872, 'course_desc', 80, 'en', ''),
(1873, 'training_material', 80, 'tw', ''),
(1874, 'training_material', 80, 'cn', ''),
(1875, 'training_material', 80, 'en', ''),
(1876, 'course_desc', 81, 'tw', '1.問題的認知與界定、2.狀況評估SA (Situation Appraisal)、3.問題分析PA (Problem Analysis)、4.決策分析DA (Decision Analysis)、5.潛在問題/機會分析PPA (Potential Problem/Opportunity Analysis)、6.KT運作程序及運用案例研討\r\n'),
(1877, 'course_desc', 81, 'cn', ''),
(1878, 'course_desc', 81, 'en', ''),
(1879, 'training_material', 81, 'tw', ''),
(1880, 'training_material', 81, 'cn', ''),
(1881, 'training_material', 81, 'en', ''),
(1882, 'course_desc', 82, 'tw', '1.基本的問題思考模式 、2.管理常見的問題 、3.問題解析的步驟（例）：工作問題、4.決策解析與狀況評估、5.問題解析與報告提出\r\n'),
(1883, 'course_desc', 82, 'cn', ''),
(1884, 'course_desc', 82, 'en', ''),
(1885, 'training_material', 82, 'tw', ''),
(1886, 'training_material', 82, 'cn', ''),
(1887, 'training_material', 82, 'en', ''),
(1888, 'course_desc', 83, 'tw', '1.執行力就是競爭力–使命必達、2.執行力的要件與步驟、3.主管達成執行力的三大重要基石、4.戴爾以執行力取勝案例解析\r\n'),
(1889, 'course_desc', 83, 'cn', ''),
(1890, 'course_desc', 83, 'en', ''),
(1891, 'training_material', 83, 'tw', ''),
(1892, 'training_material', 83, 'cn', ''),
(1893, 'training_material', 83, 'en', ''),
(1894, 'course_desc', 84, 'tw', '1.執行力的意義、2.如何讓你的「計劃」發揮影響力以支持執行力、3.如何讓「人事」因素在執行力中發揮最大效益的策略。、4.如何透過員工實踐執行力\r\n'),
(1895, 'course_desc', 84, 'cn', ''),
(1896, 'course_desc', 84, 'en', ''),
(1897, 'training_material', 84, 'tw', ''),
(1898, 'training_material', 84, 'cn', ''),
(1899, 'training_material', 84, 'en', ''),
(1900, 'course_desc', 85, 'tw', '1.建立有效溝通技巧的重要性、2.練習溝通所要傳達的訊息、3.非語言信號的溝通作用說明、4.開放式問題的作用與應用技巧、5.有效的聆聽技巧演練、6.如何進行有效的書面溝通、7.溝通表達的訊息確認與總結\r\n'),
(1901, 'course_desc', 85, 'cn', ''),
(1902, 'course_desc', 85, 'en', ''),
(1903, 'training_material', 85, 'tw', ''),
(1904, 'training_material', 85, 'cn', ''),
(1905, 'training_material', 85, 'en', ''),
(1906, 'course_desc', 86, 'tw', '1.如何與部屬溝通有效達成共識、2.如何面對群眾精準表達、3.如何成為有魅力的說話高手、4.避免緊張和怯場的說話技巧、5.運用個人公關做好自我行銷、6.成為人際關係高手的成功心法、7.拓展職場人脈網絡的要訣\r\n'),
(1907, 'course_desc', 86, 'cn', ''),
(1908, 'course_desc', 86, 'en', ''),
(1909, 'training_material', 86, 'tw', ''),
(1910, 'training_material', 86, 'cn', ''),
(1911, 'training_material', 86, 'en', ''),
(1912, 'course_desc', 87, 'tw', '1.效率與效能、2.釐清你的優先事務、3.計劃你的工作日程、4.有效的安排時間\r\n\r\n'),
(1913, 'course_desc', 87, 'cn', ''),
(1914, 'course_desc', 87, 'en', ''),
(1915, 'training_material', 87, 'tw', ''),
(1916, 'training_material', 87, 'cn', ''),
(1917, 'training_material', 87, 'en', ''),
(1918, 'course_desc', 88, 'tw', '1.目標的擬定:目標管理(MBO)、2.用PDCA做好管理、3.管理的程序、4.追蹤、評估與改善的管理\r\n'),
(1919, 'course_desc', 88, 'cn', ''),
(1920, 'course_desc', 88, 'en', ''),
(1921, 'training_material', 88, 'tw', ''),
(1922, 'training_material', 88, 'cn', ''),
(1923, 'training_material', 88, 'en', ''),
(1924, 'course_desc', 89, 'tw', '1.團體(Group)與團隊(Team)有何不同？、2.團隊合作四大基本要素、3.團隊合作的定義、4.團隊形成的時機、5.團隊形成與發展(Tuckman’s five-stage Model)\r\n'),
(1925, 'course_desc', 89, 'cn', ''),
(1926, 'course_desc', 89, 'en', ''),
(1927, 'training_material', 89, 'tw', ''),
(1928, 'training_material', 89, 'cn', ''),
(1929, 'training_material', 89, 'en', ''),
(1930, 'course_desc', 90, 'tw', '1.為何大多數的團隊無法合作、2.團隊失敗的主要原因、3.團隊合作的衝突、4.團隊合作的思維改變、5.團隊合作的績效表現\r\n'),
(1931, 'course_desc', 90, 'cn', ''),
(1932, 'course_desc', 90, 'en', ''),
(1933, 'training_material', 90, 'tw', ''),
(1934, 'training_material', 90, 'cn', ''),
(1935, 'training_material', 90, 'en', ''),
(1936, 'course_desc', 91, 'tw', '1.問題的定義、2.問題的型態、3.問題解決的思考模式、4.問題分析與解決的程序、5.問題的再發預防、6.案例演練及實作\r\n'),
(1937, 'course_desc', 91, 'cn', ''),
(1938, 'course_desc', 91, 'en', ''),
(1939, 'training_material', 91, 'tw', ''),
(1940, 'training_material', 91, 'cn', ''),
(1941, 'training_material', 91, 'en', ''),
(1942, 'course_desc', 92, 'tw', '1.問題背後的問題研究(QBQ)、2.作業改善技巧研習、3.問題分析與作業研究管理、4.團隊領導與問題解決技巧、5.問題的再發預防、6.問題解決知識管理與傳承指導\r\n'),
(1943, 'course_desc', 92, 'cn', ''),
(1944, 'course_desc', 92, 'en', ''),
(1945, 'training_material', 92, 'tw', ''),
(1946, 'training_material', 92, 'cn', ''),
(1947, 'training_material', 92, 'en', ''),
(1948, 'course_desc', 93, 'tw', '1.成為讓顧客喜歡的人－有效建立親和  感、2.善用肢體語言的表達：展現優質服務行動、3.活用聲音表情的情感張力：發揮服務熱忱感染力、4.成為顧客信賴的人：情感連結/聆聽接納/分享支持、5.掌握關鍵時刻：以客為尊的服務流程、6.顧客需求探詢與引導：掌握與回應顧客的潛在需求、7.發揮自己的服務魅力與影響力\r\n'),
(1949, 'course_desc', 93, 'cn', ''),
(1950, 'course_desc', 93, 'en', ''),
(1951, 'training_material', 93, 'tw', ''),
(1952, 'training_material', 93, 'cn', ''),
(1953, 'training_material', 93, 'en', ''),
(1954, 'course_desc', 94, 'tw', '1.現代顧客的特質與顧客的需求、2.服務人員應具備的態度與原則、3.顧客期待的服務內容、4.顧客溝通的技巧與話術、5.如何接待顧客、6.顧客抱怨的處理技巧、7.感動服務提昇附加價值 \r\n'),
(1955, 'course_desc', 94, 'cn', ''),
(1956, 'course_desc', 94, 'en', ''),
(1957, 'training_material', 94, 'tw', ''),
(1958, 'training_material', 94, 'cn', ''),
(1959, 'training_material', 94, 'en', ''),
(1960, 'b_evalu_table_desc', 9, 'tw', ''),
(1961, 'b_evalu_table_desc', 9, 'cn', ''),
(1962, 'b_evalu_table_desc', 9, 'en', ''),
(1963, 'company_desc', 0, 'tw', ''),
(1964, 'company_desc', 0, 'cn', ''),
(1965, 'company_desc', 0, 'en', ''),
(1966, 'company_desc', 0, 'tw', '台灣中部之名區域級綜合醫院'),
(1967, 'company_desc', 0, 'cn', ''),
(1968, 'company_desc', 0, 'en', '');

-- --------------------------------------------------------

--
-- 資料表格式： `tpl`
--

CREATE TABLE IF NOT EXISTS `tpl` (
  `tpl_id` int(11) NOT NULL AUTO_INCREMENT,
  `tpl_title` varchar(100) NOT NULL,
  `tpl_sender` varchar(100) NOT NULL,
  `tpl_content` text NOT NULL,
  PRIMARY KEY (`tpl_id`)
) ENGINE=MyISAM  DEFAULT CHARSET=utf8 AUTO_INCREMENT=2 ;

--
-- 列出以下資料庫的數據： `tpl`
--

INSERT INTO `tpl` (`tpl_id`, `tpl_title`, `tpl_sender`, `tpl_content`) VALUES
(1, 't', 'te', 's');

-- --------------------------------------------------------

--
-- 資料表格式： `training_material`
--

CREATE TABLE IF NOT EXISTS `training_material` (
  `training_material_id` int(11) NOT NULL AUTO_INCREMENT,
  `competency_level_id` int(11) NOT NULL,
  PRIMARY KEY (`training_material_id`)
) ENGINE=MyISAM  DEFAULT CHARSET=utf8 AUTO_INCREMENT=19 ;

--
-- 列出以下資料庫的數據： `training_material`
--

INSERT INTO `training_material` (`training_material_id`, `competency_level_id`) VALUES
(12, 14),
(13, 14),
(14, 22),
(15, 22),
(16, 22),
(17, 22),
(18, 29);

-- --------------------------------------------------------

--
-- 資料表格式： `training_method`
--

CREATE TABLE IF NOT EXISTS `training_method` (
  `training_method_id` int(11) NOT NULL AUTO_INCREMENT,
  `competency_level_id` int(11) NOT NULL,
  PRIMARY KEY (`training_method_id`)
) ENGINE=MyISAM  DEFAULT CHARSET=utf8 AUTO_INCREMENT=22 ;

--
-- 列出以下資料庫的數據： `training_method`
--

INSERT INTO `training_method` (`training_method_id`, `competency_level_id`) VALUES
(10, 14),
(11, 14),
(12, 14),
(13, 14),
(14, 14),
(15, 14),
(16, 22),
(17, 22),
(18, 22),
(19, 22),
(20, 29),
(21, 30);

-- --------------------------------------------------------

--
-- 資料表格式： `training_teacher`
--

CREATE TABLE IF NOT EXISTS `training_teacher` (
  `training_teacher_id` int(11) NOT NULL AUTO_INCREMENT,
  `competency_level_id` int(11) NOT NULL,
  PRIMARY KEY (`training_teacher_id`)
) ENGINE=MyISAM  DEFAULT CHARSET=utf8 AUTO_INCREMENT=22 ;

--
-- 列出以下資料庫的數據： `training_teacher`
--

INSERT INTO `training_teacher` (`training_teacher_id`, `competency_level_id`) VALUES
(19, 14),
(20, 22),
(21, 22);

-- --------------------------------------------------------

--
-- 資料表格式： `user_power`
--

CREATE TABLE IF NOT EXISTS `user_power` (
  `user_power_id` int(11) NOT NULL AUTO_INCREMENT,
  `user_id` int(11) NOT NULL,
  `power_code` varchar(20) NOT NULL,
  PRIMARY KEY (`user_power_id`)
) ENGINE=MyISAM DEFAULT CHARSET=utf8 AUTO_INCREMENT=1 ;

--
-- 列出以下資料庫的數據： `user_power`
--


-- --------------------------------------------------------

--
-- 資料表格式： `user_profile`
--

CREATE TABLE IF NOT EXISTS `user_profile` (
  `user_id` int(10) unsigned NOT NULL AUTO_INCREMENT,
  `fullName` varchar(10) NOT NULL,
  `user_name_chs` varchar(10) NOT NULL,
  `user_name_eng` varchar(10) DEFAULT NULL,
  `user_mps` varchar(6) NOT NULL,
  `name` varchar(40) NOT NULL,
  `first_name` varchar(20) NOT NULL,
  `last_name` varchar(20) NOT NULL,
  `birth_day` int(10) unsigned NOT NULL,
  `birth_month` int(10) unsigned NOT NULL,
  `birth_year` int(10) unsigned NOT NULL,
  `gender` varchar(10) NOT NULL,
  `job_title` varchar(15) NOT NULL,
  `company_id` int(11) NOT NULL,
  `notes` text NOT NULL,
  `city_code` int(11) NOT NULL,
  `address` varchar(200) NOT NULL,
  `url` text NOT NULL,
  `office_phone` varchar(30) NOT NULL,
  `home_phone` varchar(30) NOT NULL,
  `mobile` varchar(30) NOT NULL,
  `image` varchar(50) NOT NULL,
  `power_type` varchar(5) NOT NULL,
  `account_status` varchar(1) NOT NULL DEFAULT 'T',
  `job_id` int(11) NOT NULL,
  `department_id` int(11) NOT NULL,
  `user_code` varchar(10) NOT NULL,
  `login_count` int(10) unsigned NOT NULL,
  `login_date` datetime NOT NULL,
  PRIMARY KEY (`user_id`)
) ENGINE=InnoDB  DEFAULT CHARSET=utf8 AUTO_INCREMENT=10895 ;

--
-- 列出以下資料庫的數據： `user_profile`
--

INSERT INTO `user_profile` (`user_id`, `fullName`, `user_name_chs`, `user_name_eng`, `user_mps`, `name`, `first_name`, `last_name`, `birth_day`, `birth_month`, `birth_year`, `gender`, `job_title`, `company_id`, `notes`, `city_code`, `address`, `url`, `office_phone`, `home_phone`, `mobile`, `image`, `power_type`, `account_status`, `job_id`, `department_id`, `user_code`, `login_count`, `login_date`) VALUES
(1, '陳志維', '陈志维', 'James Chen', '', '', '', '', 0, 0, 0, '', '', 0, '', 0, '', '', '', '', '', '', 'N', '', 0, 2, '', 0, '0000-00-00 00:00:00'),
(81, '黃瑞芬', '', NULL, '', '', '', '', 0, 0, 0, '', '', 0, '', 0, '', '', '', '', '', '', 'N', 'T', 0, 9, '', 0, '0000-00-00 00:00:00'),
(192, '紀金峰', '', NULL, '', '', '', '', 0, 0, 0, '', '', 0, '', 0, '', '', '', '', '', '', 'N', 'T', 0, 9, '', 0, '0000-00-00 00:00:00'),
(289, '王瓊仙', '', NULL, '', '', '', '', 0, 0, 0, '', '', 0, '', 0, '', '', '', '', '', '', 'N', 'T', 0, 10, '', 0, '0000-00-00 00:00:00'),
(334, '鄭淑珍', '', NULL, '', '', '', '', 0, 0, 0, '', '', 0, '', 0, '', '', '', '', '', '', 'N', 'T', 0, 9, '', 0, '0000-00-00 00:00:00'),
(338, '王雪容', '', NULL, '', '', '', '', 0, 0, 0, '', '', 0, '', 0, '', '', '', '', '', '', 'N', 'T', 0, 9, '', 0, '0000-00-00 00:00:00'),
(341, '蔡彩真', '', NULL, '', '', '', '', 0, 0, 0, '', '', 0, '', 0, '', '', '', '', '', '', 'N', 'T', 0, 9, '', 0, '0000-00-00 00:00:00'),
(347, '陳玉枝', '', NULL, '', '', '', '', 0, 0, 0, '', '', 0, '', 0, '', '', '', '', '', '', 'N', 'T', 0, 9, '', 0, '0000-00-00 00:00:00'),
(349, '鍾孟齡', '', NULL, '', '', '', '', 0, 0, 0, '', '', 0, '', 0, '', '', '', '', '', '', 'N', 'T', 0, 9, '', 0, '0000-00-00 00:00:00'),
(357, '顧秀華', '', NULL, '', '', '', '', 0, 0, 0, '', '', 0, '', 0, '', '', '', '', '', '', 'N', 'T', 0, 9, '', 0, '0000-00-00 00:00:00'),
(402, '李亞倫', '', NULL, '', '', '', '', 0, 0, 0, '', '', 0, '', 0, '', '', '', '', '', '', 'N', 'T', 0, 11, '', 0, '0000-00-00 00:00:00'),
(452, '陳素根', '', NULL, '', '', '', '', 0, 0, 0, '', '', 0, '', 0, '', '', '', '', '', '', 'N', 'T', 0, 9, '', 0, '0000-00-00 00:00:00'),
(463, '陳桂櫻', '', NULL, '', '', '', '', 0, 0, 0, '', '', 0, '', 0, '', '', '', '', '', '', 'N', 'T', 0, 9, '', 0, '0000-00-00 00:00:00'),
(523, '陳昭如', '', NULL, '', '', '', '', 0, 0, 0, '', '', 0, '', 0, '', '', '', '', '', '', 'N', 'T', 0, 9, '', 0, '0000-00-00 00:00:00'),
(568, '謝美智', '', NULL, '', '', '', '', 0, 0, 0, '', '', 0, '', 0, '', '', '', '', '', '', 'N', 'T', 0, 9, '', 0, '0000-00-00 00:00:00'),
(606, '童惠吟', '', NULL, '', '', '', '', 0, 0, 0, '', '', 0, '', 0, '', '', '', '', '', '', 'N', 'T', 0, 9, '', 0, '0000-00-00 00:00:00'),
(628, '盧慧齡', '', NULL, '', '', '', '', 0, 0, 0, '', '', 0, '', 0, '', '', '', '', '', '', 'N', 'T', 0, 9, '', 0, '0000-00-00 00:00:00'),
(638, '康瑞蘭', '', NULL, '', '', '', '', 0, 0, 0, '', '', 0, '', 0, '', '', '', '', '', '', 'N', 'T', 0, 9, '', 0, '0000-00-00 00:00:00'),
(671, '李宜靜', '', NULL, '', '', '', '', 0, 0, 0, '', '', 0, '', 0, '', '', '', '', '', '', 'N', 'T', 0, 9, '', 0, '0000-00-00 00:00:00'),
(944, '陳雅惠', '', NULL, '', '', '', '', 0, 0, 0, '', '', 0, '', 0, '', '', '', '', '', '', 'N', 'T', 0, 9, '', 0, '0000-00-00 00:00:00'),
(1636, '松美慧', '', NULL, '', '', '', '', 0, 0, 0, '', '', 0, '', 0, '', '', '', '', '', '', 'N', 'T', 0, 9, '', 0, '0000-00-00 00:00:00'),
(1816, '卓秀凌', '', NULL, '', '', '', '', 0, 0, 0, '', '', 0, '', 0, '', '', '', '', '', '', 'N', 'T', 0, 9, '', 0, '0000-00-00 00:00:00'),
(1845, '洪芝怡', '', NULL, '', '', '', '', 0, 0, 0, '', '', 0, '', 0, '', '', '', '', '', '', 'N', 'T', 0, 9, '', 0, '0000-00-00 00:00:00'),
(1910, '童于容', '', NULL, '', '', '', '', 0, 0, 0, '', '', 0, '', 0, '', '', '', '', '', '', 'N', 'T', 0, 9, '', 0, '0000-00-00 00:00:00'),
(1919, '蔣淑儀', '', NULL, '', '', '', '', 0, 0, 0, '', '', 0, '', 0, '', '', '', '', '', '', 'N', 'T', 0, 9, '', 0, '0000-00-00 00:00:00'),
(2192, '童士真', '', NULL, '', '', '', '', 0, 0, 0, '', '', 0, '', 0, '', '', '', '', '', '', 'N', 'T', 0, 9, '', 0, '0000-00-00 00:00:00'),
(2202, '曾詩蘋', '', NULL, '', '', '', '', 0, 0, 0, '', '', 0, '', 0, '', '', '', '', '', '', 'N', 'T', 0, 9, '', 0, '0000-00-00 00:00:00'),
(2239, '蕭阿嬌', '', NULL, '', '', '', '', 0, 0, 0, '', '', 0, '', 0, '', '', '', '', '', '', 'N', 'T', 0, 9, '', 0, '0000-00-00 00:00:00'),
(2317, '蔡麗紅', '', NULL, '', '', '', '', 0, 0, 0, '', '', 0, '', 0, '', '', '', '', '', '', 'N', 'T', 0, 9, '', 0, '0000-00-00 00:00:00'),
(2541, '廖莉娃', '', NULL, '', '', '', '', 0, 0, 0, '', '', 0, '', 0, '', '', '', '', '', '', 'N', 'T', 0, 9, '', 0, '0000-00-00 00:00:00'),
(2548, '王仁微', '', NULL, '', '', '', '', 0, 0, 0, '', '', 0, '', 0, '', '', '', '', '', '', 'N', 'T', 0, 9, '', 0, '0000-00-00 00:00:00'),
(2643, '李溶菁', '', NULL, '', '', '', '', 0, 0, 0, '', '', 0, '', 0, '', '', '', '', '', '', 'N', 'T', 0, 9, '', 0, '0000-00-00 00:00:00'),
(2860, '林秀絨', '', NULL, '', '', '', '', 0, 0, 0, '', '', 0, '', 0, '', '', '', '', '', '', 'N', 'T', 0, 9, '', 0, '0000-00-00 00:00:00'),
(2900, '劉如卿', '', NULL, '', '', '', '', 0, 0, 0, '', '', 0, '', 0, '', '', '', '', '', '', 'N', 'T', 0, 9, '', 0, '0000-00-00 00:00:00'),
(3012, '鄭芮昀', '', NULL, '', '', '', '', 0, 0, 0, '', '', 0, '', 0, '', '', '', '', '', '', 'N', 'T', 0, 9, '', 0, '0000-00-00 00:00:00'),
(3085, '陳幸愛', '', NULL, '', '', '', '', 0, 0, 0, '', '', 0, '', 0, '', '', '', '', '', '', 'N', 'T', 0, 9, '', 0, '0000-00-00 00:00:00'),
(3158, '楊惠菁', '', NULL, '', '', '', '', 0, 0, 0, '', '', 0, '', 0, '', '', '', '', '', '', 'N', 'T', 0, 9, '', 0, '0000-00-00 00:00:00'),
(3273, '陳培亮', '', NULL, '', '', '', '', 0, 0, 0, '', '', 0, '', 0, '', '', '', '', '', '', 'N', 'T', 0, 11, '', 0, '0000-00-00 00:00:00'),
(3885, '吳巧朱', '', NULL, '', '', '', '', 0, 0, 0, '', '', 0, '', 0, '', '', '', '', '', '', 'N', 'T', 0, 9, '', 0, '0000-00-00 00:00:00'),
(4047, '王亭方', '', NULL, '', '', '', '', 0, 0, 0, '', '', 0, '', 0, '', '', '', '', '', '', 'N', 'T', 0, 9, '', 0, '0000-00-00 00:00:00'),
(4404, '林羿汝', '', NULL, '', '', '', '', 0, 0, 0, '', '', 0, '', 0, '', '', '', '', '', '', 'N', 'T', 0, 9, '', 0, '0000-00-00 00:00:00'),
(4931, '黃雅雯', '', NULL, '', '', '', '', 0, 0, 0, '', '', 0, '', 0, '', '', '', '', '', '', 'N', 'T', 0, 9, '', 0, '0000-00-00 00:00:00'),
(5184, '蔡宛霖', '', NULL, '', '', '', '', 0, 0, 0, '', '', 0, '', 0, '', '', '', '', '', '', 'N', 'T', 0, 9, '', 0, '0000-00-00 00:00:00'),
(5250, '蔡佩勳', '', NULL, '', '', '', '', 0, 0, 0, '', '', 0, '', 0, '', '', '', '', '', '', 'N', 'T', 0, 9, '', 0, '0000-00-00 00:00:00'),
(5821, '陳慧茹', '', NULL, '', '', '', '', 0, 0, 0, '', '', 0, '', 0, '', '', '', '', '', '', 'N', 'T', 0, 9, '', 0, '0000-00-00 00:00:00'),
(6052, '陳雅玉', '', NULL, '', '', '', '', 0, 0, 0, '', '', 0, '', 0, '', '', '', '', '', '', 'N', 'T', 0, 9, '', 0, '0000-00-00 00:00:00'),
(6230, '楊婉君', '', NULL, '', '', '', '', 0, 0, 0, '', '', 0, '', 0, '', '', '', '', '', '', 'N', 'T', 0, 9, '', 0, '0000-00-00 00:00:00'),
(6600, '張靖梅', '', NULL, '', '', '', '', 0, 0, 0, '', '', 0, '', 0, '', '', '', '', '', '', 'N', 'T', 0, 9, '', 0, '0000-00-00 00:00:00'),
(6857, '張文瑜', '', NULL, '', '', '', '', 0, 0, 0, '', '', 0, '', 0, '', '', '', '', '', '', 'N', 'T', 0, 9, '', 0, '0000-00-00 00:00:00'),
(6961, '黃杏娟', '', NULL, '', '', '', '', 0, 0, 0, '', '', 0, '', 0, '', '', '', '', '', '', 'N', 'T', 0, 9, '', 0, '0000-00-00 00:00:00'),
(7033, '鄧慶華', '', NULL, '', '', '', '', 0, 0, 0, '', '', 0, '', 0, '', '', '', '', '', '', 'N', 'T', 0, 9, '', 0, '0000-00-00 00:00:00'),
(7772, '葉芳如', '', NULL, '', '', '', '', 0, 0, 0, '', '', 0, '', 0, '', '', '', '', '', '', 'N', 'T', 0, 9, '', 0, '0000-00-00 00:00:00'),
(7773, '邊立中', '', NULL, '', '', '', '', 0, 0, 0, '', '', 0, '', 0, '', '', '', '', '', '', 'N', 'T', 0, 9, '', 0, '0000-00-00 00:00:00'),
(7826, '江佩蓉', '', NULL, '', '', '', '', 0, 0, 0, '', '', 0, '', 0, '', '', '', '', '', '', 'N', 'T', 0, 9, '', 0, '0000-00-00 00:00:00'),
(7995, '許弘毅', '', NULL, '', '', '', '', 0, 0, 0, '', '', 0, '', 0, '', '', '', '', '', '', 'N', 'T', 0, 10, '', 0, '0000-00-00 00:00:00'),
(8168, '許瑗玲', '', NULL, '', '', '', '', 0, 0, 0, '', '', 0, '', 0, '', '', '', '', '', '', 'N', 'T', 0, 9, '', 0, '0000-00-00 00:00:00'),
(8328, '溫苗秀', '', NULL, '', '', '', '', 0, 0, 0, '', '', 0, '', 0, '', '', '', '', '', '', 'N', 'T', 0, 9, '', 0, '0000-00-00 00:00:00'),
(8412, '吳佳修', '', NULL, '', '', '', '', 0, 0, 0, '', '', 0, '', 0, '', '', '', '', '', '', 'N', 'T', 0, 9, '', 0, '0000-00-00 00:00:00'),
(10625, '吳家樺', '', NULL, '', '', '', '', 0, 0, 0, '', '', 0, '', 0, '', '', '', '', '', '', 'N', 'T', 0, 9, '', 0, '0000-00-00 00:00:00');

-- --------------------------------------------------------

--
-- 資料表格式： `user_sso`
--

CREATE TABLE IF NOT EXISTS `user_sso` (
  `user_email_id` int(11) NOT NULL AUTO_INCREMENT,
  `user_email` varchar(100) NOT NULL,
  `user_live_id` varchar(20) NOT NULL,
  `user_fb_id` varchar(20) NOT NULL,
  `user_id` int(11) NOT NULL,
  `user_account` varchar(10) NOT NULL,
  `password` varchar(15) NOT NULL,
  PRIMARY KEY (`user_email_id`),
  UNIQUE KEY `user_id` (`user_id`)
) ENGINE=InnoDB  DEFAULT CHARSET=utf8 AUTO_INCREMENT=10689 ;

--
-- 列出以下資料庫的數據： `user_sso`
--

INSERT INTO `user_sso` (`user_email_id`, `user_email`, `user_live_id`, `user_fb_id`, `user_id`, `user_account`, `password`) VALUES
(1, 'james@bhrsp.com', '', '', 1, 'james', '12345'),
(10515, 't0081@ms.sltung.com.tw', '', '', 81, 't0081@ms.s', '76988'),
(10516, 't0463@ms.sltung.com.tw', '', '', 463, 't0463@ms.s', '49125'),
(10517, 't6600@ms.sltung.com.tw', '', '', 6600, 't6600@ms.s', '21992'),
(10518, 't7033@ms.sltung.com.tw', '', '', 7033, 't7033@ms.s', '57056'),
(10519, 't0334@ms.sltung.com.tw', '', '', 334, 't0334@ms.s', '55558'),
(10520, 't0338@ms.sltung.com.tw', '', '', 338, 't0338@ms.s', '62336'),
(10521, 't0341@ms.sltung.com.tw', '', '', 341, 't0341@ms.s', '34270'),
(10522, 't0349@ms.sltung.com.tw', '', '', 349, 't0349@ms.s', '56844'),
(10523, 't0452@ms.sltung.com.tw', '', '', 452, 't0452@ms.s', '51934'),
(10524, 't0523@ms.sltung.com.tw', '', '', 523, 't0523@ms.s', '30144'),
(10525, 't0628@ms.sltung.com.tw', '', '', 628, 't0628@ms.s', '80090'),
(10526, 't0638@ms.sltung.com.tw', '', '', 638, 't0638@ms.s', '61810'),
(10527, 't0671@ms.sltung.com.tw', '', '', 671, 't0671@ms.s', '60048'),
(10528, 't0944@ms.sltung.com.tw', '', '', 944, 't0944@ms.s', '97985'),
(10529, 't1636@ms.sltung.com.tw', '', '', 1636, 't1636@ms.s', '80831'),
(10530, 't1845@ms.sltung.com.tw', '', '', 1845, 't1845@ms.s', '34839'),
(10531, 't1910@ms.sltung.com.tw', '', '', 1910, 't1910@ms.s', '61170'),
(10532, 't2192@ms.sltung.com.tw', '', '', 2192, 't2192@ms.s', '99645'),
(10533, 't2317@ms.sltung.com.tw', '', '', 2317, 't2317@ms.s', '98561'),
(10534, 't2643@ms.sltung.com.tw', '', '', 2643, 't2643@ms.s', '32556'),
(10535, 't2900@ms.sltung.com.tw', '', '', 2900, 't2900@ms.s', '35913'),
(10536, 't4931@ms.sltung.com.tw', '', '', 4931, 't4931@ms.s', '44623'),
(10537, 't6961@ms.sltung.com.tw', '', '', 6961, 't6961@ms.s', '96811'),
(10538, 't7772@ms.sltung.com.tw', '', '', 7772, 't7772@ms.s', '83171'),
(10539, 't7773@ms.sltung.com.tw', '', '', 7773, 't7773@ms.s', '78927'),
(10540, 't7826@ms.sltung.com.tw', '', '', 7826, 't7826@ms.s', '68127'),
(10541, 't0568@ms.sltung.com.tw', '', '', 568, 't0568@ms.s', '87707'),
(10542, 't1919@ms.sltung.com.tw', '', '', 1919, 't1919@ms.s', '98266'),
(10543, 't2202@ms.sltung.com.tw', '', '', 2202, 't2202@ms.s', '80071'),
(10544, 't2541@ms.sltung.com.tw', '', '', 2541, 't2541@ms.s', '89489'),
(10545, 't3012@ms.sltung.com.tw', '', '', 3012, 't3012@ms.s', '43610'),
(10546, 't0289@ms.sltung.com.tw', '', '', 289, 't0289@ms.s', '86353'),
(10547, 't7995@ms.sltung.com.tw', '', '', 7995, 't7995@ms.s', '54692'),
(10548, 't3273@ms.sltung.com.tw', '', '', 3273, 't3273@ms.s', '14871'),
(10549, 't0402@ms.sltung.com.tw', '', '', 402, 't0402@ms.s', '92581'),
(10550, 't3158@ms.sltung.com.tw', '', '', 3158, 't3158@ms.s', '42543'),
(10551, 't8328@ms.sltung.com.tw', '', '', 8328, 't8328@ms.s', '88880'),
(10552, 't5821@ms.sltung.com.tw', '', '', 5821, 't5821@ms.s', '30352'),
(10553, 't2860@ms.sltung.com.tw', '', '', 2860, 't2860@ms.s', '34705'),
(10554, 't1816@ms.sltung.com.tw', '', '', 1816, 't1816@ms.s', '82776'),
(10555, 't3085@ms.sltung.com.tw', '', '', 3085, 't3085@ms.s', '34496'),
(10556, 't0606@ms.sltung.com.tw', '', '', 606, 't0606@ms.s', '29542'),
(10557, 't0192@ms.sltung.com.tw', '', '', 192, 't0192@ms.s', '97531'),
(10558, 't2548@ms.sltung.com.tw', '', '', 2548, 't2548@ms.s', '61032'),
(10559, 't0357@ms.sltung.com.tw', '', '', 357, 't0357@ms.s', '50256'),
(10560, 't0347@ms.sltung.com.tw', '', '', 347, 't0347@ms.s', '22727'),
(10561, 't4047@ms.sltung.com.tw', '', '', 4047, 't4047@ms.s', '67319'),
(10562, 't5250@ms.sltung.com.tw', '', '', 5250, 't5250@ms.s', '32763'),
(10563, 't6230@ms.sltung.com.tw', '', '', 6230, 't6230@ms.s', '23873'),
(10564, 't10625@ms.sltung.com.tw', '', '', 10625, 't10625@ms.', '79592'),
(10565, 't5184@ms.sltung.com.tw', '', '', 5184, 't5184@ms.s', '80699'),
(10566, 't6052@ms.sltung.com.tw', '', '', 6052, 't6052@ms.s', '97210'),
(10567, 't6857@ms.sltung.com.tw', '', '', 6857, 't6857@ms.s', '90495'),
(10568, 't3885@ms.sltung.com.tw', '', '', 3885, 't3885@ms.s', '66416'),
(10569, 't8412@ms.sltung.com.tw', '', '', 8412, 't8412@ms.s', '91268'),
(10570, 't2239@ms.sltung.com.tw', '', '', 2239, 't2239@ms.s', '84366'),
(10571, 't4404@ms.sltung.com.tw', '', '', 4404, 't4404@ms.s', '45563'),
(10572, 't8168@ms.sltung.com.tw', '', '', 8168, 't8168@ms.s', '27437');
